Person_ID,Full_Name,Gender,Age,Phone
PER00001,Shubham Chopra,Male,41,9770094950
PER00002,Jatin Gupta,Male,30,9572190436
PER00003,Rekha Jain,Female,31,9838194223
PER00004,Rohit Kapoor,Male,44,9555094650
PER00005,Deepak Mishra,Male,41,9629561415
PER00006,Kunal Mishra,Male,28,9913194107
PER00007,Heena Mehta,Female,32,9792440149
PER00008,Gaurav Pawar,Male,34,9241951830
PER00009,Piyush Malhotra,Male,42,9466371424
PER00010,Namita Garg,Female,43,9733816999
PER00011,Abhishek Mittal,Male,43,9556659347
PER00012,Ekta Yadav,Female,62,9590345952
PER00013,Arun Mittal,Male,41,9410493790
PER00014,Sita Rao,Female,27,9321971308
PER00015,Gaurav Saxena,Male,27,9208880612
PER00016,Piyush Shukla,Male,22,9979889679
PER00017,Bhavna Reddy,Female,35,9557370368
PER00018,Amit Deshpande,Male,30,9396248071
PER00019,Zara Mittal,Female,40,9798437615
PER00020,Gaurav Pawar,Male,45,9122558781
PER00021,Lata Naidu,Female,38,9984039498
PER00022,Vinod Dwivedi,Male,30,9464375204
PER00023,Tushar Saxena,Male,38,9848277850
PER00024,Abhishek Das,Male,40,9745202424
PER00025,Neeraj Chandra,Male,44,9940734221
PER00026,Vinod Srivastava,Male,21,9373997523
PER00027,Abhishek Mittal,Male,37,9247516100
PER00028,Hitesh Menon,Male,42,9493261002
PER00029,Tushar Nair,Male,38,9881168999
PER00030,Arjun Deshmukh,Male,22,9646689071
PER00031,Zara Mittal,Female,35,9892511740
PER00032,Arun Patel,Male,54,9790121219
PER00033,Gauri Bhatt,Female,42,9558269790
PER00034,Nisha Deshmukh,Female,41,9718013926
PER00035,Ajay Naidu,Male,43,9933002226
PER00036,Padma Pawar,Female,53,9847885557
PER00037,Divya Pandey,Female,48,9627468288
PER00038,Tanvi Chandra,Female,45,9590774306
PER00039,Shubham Menon,Male,24,9997600872
PER00040,Deepa Bansal,Female,57,9648578780
PER00041,Nitin Saxena,Male,34,9718473325
PER00042,Piyush Bhatia,Male,39,9155842822
PER00043,Geeta Bansal,Female,39,9852536272
PER00044,Ankur Rastogi,Male,27,9766785444
PER00045,Tanvi Rawat,Female,21,9553860863
PER00046,Pallavi Reddy,Female,37,9472396043
PER00047,Deepak Mishra,Male,33,9837715002
PER00048,Kriti Pawar,Female,28,9574482690
PER00049,Rakesh Kulkarni,Male,43,9817405336
PER00050,Suresh Shah,Male,45,9572991076
PER00051,Rajesh Patil,Male,45,9240026769
PER00052,Prashant Naidu,Male,26,9652461573
PER00053,Amit Bansal,Male,41,9461199116
PER00054,Rahul Chauhan,Male,39,9619328217
PER00055,Vandana Rawat,Female,55,9505427123
PER00056,Mohit Dubey,Male,29,9609066763
PER00057,Arjun Verma,Male,34,9304264791
PER00058,Mukesh Bansal,Male,34,9969580435
PER00059,Padma Rao,Female,27,9549115440
PER00060,Aman Rawat,Male,21,9488490118
PER00061,Ekta Rastogi,Female,38,9837535749
PER00062,Manish Verma,Male,46,9509145062
PER00063,Tushar Nair,Male,22,9674278665
PER00064,Nitin Iyer,Male,32,9477460487
PER00065,Arun Khanna,Male,33,9131073264
PER00066,Karan Sharma,Male,27,9607417092
PER00067,Sumit Mittal,Male,51,9613207113
PER00068,Pankaj Goyal,Male,37,9814388813
PER00069,Swati Das,Female,53,9559032887
PER00070,Deepa Rastogi,Female,27,9742973641
PER00071,Aman Joshi,Male,26,9865361525
PER00072,Arun Chandra,Male,32,9603180262
PER00073,Rajesh Rao,Male,37,9658685413
PER00074,Shruti Kapoor,Female,21,9614661654
PER00075,Tarun Garg,Male,28,9156318065
PER00076,Sumit Pillai,Male,56,9848629149
PER00077,Chitra Rawat,Female,35,9593054614
PER00078,Nisha Mishra,Female,22,9420532628
PER00079,Lata Rawat,Female,39,9856272358
PER00080,Suresh Goyal,Male,34,9420730675
PER00081,Namita Sharma,Female,38,9352902529
PER00082,Sanjay Pandey,Male,31,9406045335
PER00083,Megha Menon,Female,47,9445892853
PER00084,Ritu Shukla,Female,40,9641135335
PER00085,Sanjay Kulkarni,Male,43,9770709995
PER00086,Mansi Chauhan,Female,42,9269892699
PER00087,Anand Dwivedi,Male,34,9747148950
PER00088,Rekha Goyal,Female,42,9126906511
PER00089,Gauri Tiwari,Female,21,9940173543
PER00090,Vivek Gupta,Male,36,9364074294
PER00091,Harsh Deshmukh,Male,24,9684877315
PER00092,Pankaj Pillai,Male,23,9541213474
PER00093,Jatin Jain,Male,34,9157563860
PER00094,Harsh Joshi,Male,43,9210004150
PER00095,Abhishek Garg,Male,40,9749600177
PER00096,Aman Pawar,Male,28,9807408403
PER00097,Varun Shukla,Male,26,9920648644
PER00098,Manish Goyal,Male,29,9904928188
PER00099,Harsh Tiwari,Male,28,9532234685
PER00100,Karan Mittal,Male,29,9139722995
PER00101,Mohit Shah,Male,28,9522442186
PER00102,Namita Singh,Female,31,9488290133
PER00103,Deepak Srivastava,Male,32,9753798229
PER00104,Ramesh Pawar,Male,21,9132916781
PER00105,Durga Tiwari,Female,21,9154407485
PER00106,Rahul Mukherjee,Male,35,9837996395
PER00107,Shubham Chandra,Male,43,9523880652
PER00108,Lata Srivastava,Female,38,9838083586
PER00109,Anjali Gupta,Female,21,9453040943
PER00110,Naveen Dubey,Male,28,9634950566
PER00111,Rohan Gupta,Male,46,9683209516
PER00112,Ashish Mishra,Male,33,9682019180
PER00113,Rashmi Chandra,Female,33,9502319979
PER00114,Neeraj Deshmukh,Male,36,9415804419
PER00115,Maya Joshi,Female,47,9396479630
PER00116,Manoj Goyal,Male,33,9774767261
PER00117,Vivek Mehta,Male,27,9949063596
PER00118,Anita Yadav,Female,42,9563057972
PER00119,Shruti Jain,Female,28,9656446049
PER00120,Swati Deshmukh,Female,39,9817058070
PER00121,Padma Kapoor,Female,31,9572663140
PER00122,Aarti Garg,Female,41,9254355436
PER00123,Nitin Rao,Male,25,9528924718
PER00124,Deepak Iyer,Male,36,9516873070
PER00125,Anand Bansal,Male,32,9941096683
PER00126,Abhishek Nair,Male,33,9322980517
PER00127,Vishal Iyer,Male,30,9501841170
PER00128,Radha Menon,Female,39,9131397110
PER00129,Hitesh Yadav,Male,50,9349448617
PER00130,Zara Gupta,Female,49,9823386018
PER00131,Gaurav Bhatia,Male,28,9104300915
PER00132,Deepa Naidu,Female,42,9943774278
PER00133,Arun Khanna,Male,26,9974362470
PER00134,Isha Shah,Female,53,9638401976
PER00135,Suresh Patil,Male,45,9138677396
PER00136,Anjali Kapoor,Female,45,9366600622
PER00137,Yogesh Saxena,Male,39,9871358708
PER00138,Sanjay Joshi,Male,39,9532418417
PER00139,Shubham Dubey,Male,22,9213039697
PER00140,Shubham Singh,Male,40,9970300538
PER00141,Namita Pillai,Female,37,9962719921
PER00142,Pallavi Mishra,Female,40,9459088422
PER00143,Sunil Chauhan,Male,39,9250743551
PER00144,Rajesh Pawar,Male,40,9665606854
PER00145,Shruti Pandey,Female,21,9806591133
PER00146,Gaurav Menon,Male,40,9621818745
PER00147,Durga Saxena,Female,22,9868706754
PER00148,Anjali Chopra,Female,36,9682482460
PER00149,Neeraj Mukherjee,Male,28,9520597070
PER00150,Amit Mehta,Male,32,9926978524
PER00151,Dinesh Patil,Male,42,9177344057
PER00152,Gaurav Tiwari,Male,24,9942484225
PER00153,Akash Naidu,Male,40,9426064095
PER00154,Manish Khanna,Male,41,9608297419
PER00155,Kavita Shukla,Female,21,9735308087
PER00156,Piyush Dwivedi,Male,27,9757532555
PER00157,Anand Menon,Male,21,9703844946
PER00158,Rohit Bansal,Male,54,9862492470
PER00159,Rohit Agarwal,Male,36,9970333075
PER00160,Manish Malhotra,Male,26,9918963373
PER00161,Sunil Thakur,Male,22,9337178929
PER00162,Arjun Singh,Male,30,9592456318
PER00163,Tara Kapoor,Female,35,9440653048
PER00164,Shruti Pawar,Female,40,9476450884
PER00165,Tara Pillai,Female,40,9101141452
PER00166,Mukesh Agarwal,Male,28,9780471226
PER00167,Tushar Pandey,Male,21,9542304312
PER00168,Rohit Das,Male,26,9638959530
PER00169,Kiran Srivastava,Female,24,9521375937
PER00170,Aditi Singh,Female,30,9952512677
PER00171,Ajay Jain,Male,35,9121588887
PER00172,Geeta Singh,Female,33,9374354262
PER00173,Anand Kulkarni,Male,46,9701811833
PER00174,Lalit Bose,Male,50,9239343547
PER00175,Ankur Pillai,Male,39,9726567778
PER00176,Aman Patel,Male,43,9869654468
PER00177,Anand Menon,Male,26,9471508161
PER00178,Kavita Mittal,Female,33,9243013743
PER00179,Abhishek Shukla,Male,45,9800161761
PER00180,Aarti Naidu,Female,51,9334515334
PER00181,Vishal Malhotra,Male,42,9148544005
PER00182,Sachin Shah,Male,21,9462500290
PER00183,Pankaj Pandey,Male,28,9326994209
PER00184,Ravi Singh,Male,27,9553512241
PER00185,Bhavna Bansal,Female,21,9862298497
PER00186,Ankur Dwivedi,Male,51,9883970959
PER00187,Harsh Shukla,Male,50,9178967903
PER00188,Isha Chandra,Female,41,9492210593
PER00189,Rohan Dwivedi,Male,39,9672999041
PER00190,Sonal Bose,Female,21,9296812994
PER00191,Sunita Kulkarni,Female,40,9678000671
PER00192,Sapna Nair,Female,45,9706957075
PER00193,Hitesh Mehta,Male,46,9347088603
PER00194,Rohit Tiwari,Male,58,9296129833
PER00195,Sumit Joshi,Male,21,9893408949
PER00196,Deepak Chauhan,Male,32,9875319881
PER00197,Gauri Agarwal,Female,30,9510087164
PER00198,Tushar Singh,Male,51,9591344292
PER00199,Vishal Joshi,Male,38,9866613756
PER00200,Kriti Pillai,Female,26,9740554953
PER00201,Shweta Malhotra,Female,33,9809206239
PER00202,Nitin Das,Male,49,9153004410
PER00203,Anjali Agarwal,Female,26,9124467331
PER00204,Sachin Mehta,Male,28,9649899759
PER00205,Tanvi Kulkarni,Female,48,9179721839
PER00206,Yamini Das,Female,53,9714812253
PER00207,Mukesh Shah,Male,30,9741378536
PER00208,Harsh Patil,Male,21,9647909716
PER00209,Mohit Malhotra,Male,29,9516376545
PER00210,Yogesh Mishra,Male,35,9352553836
PER00211,Rekha Tiwari,Female,41,9923154776
PER00212,Arun Gupta,Male,28,9723709045
PER00213,Sanjay Bhatia,Male,39,9387516379
PER00214,Ritu Naidu,Female,38,9980643968
PER00215,Gauri Shah,Female,53,9834495166
PER00216,Vivek Rawat,Male,48,9188235105
PER00217,Kriti Rawat,Female,25,9839560020
PER00218,Abhishek Khanna,Male,31,9552712257
PER00219,Aarti Goyal,Female,21,9820758198
PER00220,Kriti Goyal,Female,37,9403759505
PER00221,Rahul Dwivedi,Male,28,9916349050
PER00222,Tanvi Garg,Female,40,9706445372
PER00223,Sunita Chandra,Female,56,9464166144
PER00224,Prashant Chopra,Male,44,9956182360
PER00225,Shubham Dubey,Male,45,9447693641
PER00226,Ankur Saxena,Male,33,9396161552
PER00227,Mohit Reddy,Male,33,9458292679
PER00228,Nisha Mehta,Female,47,9801414166
PER00229,Maya Joshi,Female,56,9989030739
PER00230,Ankur Yadav,Male,38,9633037074
PER00231,Chitra Iyer,Female,38,9590644777
PER00232,Tushar Joshi,Male,28,9907023847
PER00233,Anita Khanna,Female,27,9886469860
PER00234,Maya Srivastava,Female,26,9857625247
PER00235,Pooja Mukherjee,Female,31,9247881368
PER00236,Naveen Srivastava,Male,35,9123043592
PER00237,Maya Rastogi,Female,21,9766357974
PER00238,Sunil Pillai,Male,49,9607830032
PER00239,Bhavna Deshmukh,Female,30,9607880350
PER00240,Tara Bhatia,Female,35,9229055539
PER00241,Shweta Bhatia,Female,38,9416305426
PER00242,Pallavi Verma,Female,23,9905906706
PER00243,Arjun Bhatia,Male,44,9626219184
PER00244,Tushar Pandey,Male,31,9557035062
PER00245,Tushar Iyer,Male,30,9952638313
PER00246,Ekta Rao,Female,44,9818941540
PER00247,Ritu Dwivedi,Female,36,9139236300
PER00248,Anita Verma,Female,47,9169773785
PER00249,Lalit Mittal,Male,25,9145993847
PER00250,Rakesh Kapoor,Male,22,9332460182
PER00251,Naveen Chauhan,Male,28,9416738321
PER00252,Ramesh Kumar,Male,36,9464959630
PER00253,Ramesh Kulkarni,Male,33,9192966977
PER00254,Priya Mittal,Female,21,9176778368
PER00255,Hitesh Yadav,Male,38,9104467801
PER00256,Karan Thakur,Male,59,9666420977
PER00257,Kunal Dubey,Male,40,9214282073
PER00258,Mohit Gupta,Male,21,9215507764
PER00259,Nisha Goyal,Female,51,9502372362
PER00260,Tarun Singh,Male,48,9260097813
PER00261,Manoj Jain,Male,45,9897368160
PER00262,Jyoti Agarwal,Female,49,9683023989
PER00263,Sonal Yadav,Female,31,9717271851
PER00264,Megha Garg,Female,28,9963907857
PER00265,Uma Deshpande,Female,52,9470378650
PER00266,Shruti Kumar,Female,34,9269377912
PER00267,Vikram Tiwari,Male,37,9675632532
PER00268,Rashmi Bose,Female,36,9818684819
PER00269,Durga Agarwal,Female,28,9189688279
PER00270,Sachin Mittal,Male,25,9790889727
PER00271,Manish Bhatt,Male,36,9521779218
PER00272,Gaurav Bansal,Male,32,9140888723
PER00273,Ashish Khanna,Male,31,9969295897
PER00274,Jyoti Chopra,Female,32,9372633195
PER00275,Vinod Bose,Male,37,9690139158
PER00276,Tarun Iyer,Male,29,9949073388
PER00277,Sapna Sharma,Female,36,9105446342
PER00278,Sunil Bhatt,Male,28,9186735175
PER00279,Rajesh Gupta,Male,21,9500054163
PER00280,Manoj Patil,Male,23,9905423276
PER00281,Neeraj Patel,Male,54,9937272811
PER00282,Sumit Kulkarni,Male,32,9668496165
PER00283,Ajay Reddy,Male,58,9326386840
PER00284,Shruti Mittal,Female,21,9723790924
PER00285,Tushar Rawat,Male,34,9129696625
PER00286,Vinod Chauhan,Male,48,9478568061
PER00287,Pallavi Chopra,Female,31,9955372360
PER00288,Vishal Chauhan,Male,26,9165250123
PER00289,Geeta Mishra,Female,43,9977989177
PER00290,Aditi Joshi,Female,30,9506651769
PER00291,Isha Pawar,Female,42,9417382537
PER00292,Piyush Menon,Male,25,9848922150
PER00293,Ankur Kapoor,Male,42,9964041053
PER00294,Richa Verma,Female,44,9902760719
PER00295,Mohit Garg,Male,49,9353990014
PER00296,Anita Khanna,Female,49,9491483382
PER00297,Kunal Mehta,Male,32,9321887639
PER00298,Lalit Khanna,Male,26,9620854652
PER00299,Sonal Chandra,Female,33,9698610233
PER00300,Namita Reddy,Female,50,9289556482
PER00301,Manish Pandey,Male,30,9884431499
PER00302,Neeraj Pillai,Male,27,9328544349
PER00303,Tarun Mukherjee,Male,34,9910321919
PER00304,Dinesh Singh,Male,26,9694995964
PER00305,Padma Yadav,Female,50,9778150584
PER00306,Ashish Reddy,Male,21,9335127913
PER00307,Ekta Das,Female,41,9425937468
PER00308,Tushar Kapoor,Male,30,9459506836
PER00309,Meena Patil,Female,31,9414366891
PER00310,Mansi Verma,Female,26,9160024396
PER00311,Nitin Deshmukh,Male,33,9880530506
PER00312,Manoj Singh,Male,48,9693306367
PER00313,Shruti Chopra,Female,32,9921634838
PER00314,Isha Dwivedi,Female,21,9916154706
PER00315,Gaurav Bose,Male,28,9386875328
PER00316,Jatin Patil,Male,55,9245907979
PER00317,Tanvi Deshmukh,Female,45,9662703511
PER00318,Ravi Chopra,Male,36,9304778689
PER00319,Anjali Deshpande,Female,21,9909177386
PER00320,Aarti Pawar,Female,52,9420003645
PER00321,Ritu Mehta,Female,60,9204157881
PER00322,Ankur Rawat,Male,30,9229209916
PER00323,Ramesh Deshpande,Male,30,9611177271
PER00324,Ritu Pillai,Female,35,9572522499
PER00325,Richa Sharma,Female,40,9457382890
PER00326,Neeraj Dwivedi,Male,31,9550950574
PER00327,Sumit Iyer,Male,33,9304314680
PER00328,Mohit Srivastava,Male,38,9971304764
PER00329,Nitin Malhotra,Male,42,9313807750
PER00330,Prashant Kapoor,Male,35,9756208883
PER00331,Divya Jain,Female,29,9743660671
PER00332,Kavita Menon,Female,41,9763656309
PER00333,Jatin Bansal,Male,21,9599307327
PER00334,Sonal Sharma,Female,21,9887719999
PER00335,Zara Shah,Female,37,9115505393
PER00336,Sachin Garg,Male,30,9673526348
PER00337,Sunil Kumar,Male,21,9637252768
PER00338,Rahul Pillai,Male,28,9124950408
PER00339,Deepa Kulkarni,Female,50,9300509765
PER00340,Ravi Dubey,Male,29,9222711149
PER00341,Isha Kapoor,Female,42,9852177144
PER00342,Yogesh Saxena,Male,38,9761575200
PER00343,Akash Deshpande,Male,29,9202581813
PER00344,Neeraj Kulkarni,Male,42,9197627488
PER00345,Pankaj Sharma,Male,33,9888894902
PER00346,Aditi Chandra,Female,37,9936470209
PER00347,Aarti Shukla,Female,39,9665721532
PER00348,Deepak Kulkarni,Male,29,9742520726
PER00349,Rohan Kumar,Male,42,9129859883
PER00350,Radha Verma,Female,43,9452885042
PER00351,Ramesh Tiwari,Male,56,9691922267
PER00352,Geeta Mehta,Female,28,9355805276
PER00353,Zara Bansal,Female,31,9588603882
PER00354,Nisha Malhotra,Female,35,9734891957
PER00355,Sneha Rawat,Female,31,9356535071
PER00356,Vinod Thakur,Male,23,9329764561
PER00357,Ravi Thakur,Male,50,9482923721
PER00358,Isha Iyer,Female,34,9925311993
PER00359,Dinesh Deshmukh,Male,28,9191861598
PER00360,Pankaj Shukla,Male,40,9754916926
PER00361,Heena Patil,Female,21,9230881330
PER00362,Ekta Mishra,Female,52,9630882244
PER00363,Sumit Chandra,Male,26,9906344272
PER00364,Rohan Shukla,Male,30,9107782634
PER00365,Naveen Joshi,Male,42,9979239696
PER00366,Anand Chauhan,Male,37,9418905084
PER00367,Tarun Garg,Male,32,9433525511
PER00368,Shruti Pillai,Female,39,9420019980
PER00369,Dinesh Bhatt,Male,39,9423447122
PER00370,Ajay Patel,Male,38,9521022610
PER00371,Tushar Bhatt,Male,43,9693277085
PER00372,Mukesh Joshi,Male,41,9171748460
PER00373,Ankur Naidu,Male,44,9513550972
PER00374,Rajesh Mehta,Male,39,9351825311
PER00375,Vivek Bhatt,Male,31,9534172212
PER00376,Rohan Chopra,Male,34,9687274084
PER00377,Isha Sharma,Female,22,9383918312
PER00378,Lata Chopra,Female,35,9260412072
PER00379,Anand Shah,Male,35,9557937129
PER00380,Sonal Rao,Female,29,9185786137
PER00381,Vikram Saxena,Male,39,9535453783
PER00382,Ekta Bansal,Female,41,9243714534
PER00383,Manoj Pawar,Male,41,9955335009
PER00384,Pankaj Patel,Male,34,9373198546
PER00385,Yamini Mittal,Female,51,9697513065
PER00386,Neeraj Saxena,Male,27,9571193089
PER00387,Yogesh Shah,Male,25,9563380531
PER00388,Neeraj Bhatia,Male,38,9643507968
PER00389,Sunil Malhotra,Male,30,9972181548
PER00390,Lata Mehta,Female,46,9461742708
PER00391,Harsh Rawat,Male,41,9675417676
PER00392,Prashant Shah,Male,21,9246783008
PER00393,Mohit Bansal,Male,49,9574523563
PER00394,Sunil Rao,Male,21,9587809506
PER00395,Sneha Deshpande,Female,31,9490339561
PER00396,Pooja Pandey,Female,33,9636623003
PER00397,Pankaj Garg,Male,40,9523643485
PER00398,Harsh Pandey,Male,48,9243973443
PER00399,Anita Iyer,Female,30,9384723463
PER00400,Uma Pandey,Female,35,9448092002
PER00401,Aarti Singh,Female,36,9779001438
PER00402,Jatin Saxena,Male,24,9718019770
PER00403,Ankur Deshmukh,Male,51,9751948836
PER00404,Anita Patil,Female,31,9838493367
PER00405,Arjun Saxena,Male,21,9335651593
PER00406,Bhavna Deshmukh,Female,43,9332595067
PER00407,Rohit Patil,Male,26,9229425028
PER00408,Vishal Verma,Male,27,9535320426
PER00409,Anjali Dwivedi,Female,22,9419251573
PER00410,Pankaj Deshpande,Male,48,9277608607
PER00411,Aditi Joshi,Female,36,9504759224
PER00412,Ravi Pawar,Male,31,9955040413
PER00413,Yamini Thakur,Female,39,9911191270
PER00414,Vinod Shah,Male,26,9395052467
PER00415,Rajesh Malhotra,Male,27,9631006801
PER00416,Deepak Malhotra,Male,57,9297842707
PER00417,Rajesh Pawar,Male,35,9863180417
PER00418,Sonal Patil,Female,35,9959290477
PER00419,Ankur Mehta,Male,29,9574138027
PER00420,Priya Chopra,Female,39,9753506673
PER00421,Rakesh Chandra,Male,27,9202804868
PER00422,Geeta Reddy,Female,34,9192887217
PER00423,Zara Shah,Female,39,9341699241
PER00424,Richa Saxena,Female,53,9692500044
PER00425,Tarun Menon,Male,21,9957642374
PER00426,Mukesh Bhatia,Male,41,9837682047
PER00427,Richa Reddy,Female,44,9693888877
PER00428,Sita Khanna,Female,41,9900438486
PER00429,Rahul Kapoor,Male,38,9852755912
PER00430,Nisha Verma,Female,21,9552712778
PER00431,Vivek Das,Male,46,9249809787
PER00432,Ravi Naidu,Male,53,9610892347
PER00433,Sneha Pillai,Female,21,9814777877
PER00434,Shruti Sharma,Female,25,9380059252
PER00435,Kriti Kapoor,Female,21,9410417511
PER00436,Ravi Bose,Male,31,9507808761
PER00437,Rohan Mehta,Male,31,9269017335
PER00438,Rohit Reddy,Male,43,9128797372
PER00439,Deepa Patil,Female,33,9853356334
PER00440,Akash Kapoor,Male,21,9395227420
PER00441,Sumit Dwivedi,Male,35,9649036863
PER00442,Piyush Goyal,Male,48,9807612626
PER00443,Sunil Dwivedi,Male,21,9782144001
PER00444,Varun Goyal,Male,21,9972014517
PER00445,Shweta Mukherjee,Female,53,9145209051
PER00446,Radha Deshmukh,Female,34,9515679949
PER00447,Ashish Chandra,Male,48,9916592246
PER00448,Pooja Yadav,Female,32,9229778469
PER00449,Sanjay Chauhan,Male,39,9181129921
PER00450,Akash Chopra,Male,36,9914479302
PER00451,Sanjay Patil,Male,34,9870004522
PER00452,Arjun Rawat,Male,55,9560546993
PER00453,Pankaj Bhatia,Male,32,9593737350
PER00454,Sunita Malhotra,Female,39,9413908549
PER00455,Sneha Chandra,Female,34,9631468915
PER00456,Yamini Chopra,Female,43,9984189878
PER00457,Sumit Shah,Male,28,9804665945
PER00458,Kriti Saxena,Female,33,9991907814
PER00459,Rajesh Das,Male,55,9294831943
PER00460,Rohan Das,Male,31,9885839641
PER00461,Tara Das,Female,21,9616771228
PER00462,Durga Joshi,Female,27,9312375133
PER00463,Neeraj Mishra,Male,21,9155330358
PER00464,Shruti Dwivedi,Female,43,9972355470
PER00465,Shweta Pandey,Female,26,9299722741
PER00466,Megha Jain,Female,34,9463014833
PER00467,Sanjay Rastogi,Male,39,9769808404
PER00468,Neeraj Das,Male,62,9502385252
PER00469,Tushar Shah,Male,29,9203810869
PER00470,Namita Dwivedi,Female,44,9821138730
PER00471,Prashant Dwivedi,Male,43,9526037270
PER00472,Sumit Kapoor,Male,39,9546730095
PER00473,Mansi Singh,Female,32,9811886592
PER00474,Tarun Singh,Male,26,9147908590
PER00475,Prashant Dubey,Male,21,9938268580
PER00476,Gaurav Bhatt,Male,45,9231449625
PER00477,Priya Khanna,Female,35,9544738936
PER00478,Rajesh Nair,Male,30,9457381909
PER00479,Suresh Thakur,Male,38,9126762085
PER00480,Priya Bansal,Female,35,9609504121
PER00481,Sonal Naidu,Female,36,9726032607
PER00482,Prashant Naidu,Male,21,9494690717
PER00483,Ashish Rao,Male,37,9252964331
PER00484,Varun Pillai,Male,25,9336271712
PER00485,Rohit Saxena,Male,32,9567083099
PER00486,Meena Deshmukh,Female,36,9704497702
PER00487,Anjali Yadav,Female,26,9988282758
PER00488,Lalit Tiwari,Male,34,9467774731
PER00489,Pallavi Srivastava,Female,37,9243464804
PER00490,Geeta Rastogi,Female,50,9552010514
PER00491,Tushar Patel,Male,42,9394957538
PER00492,Jatin Mehta,Male,22,9382219159
PER00493,Richa Deshpande,Female,47,9109428143
PER00494,Lata Tiwari,Female,37,9243442005
PER00495,Sachin Iyer,Male,44,9288856756
PER00496,Rajesh Mishra,Male,30,9834486043
PER00497,Sneha Bhatt,Female,25,9582382315
PER00498,Harsh Mittal,Male,42,9166779654
PER00499,Sumit Agarwal,Male,34,9325278550
PER00500,Isha Kapoor,Female,40,9156827934
PER00501,Ramesh Mittal,Male,43,9845990019
PER00502,Vandana Agarwal,Female,39,9485600477
PER00503,Hitesh Chauhan,Male,36,9116668096
PER00504,Sonal Chauhan,Female,33,9910156626
PER00505,Manish Reddy,Male,32,9412512023
PER00506,Isha Chauhan,Female,37,9293309682
PER00507,Rashmi Srivastava,Female,40,9612561886
PER00508,Nitin Malhotra,Male,31,9443414899
PER00509,Gaurav Chopra,Male,21,9404947316
PER00510,Heena Deshmukh,Female,47,9672812461
PER00511,Vinod Shukla,Male,47,9139563471
PER00512,Lata Das,Female,33,9147503983
PER00513,Shubham Deshpande,Male,21,9568029595
PER00514,Divya Bhatia,Female,54,9748931113
PER00515,Aarti Jain,Female,31,9243422722
PER00516,Mohit Rastogi,Male,40,9276878231
PER00517,Varun Bhatia,Male,21,9823138959
PER00518,Aditi Reddy,Female,35,9963916495
PER00519,Tushar Yadav,Male,45,9963770320
PER00520,Jatin Tiwari,Male,40,9195144267
PER00521,Ashish Dwivedi,Male,29,9546134533
PER00522,Richa Shukla,Female,24,9410669210
PER00523,Pallavi Menon,Female,37,9135861828
PER00524,Shubham Saxena,Male,39,9968865954
PER00525,Karan Jain,Male,27,9839298415
PER00526,Sneha Sharma,Female,32,9502233389
PER00527,Meena Jain,Female,37,9593936255
PER00528,Manoj Pandey,Male,38,9995287456
PER00529,Vikram Singh,Male,25,9725859075
PER00530,Prashant Pillai,Male,30,9960887550
PER00531,Rohan Bhatia,Male,41,9432798967
PER00532,Aman Goyal,Male,30,9477755273
PER00533,Priya Chopra,Female,42,9464942681
PER00534,Rohit Chauhan,Male,46,9354557890
PER00535,Hitesh Menon,Male,33,9203649485
PER00536,Rakesh Mishra,Male,44,9913278807
PER00537,Deepa Kumar,Female,36,9313847513
PER00538,Mukesh Nair,Male,57,9461622118
PER00539,Sonal Yadav,Female,27,9998012564
PER00540,Anjali Shah,Female,28,9589760268
PER00541,Jyoti Pawar,Female,21,9413943106
PER00542,Ritu Reddy,Female,30,9883741614
PER00543,Uma Bose,Female,50,9268150307
PER00544,Rakesh Sharma,Male,23,9635801108
PER00545,Radha Patel,Female,49,9535815063
PER00546,Ashish Saxena,Male,23,9267530926
PER00547,Suresh Bhatt,Male,52,9764139517
PER00548,Lata Goyal,Female,30,9786041720
PER00549,Namita Agarwal,Female,37,9242926553
PER00550,Rahul Srivastava,Male,38,9276385088
PER00551,Pankaj Deshmukh,Male,28,9747459659
PER00552,Sneha Shukla,Female,22,9403053093
PER00553,Jatin Deshpande,Male,35,9317010783
PER00554,Anand Agarwal,Male,43,9479300238
PER00555,Ankur Dubey,Male,21,9301841530
PER00556,Karan Naidu,Male,47,9122467918
PER00557,Chitra Patel,Female,44,9128954973
PER00558,Isha Bhatt,Female,28,9792181078
PER00559,Vikram Dubey,Male,23,9695708073
PER00560,Gaurav Kapoor,Male,56,9725004128
PER00561,Yogesh Tiwari,Male,23,9250751223
PER00562,Shruti Shukla,Female,31,9133693676
PER00563,Dinesh Singh,Male,46,9290473925
PER00564,Chitra Chauhan,Female,27,9493113202
PER00565,Megha Saxena,Female,21,9119427463
PER00566,Radha Deshpande,Female,34,9302975975
PER00567,Neeraj Shah,Male,26,9496945628
PER00568,Suresh Rao,Male,37,9856725634
PER00569,Durga Mittal,Female,32,9333689718
PER00570,Vishal Deshmukh,Male,34,9921841424
PER00571,Sunil Patel,Male,32,9848856368
PER00572,Gaurav Naidu,Male,27,9326880100
PER00573,Deepa Naidu,Female,21,9772686146
PER00574,Yamini Agarwal,Female,36,9675826740
PER00575,Tanvi Dwivedi,Female,40,9192006951
PER00576,Anand Pandey,Male,32,9575405005
PER00577,Sneha Shukla,Female,47,9255948351
PER00578,Neeraj Dwivedi,Male,41,9664679853
PER00579,Sumit Pillai,Male,33,9399442582
PER00580,Suresh Gupta,Male,39,9837579730
PER00581,Arjun Patil,Male,39,9878453383
PER00582,Yamini Khanna,Female,43,9933842995
PER00583,Namita Tiwari,Female,42,9476267909
PER00584,Zara Pandey,Female,29,9829454796
PER00585,Ajay Pandey,Male,31,9417459527
PER00586,Vinod Dwivedi,Male,33,9808147251
PER00587,Rekha Bose,Female,44,9606650535
PER00588,Rohit Mishra,Male,22,9407263612
PER00589,Swati Patel,Female,21,9955112488
PER00590,Zara Kapoor,Female,45,9848340346
PER00591,Mukesh Saxena,Male,28,9935946802
PER00592,Rahul Chauhan,Male,21,9935909025
PER00593,Lalit Bhatia,Male,43,9385145967
PER00594,Vikram Mehta,Male,39,9271576338
PER00595,Dinesh Naidu,Male,22,9393245507
PER00596,Pankaj Mishra,Male,24,9296932902
PER00597,Swati Mehta,Female,53,9713363947
PER00598,Rakesh Patel,Male,47,9777653102
PER00599,Vikram Kulkarni,Male,23,9936109895
PER00600,Anjali Patil,Female,32,9226423102
PER00601,Lata Rao,Female,39,9934650202
PER00602,Aditi Patel,Female,26,9631801905
PER00603,Radha Khanna,Female,32,9579032036
PER00604,Kunal Nair,Male,47,9497040459
PER00605,Jatin Gupta,Male,37,9838756925
PER00606,Rashmi Malhotra,Female,45,9957660617
PER00607,Dinesh Reddy,Male,41,9300733655
PER00608,Radha Patel,Female,25,9357015550
PER00609,Rohan Verma,Male,46,9312698590
PER00610,Durga Pandey,Female,21,9576183582
PER00611,Hitesh Deshpande,Male,27,9947051987
PER00612,Ramesh Pillai,Male,40,9198951035
PER00613,Yamini Dwivedi,Female,33,9220695810
PER00614,Neeraj Joshi,Male,28,9793728376
PER00615,Sneha Rawat,Female,41,9449166951
PER00616,Manoj Reddy,Male,34,9112715228
PER00617,Yamini Jain,Female,36,9843568111
PER00618,Sachin Shukla,Male,53,9401492134
PER00619,Durga Chandra,Female,31,9752492244
PER00620,Aarti Goyal,Female,43,9746628722
PER00621,Mansi Joshi,Female,36,9913242290
PER00622,Shruti Mittal,Female,56,9448254868
PER00623,Jyoti Naidu,Female,21,9187232789
PER00624,Pooja Naidu,Female,35,9987342683
PER00625,Rohit Bose,Male,46,9235440193
PER00626,Pooja Chauhan,Female,35,9223700944
PER00627,Ritu Saxena,Female,34,9453842446
PER00628,Ramesh Bhatt,Male,23,9993455497
PER00629,Anita Bhatia,Female,23,9996545642
PER00630,Vandana Menon,Female,36,9652470931
PER00631,Deepa Gupta,Female,46,9979553429
PER00632,Tarun Reddy,Male,21,9948713419
PER00633,Shruti Joshi,Female,45,9126797453
PER00634,Rohan Goyal,Male,37,9551246414
PER00635,Sapna Mehta,Female,46,9588809693
PER00636,Karan Saxena,Male,44,9424891445
PER00637,Jyoti Das,Female,29,9510009068
PER00638,Mohit Das,Male,32,9334422207
PER00639,Heena Pillai,Female,26,9523904252
PER00640,Sonal Dwivedi,Female,38,9640887196
PER00641,Piyush Patil,Male,51,9753781175
PER00642,Sanjay Sharma,Male,31,9681035325
PER00643,Meena Dubey,Female,43,9146418028
PER00644,Richa Bose,Female,26,9715684222
PER00645,Namita Bansal,Female,40,9420137047
PER00646,Tara Khanna,Female,21,9928892331
PER00647,Vandana Kumar,Female,27,9671088966
PER00648,Rashmi Pawar,Female,47,9781429565
PER00649,Chitra Rawat,Female,23,9363893638
PER00650,Sonal Bose,Female,37,9560725101
PER00651,Nisha Singh,Female,35,9571138383
PER00652,Aman Verma,Male,35,9206729248
PER00653,Zara Goyal,Female,48,9863220734
PER00654,Vikram Deshmukh,Male,28,9388609327
PER00655,Shruti Garg,Female,29,9440252419
PER00656,Vishal Srivastava,Male,40,9609725510
PER00657,Ritu Shah,Female,26,9275011808
PER00658,Mukesh Reddy,Male,24,9884711631
PER00659,Lata Mehta,Female,29,9889507139
PER00660,Ramesh Shukla,Male,44,9453635517
PER00661,Priya Gupta,Female,28,9443525735
PER00662,Abhishek Kulkarni,Male,38,9196141038
PER00663,Meena Pawar,Female,45,9808016618
PER00664,Suresh Patil,Male,33,9400234094
PER00665,Tanvi Gupta,Female,41,9212422172
PER00666,Arun Nair,Male,42,9758594626
PER00667,Meena Bansal,Female,32,9171552694
PER00668,Pallavi Kumar,Female,28,9515062184
PER00669,Abhishek Kapoor,Male,27,9146610556
PER00670,Tushar Rastogi,Male,43,9161245705
PER00671,Neeraj Malhotra,Male,21,9978824910
PER00672,Aman Chauhan,Male,30,9581675342
PER00673,Tarun Rawat,Male,50,9523190767
PER00674,Ankur Bose,Male,26,9835238807
PER00675,Abhishek Mukherjee,Male,53,9902303516
PER00676,Zara Dwivedi,Female,49,9195565264
PER00677,Ankur Deshpande,Male,42,9528951663
PER00678,Namita Agarwal,Female,35,9517259091
PER00679,Swati Bose,Female,29,9755942187
PER00680,Arun Srivastava,Male,50,9555410225
PER00681,Sanjay Gupta,Male,21,9326385880
PER00682,Namita Agarwal,Female,34,9589363778
PER00683,Megha Deshpande,Female,37,9162505045
PER00684,Mukesh Reddy,Male,21,9762095194
PER00685,Amit Patil,Male,51,9773078810
PER00686,Karan Deshpande,Male,39,9402579301
PER00687,Tara Saxena,Female,23,9864495652
PER00688,Piyush Singh,Male,31,9274448176
PER00689,Anjali Chandra,Female,30,9592309687
PER00690,Hitesh Chandra,Male,47,9189968710
PER00691,Heena Deshmukh,Female,31,9225435036
PER00692,Vikram Saxena,Male,22,9602689330
PER00693,Bhavna Bansal,Female,40,9616937217
PER00694,Rahul Yadav,Male,37,9381457262
PER00695,Sunil Saxena,Male,31,9203061803
PER00696,Sanjay Reddy,Male,35,9821034383
PER00697,Manoj Dwivedi,Male,60,9422343835
PER00698,Ramesh Mehta,Male,47,9194442349
PER00699,Naveen Srivastava,Male,38,9142428725
PER00700,Jatin Khanna,Male,27,9361099265
PER00701,Anita Bansal,Female,33,9449580670
PER00702,Zara Gupta,Female,33,9362584110
PER00703,Kavita Deshpande,Female,27,9703709659
PER00704,Suresh Shah,Male,43,9123634442
PER00705,Anand Saxena,Male,37,9667302794
PER00706,Heena Pillai,Female,28,9423902552
PER00707,Nitin Pandey,Male,21,9874186418
PER00708,Rohit Chauhan,Male,27,9716296346
PER00709,Sanjay Sharma,Male,32,9926600121
PER00710,Deepak Verma,Male,33,9912968947
PER00711,Vivek Goyal,Male,38,9757186002
PER00712,Durga Kumar,Female,23,9542094130
PER00713,Dinesh Tiwari,Male,30,9386985951
PER00714,Dinesh Pandey,Male,23,9578652326
PER00715,Sonal Kapoor,Female,21,9572332657
PER00716,Tanvi Garg,Female,26,9967329437
PER00717,Neha Mehta,Female,33,9868778174
PER00718,Ankur Verma,Male,21,9545800362
PER00719,Rohit Deshmukh,Male,34,9726783902
PER00720,Kunal Menon,Male,41,9511885824
PER00721,Neha Chopra,Female,31,9109277375
PER00722,Sita Bose,Female,34,9668034825
PER00723,Rakesh Malhotra,Male,25,9323548177
PER00724,Aarti Sharma,Female,40,9294093126
PER00725,Sonal Saxena,Female,45,9716739662
PER00726,Aarti Gupta,Female,30,9764909208
PER00727,Anjali Iyer,Female,46,9709893160
PER00728,Mansi Srivastava,Female,40,9509461236
PER00729,Suresh Menon,Male,29,9611303417
PER00730,Sunita Bhatia,Female,33,9174197308
PER00731,Mohit Rastogi,Male,29,9738839912
PER00732,Bhavna Rawat,Female,24,9376697092
PER00733,Geeta Mukherjee,Female,43,9182735724
PER00734,Arun Jain,Male,39,9799018332
PER00735,Sanjay Deshpande,Male,40,9937612741
PER00736,Hitesh Bose,Male,27,9663435720
PER00737,Arun Das,Male,35,9686969816
PER00738,Anand Malhotra,Male,39,9368246246
PER00739,Richa Yadav,Female,23,9403602679
PER00740,Isha Bansal,Female,21,9450006630
PER00741,Piyush Chopra,Male,45,9913602655
PER00742,Bhavna Saxena,Female,47,9292378836
PER00743,Lalit Dwivedi,Male,34,9515081741
PER00744,Sonal Tiwari,Female,30,9611890414
PER00745,Mohit Srivastava,Male,34,9455293013
PER00746,Suresh Bansal,Male,52,9805183925
PER00747,Prashant Shukla,Male,35,9251161404
PER00748,Uma Naidu,Female,42,9595663584
PER00749,Radha Patil,Female,42,9429900851
PER00750,Sneha Dubey,Female,29,9362765597
PER00751,Ajay Deshmukh,Male,40,9875520845
PER00752,Arun Mehta,Male,45,9642089266
PER00753,Sumit Rastogi,Male,21,9990178374
PER00754,Ajay Joshi,Male,26,9108620209
PER00755,Meena Shah,Female,27,9956937789
PER00756,Sanjay Tiwari,Male,40,9357189471
PER00757,Rakesh Kulkarni,Male,23,9619900524
PER00758,Hitesh Mittal,Male,50,9175570453
PER00759,Sita Jain,Female,26,9160101246
PER00760,Shubham Pawar,Male,38,9229466595
PER00761,Suresh Yadav,Male,28,9707132848
PER00762,Ramesh Saxena,Male,21,9250449340
PER00763,Pallavi Bhatia,Female,35,9730809896
PER00764,Mukesh Kulkarni,Male,35,9570627068
PER00765,Vinod Garg,Male,48,9480689720
PER00766,Bhavna Deshpande,Female,31,9269118968
PER00767,Manish Kapoor,Male,40,9978658511
PER00768,Deepak Patil,Male,52,9879966598
PER00769,Sonal Deshpande,Female,34,9421447480
PER00770,Ankur Patel,Male,49,9955115465
PER00771,Varun Shukla,Male,35,9225254584
PER00772,Vikram Goyal,Male,21,9130077625
PER00773,Vishal Bansal,Male,42,9636087782
PER00774,Sanjay Rastogi,Male,40,9263081056
PER00775,Pallavi Mishra,Female,46,9297710811
PER00776,Maya Deshmukh,Female,29,9736679933
PER00777,Sumit Garg,Male,33,9641946671
PER00778,Ajay Bhatia,Male,47,9492612609
PER00779,Manoj Thakur,Male,21,9277078599
PER00780,Karan Sharma,Male,42,9611563588
PER00781,Aman Kapoor,Male,22,9206754840
PER00782,Uma Pawar,Female,43,9338686166
PER00783,Karan Reddy,Male,33,9304215450
PER00784,Gauri Kumar,Female,22,9882286088
PER00785,Ramesh Shukla,Male,46,9995945323
PER00786,Mansi Rawat,Female,44,9407261345
PER00787,Rohan Verma,Male,26,9920227722
PER00788,Dinesh Mukherjee,Male,32,9938109779
PER00789,Nitin Bhatt,Male,28,9414434327
PER00790,Shruti Yadav,Female,40,9970469197
PER00791,Dinesh Dubey,Male,36,9691784302
PER00792,Rashmi Kumar,Female,34,9881398094
PER00793,Zara Gupta,Female,37,9382546073
PER00794,Isha Deshmukh,Female,39,9995441408
PER00795,Megha Khanna,Female,32,9926930751
PER00796,Ajay Bansal,Male,27,9780403142
PER00797,Vinod Kapoor,Male,25,9420418314
PER00798,Shruti Mittal,Female,25,9694457114
PER00799,Akash Bansal,Male,35,9212635747
PER00800,Sonal Sharma,Female,24,9543594194
PER00801,Rohan Thakur,Male,21,9623792554
PER00802,Rohan Iyer,Male,30,9763164031
PER00803,Aarti Agarwal,Female,43,9714851658
PER00804,Divya Bansal,Female,29,9730722258
PER00805,Deepak Gupta,Male,40,9571174595
PER00806,Hitesh Saxena,Male,28,9181584887
PER00807,Priya Jain,Female,29,9763642926
PER00808,Nitin Gupta,Male,32,9793136064
PER00809,Deepak Pandey,Male,22,9876844014
PER00810,Akash Kulkarni,Male,34,9417277631
PER00811,Deepak Jain,Male,24,9145779189
PER00812,Deepak Naidu,Male,37,9857746900
PER00813,Priya Kulkarni,Female,43,9253587168
PER00814,Mohit Chandra,Male,39,9406779422
PER00815,Kavita Rawat,Female,39,9115283869
PER00816,Sonal Pawar,Female,28,9100267709
PER00817,Sapna Rao,Female,21,9674109363
PER00818,Aman Kapoor,Male,29,9291151157
PER00819,Ajay Bansal,Male,26,9212808937
PER00820,Suresh Shah,Male,21,9793814390
PER00821,Rashmi Thakur,Female,44,9191872286
PER00822,Uma Rao,Female,33,9238595793
PER00823,Mukesh Shukla,Male,43,9955137832
PER00824,Varun Verma,Male,35,9656844231
PER00825,Divya Mukherjee,Female,35,9742798398
PER00826,Prashant Joshi,Male,32,9164886001
PER00827,Jyoti Pandey,Female,26,9594740773
PER00828,Sanjay Bansal,Male,47,9363422659
PER00829,Suresh Deshmukh,Male,33,9335769546
PER00830,Zara Kulkarni,Female,26,9980584669
PER00831,Sachin Iyer,Male,30,9847130643
PER00832,Sunita Nair,Female,21,9692912511
PER00833,Sanjay Singh,Male,39,9957961776
PER00834,Lata Reddy,Female,21,9861127966
PER00835,Aman Das,Male,39,9318496043
PER00836,Shruti Rawat,Female,47,9775138150
PER00837,Mohit Deshmukh,Male,54,9288709720
PER00838,Gaurav Nair,Male,30,9929457869
PER00839,Lalit Deshmukh,Male,36,9256322124
PER00840,Kriti Joshi,Female,48,9657959888
PER00841,Deepak Mishra,Male,24,9657938555
PER00842,Ramesh Chauhan,Male,45,9154663245
PER00843,Ravi Rawat,Male,65,9661912386
PER00844,Jatin Pandey,Male,31,9470830223
PER00845,Dinesh Shukla,Male,21,9753952263
PER00846,Nisha Bose,Female,36,9377036009
PER00847,Meena Gupta,Female,44,9101430098
PER00848,Pooja Mukherjee,Female,53,9879870087
PER00849,Radha Rastogi,Female,22,9609622945
PER00850,Abhishek Mehta,Male,37,9767938468
PER00851,Rajesh Tiwari,Male,30,9899877647
PER00852,Rohit Shah,Male,33,9878181103
PER00853,Meena Kapoor,Female,34,9538722253
PER00854,Ramesh Bhatia,Male,35,9226928277
PER00855,Rekha Saxena,Female,45,9271717285
PER00856,Durga Verma,Female,36,9468861304
PER00857,Lata Bansal,Female,22,9856280473
PER00858,Neha Verma,Female,39,9420510748
PER00859,Bhavna Khanna,Female,21,9209503394
PER00860,Kunal Joshi,Male,30,9440897960
PER00861,Padma Pillai,Female,31,9530464842
PER00862,Rahul Gupta,Male,39,9331002147
PER00863,Zara Mehta,Female,23,9621632650
PER00864,Suresh Malhotra,Male,44,9614676418
PER00865,Tushar Chauhan,Male,60,9757030021
PER00866,Jatin Singh,Male,44,9528264286
PER00867,Kunal Dwivedi,Male,39,9201212525
PER00868,Abhishek Pandey,Male,21,9433525823
PER00869,Lalit Verma,Male,35,9526635214
PER00870,Akash Agarwal,Male,41,9254449944
PER00871,Aman Pandey,Male,23,9642733989
PER00872,Anand Dwivedi,Male,40,9963834040
PER00873,Rekha Patil,Female,37,9679053137
PER00874,Tara Khanna,Female,36,9710130815
PER00875,Deepa Pandey,Female,56,9544526090
PER00876,Dinesh Gupta,Male,30,9623230465
PER00877,Rohan Iyer,Male,39,9873924680
PER00878,Sumit Bhatia,Male,25,9149610368
PER00879,Rohan Shukla,Male,21,9772901668
PER00880,Sunil Sharma,Male,49,9488912340
PER00881,Kiran Bhatt,Female,32,9271913663
PER00882,Shubham Pandey,Male,25,9889522815
PER00883,Uma Naidu,Female,21,9105767619
PER00884,Komal Deshpande,Female,26,9509683813
PER00885,Rohit Bhatia,Male,25,9838286863
PER00886,Amit Jain,Male,38,9991408562
PER00887,Aman Das,Male,29,9509061700
PER00888,Tanvi Naidu,Female,21,9985359925
PER00889,Rohit Shah,Male,32,9668897582
PER00890,Hitesh Chopra,Male,36,9823494407
PER00891,Ajay Rawat,Male,47,9926271670
PER00892,Dinesh Chopra,Male,28,9603215949
PER00893,Anita Iyer,Female,41,9327494408
PER00894,Gauri Patel,Female,43,9916844904
PER00895,Abhishek Singh,Male,38,9789582948
PER00896,Aman Bose,Male,36,9123181564
PER00897,Hitesh Pillai,Male,21,9109793083
PER00898,Arjun Srivastava,Male,27,9661515694
PER00899,Abhishek Rastogi,Male,37,9718878023
PER00900,Sanjay Verma,Male,56,9914706660
PER00901,Karan Thakur,Male,36,9988542595
PER00902,Maya Garg,Female,32,9145281787
PER00903,Jyoti Bansal,Female,54,9914235052
PER00904,Uma Chauhan,Female,51,9455438859
PER00905,Deepak Kapoor,Male,31,9925561707
PER00906,Sunita Iyer,Female,38,9132401636
PER00907,Rajesh Gupta,Male,27,9174647301
PER00908,Shruti Dubey,Female,24,9744101298
PER00909,Rohit Bansal,Male,21,9196645213
PER00910,Yamini Bose,Female,21,9513297483
PER00911,Kavita Thakur,Female,30,9907886311
PER00912,Mohit Kumar,Male,31,9280937255
PER00913,Kunal Pillai,Male,28,9850783816
PER00914,Dinesh Shah,Male,43,9142922938
PER00915,Vinod Joshi,Male,26,9351218557
PER00916,Deepa Verma,Female,30,9472441051
PER00917,Varun Verma,Male,21,9990432429
PER00918,Sunil Jain,Male,35,9150262370
PER00919,Tushar Das,Male,35,9915079375
PER00920,Aman Goyal,Male,42,9723473403
PER00921,Deepa Mehta,Female,38,9970861569
PER00922,Rohit Nair,Male,41,9227036633
PER00923,Uma Bhatia,Female,36,9141149000
PER00924,Kavita Khanna,Female,47,9195876008
PER00925,Karan Garg,Male,36,9538479079
PER00926,Akash Pillai,Male,33,9690939027
PER00927,Heena Das,Female,37,9447824947
PER00928,Karan Sharma,Male,39,9889190111
PER00929,Tushar Rastogi,Male,41,9733655148
PER00930,Mukesh Shukla,Male,53,9718669661
PER00931,Sneha Rastogi,Female,37,9326665108
PER00932,Radha Pillai,Female,42,9379488386
PER00933,Jyoti Dubey,Female,34,9573830663
PER00934,Vishal Deshmukh,Male,47,9307669033
PER00935,Suresh Naidu,Male,35,9693604904
PER00936,Dinesh Joshi,Male,33,9315473373
PER00937,Ekta Verma,Female,58,9538683239
PER00938,Aditi Malhotra,Female,53,9771081219
PER00939,Vishal Shukla,Male,47,9779934242
PER00940,Tushar Singh,Male,41,9100996442
PER00941,Suresh Pandey,Male,36,9399409133
PER00942,Pooja Shukla,Female,39,9345908263
PER00943,Rajesh Shukla,Male,36,9744142630
PER00944,Priya Sharma,Female,35,9992323714
PER00945,Ramesh Mittal,Male,27,9972858608
PER00946,Lata Dwivedi,Female,51,9765688883
PER00947,Gauri Deshpande,Female,21,9816700261
PER00948,Kriti Singh,Female,21,9745703167
PER00949,Nitin Pandey,Male,21,9154014350
PER00950,Lata Naidu,Female,52,9929737388
PER00951,Rajesh Chauhan,Male,40,9516239534
PER00952,Lata Naidu,Female,34,9255556115
PER00953,Priya Naidu,Female,42,9944631202
PER00954,Vikram Khanna,Male,54,9915811476
PER00955,Kavita Chopra,Female,48,9425476988
PER00956,Arjun Kapoor,Male,25,9821357812
PER00957,Durga Chauhan,Female,21,9183073256
PER00958,Anita Pillai,Female,41,9926304983
PER00959,Neha Agarwal,Female,42,9450146074
PER00960,Ramesh Gupta,Male,42,9787462977
PER00961,Tushar Verma,Male,48,9982198307
PER00962,Nisha Yadav,Female,48,9117285586
PER00963,Vishal Chopra,Male,44,9644771092
PER00964,Ekta Menon,Female,21,9181215450
PER00965,Vinod Dubey,Male,47,9136132270
PER00966,Bhavna Kulkarni,Female,50,9561044535
PER00967,Akash Tiwari,Male,29,9102418495
PER00968,Yamini Saxena,Female,38,9423362130
PER00969,Arun Khanna,Male,35,9172717004
PER00970,Mukesh Chauhan,Male,32,9664381777
PER00971,Rohit Dubey,Male,46,9372382162
PER00972,Ashish Menon,Male,44,9165625484
PER00973,Yogesh Dubey,Male,39,9967562096
PER00974,Aarti Bose,Female,22,9952885707
PER00975,Sonal Dwivedi,Female,31,9712065881
PER00976,Rekha Bansal,Female,47,9761087236
PER00977,Pankaj Pandey,Male,50,9106187941
PER00978,Ankur Mittal,Male,39,9784561277
PER00979,Ashish Tiwari,Male,49,9571702172
PER00980,Pankaj Deshpande,Male,21,9204627049
PER00981,Sumit Gupta,Male,40,9323356678
PER00982,Nitin Malhotra,Male,35,9426629538
PER00983,Sapna Das,Female,33,9946381418
PER00984,Gaurav Rastogi,Male,35,9373108565
PER00985,Pallavi Bose,Female,44,9804685441
PER00986,Ritu Bansal,Female,26,9539051212
PER00987,Vikram Pawar,Male,25,9511718330
PER00988,Dinesh Mehta,Male,22,9710564522
PER00989,Nitin Mittal,Male,42,9522296948
PER00990,Ashish Malhotra,Male,36,9561144964
PER00991,Tarun Srivastava,Male,36,9158620438
PER00992,Anita Reddy,Female,42,9687082055
PER00993,Neeraj Mehta,Male,41,9327453236
PER00994,Anand Tiwari,Male,24,9903361468
PER00995,Divya Tiwari,Female,28,9518419537
PER00996,Komal Bose,Female,27,9487143994
PER00997,Lalit Kumar,Male,33,9107481327
PER00998,Harsh Mehta,Male,42,9790393291
PER00999,Sita Bose,Female,33,9553923806
PER01000,Sonal Naidu,Female,44,9723370220
PER01001,Geeta Mittal,Female,65,9725994099
PER01002,Sapna Agarwal,Female,31,9258093803
PER01003,Geeta Kulkarni,Female,21,9758663182
PER01004,Neha Naidu,Female,47,9506057653
PER01005,Neeraj Shukla,Male,37,9930775341
PER01006,Ashish Bhatia,Male,49,9303586993
PER01007,Neeraj Shah,Male,23,9976464706
PER01008,Pankaj Tiwari,Male,34,9184431299
PER01009,Sumit Mittal,Male,35,9528927014
PER01010,Lata Pillai,Female,39,9656551188
PER01011,Pallavi Bansal,Female,40,9953380530
PER01012,Padma Rawat,Female,47,9909606689
PER01013,Dinesh Saxena,Male,26,9454356653
PER01014,Pankaj Garg,Male,21,9152772633
PER01015,Pooja Sharma,Female,27,9252535338
PER01016,Sachin Bansal,Male,52,9546742787
PER01017,Anita Mukherjee,Female,30,9750000114
PER01018,Durga Dubey,Female,33,9675578530
PER01019,Sneha Chauhan,Female,27,9160296384
PER01020,Suresh Mehta,Male,42,9246068912
PER01021,Rahul Jain,Male,50,9803956391
PER01022,Rajesh Rastogi,Male,21,9764819497
PER01023,Pankaj Rao,Male,22,9773765711
PER01024,Varun Mittal,Male,31,9390956154
PER01025,Ravi Deshpande,Male,34,9876669280
PER01026,Anand Mehta,Male,35,9421636916
PER01027,Yamini Singh,Female,26,9388209167
PER01028,Durga Jain,Female,31,9114540267
PER01029,Deepa Bansal,Female,35,9358598016
PER01030,Dinesh Jain,Male,35,9603703824
PER01031,Tara Patel,Female,34,9902252502
PER01032,Abhishek Chandra,Male,31,9395975565
PER01033,Amit Thakur,Male,30,9675279358
PER01034,Varun Bose,Male,42,9358625026
PER01035,Anjali Patil,Female,50,9381319177
PER01036,Neeraj Sharma,Male,40,9328768875
PER01037,Ramesh Pawar,Male,41,9187267761
PER01038,Rakesh Mittal,Male,34,9268128699
PER01039,Vishal Rastogi,Male,37,9782701716
PER01040,Uma Patil,Female,29,9157739003
PER01041,Aman Pandey,Male,21,9432081664
PER01042,Shweta Sharma,Female,46,9209540297
PER01043,Ravi Gupta,Male,26,9992436808
PER01044,Richa Mittal,Female,29,9350539508
PER01045,Rashmi Kapoor,Female,28,9249361060
PER01046,Deepak Verma,Male,50,9137925912
PER01047,Vikram Shah,Male,44,9218998991
PER01048,Kavita Pillai,Female,33,9737778185
PER01049,Richa Saxena,Female,48,9516290295
PER01050,Uma Rawat,Female,27,9870304632
PER01051,Piyush Bansal,Male,59,9235325722
PER01052,Mohit Das,Male,42,9414574878
PER01053,Vinod Chauhan,Male,21,9333819423
PER01054,Shruti Jain,Female,22,9725548206
PER01055,Ravi Rao,Male,21,9872458342
PER01056,Tushar Kumar,Male,45,9459396500
PER01057,Yamini Kulkarni,Female,27,9649595693
PER01058,Sneha Sharma,Female,30,9292588209
PER01059,Sanjay Deshmukh,Male,47,9339226187
PER01060,Vikram Mishra,Male,21,9245834437
PER01061,Karan Goyal,Male,23,9530772213
PER01062,Ritu Chandra,Female,33,9761923954
PER01063,Amit Chopra,Male,27,9570151941
PER01064,Aarti Mishra,Female,21,9455397695
PER01065,Piyush Rastogi,Male,40,9372782310
PER01066,Chitra Reddy,Female,44,9631518491
PER01067,Lata Patil,Female,39,9254801139
PER01068,Ravi Saxena,Male,32,9374465794
PER01069,Ashish Patil,Male,45,9668873406
PER01070,Ekta Tiwari,Female,25,9338011850
PER01071,Dinesh Rao,Male,25,9589136781
PER01072,Prashant Bansal,Male,36,9877455592
PER01073,Yamini Bose,Female,34,9389621358
PER01074,Harsh Chopra,Male,21,9958730002
PER01075,Rekha Chandra,Female,39,9180344324
PER01076,Anjali Thakur,Female,30,9381293405
PER01077,Vandana Patil,Female,21,9837866339
PER01078,Sanjay Bhatt,Male,39,9713102335
PER01079,Naveen Mishra,Male,49,9745290957
PER01080,Pankaj Bose,Male,27,9398591045
PER01081,Hitesh Srivastava,Male,34,9408818640
PER01082,Vikram Deshpande,Male,29,9779603410
PER01083,Ankur Verma,Male,34,9370293321
PER01084,Karan Shukla,Male,33,9439650253
PER01085,Lalit Rao,Male,42,9278941242
PER01086,Arun Shah,Male,27,9463970431
PER01087,Ajay Patil,Male,30,9477343489
PER01088,Priya Tiwari,Female,30,9223902203
PER01089,Yogesh Mehta,Male,30,9183171099
PER01090,Aditi Joshi,Female,29,9986627251
PER01091,Hitesh Kumar,Male,21,9647765028
PER01092,Akash Nair,Male,35,9873069148
PER01093,Priya Mukherjee,Female,31,9246950545
PER01094,Kunal Mehta,Male,31,9768853941
PER01095,Isha Dwivedi,Female,29,9441481860
PER01096,Ritu Das,Female,26,9108097829
PER01097,Tarun Khanna,Male,33,9153386376
PER01098,Karan Patel,Male,31,9225750784
PER01099,Naveen Yadav,Male,40,9860724329
PER01100,Ashish Rao,Male,39,9377654262
PER01101,Anjali Khanna,Female,31,9815020512
PER01102,Geeta Thakur,Female,27,9488657359
PER01103,Arjun Bhatia,Male,25,9188787774
PER01104,Richa Mittal,Female,35,9101870115
PER01105,Akash Mehta,Male,24,9484402318
PER01106,Sachin Thakur,Male,24,9433742576
PER01107,Ankur Mittal,Male,31,9471371538
PER01108,Ritu Saxena,Female,40,9397713621
PER01109,Neha Mukherjee,Female,32,9164657411
PER01110,Mansi Patil,Female,32,9331984846
PER01111,Tushar Iyer,Male,35,9370156018
PER01112,Pankaj Naidu,Male,21,9833852541
PER01113,Nitin Mehta,Male,46,9970123581
PER01114,Aditi Deshmukh,Female,32,9771238665
PER01115,Rahul Kumar,Male,28,9195344588
PER01116,Neeraj Pillai,Male,21,9179167222
PER01117,Tanvi Mukherjee,Female,24,9918048786
PER01118,Isha Das,Female,46,9249952848
PER01119,Suresh Shukla,Male,49,9846845472
PER01120,Rohan Kumar,Male,26,9826440437
PER01121,Tanvi Mishra,Female,54,9139832789
PER01122,Vishal Mittal,Male,26,9587647963
PER01123,Ramesh Kapoor,Male,52,9410072673
PER01124,Shubham Naidu,Male,46,9841679296
PER01125,Richa Menon,Female,38,9393650707
PER01126,Geeta Tiwari,Female,28,9238673169
PER01127,Rahul Tiwari,Male,31,9309748475
PER01128,Ajay Pawar,Male,26,9163794384
PER01129,Rahul Rao,Male,29,9686444509
PER01130,Aditi Mehta,Female,35,9708002456
PER01131,Vikram Rawat,Male,28,9130468109
PER01132,Tarun Bansal,Male,21,9566022427
PER01133,Uma Sharma,Female,39,9913168304
PER01134,Lata Saxena,Female,32,9247259633
PER01135,Vikram Kumar,Male,43,9258591414
PER01136,Nisha Joshi,Female,31,9264061643
PER01137,Ashish Jain,Male,36,9854416164
PER01138,Neeraj Pandey,Male,34,9896293490
PER01139,Pallavi Tiwari,Female,46,9650351477
PER01140,Rajesh Dwivedi,Male,38,9971896203
PER01141,Abhishek Agarwal,Male,21,9353313103
PER01142,Prashant Bhatia,Male,38,9845311094
PER01143,Kriti Tiwari,Female,21,9730748043
PER01144,Lalit Kumar,Male,55,9328871079
PER01145,Tarun Kulkarni,Male,40,9701209642
PER01146,Rajesh Bhatt,Male,44,9731673953
PER01147,Abhishek Patil,Male,27,9601454756
PER01148,Jyoti Yadav,Female,32,9942001044
PER01149,Vishal Deshpande,Male,22,9189107699
PER01150,Pallavi Chandra,Female,37,9964132259
PER01151,Vinod Dubey,Male,35,9708087279
PER01152,Deepak Deshpande,Male,65,9844902560
PER01153,Harsh Malhotra,Male,36,9694190666
PER01154,Namita Das,Female,24,9890901622
PER01155,Sachin Malhotra,Male,32,9903088949
PER01156,Manoj Dubey,Male,21,9328609450
PER01157,Neeraj Bhatia,Male,43,9355558510
PER01158,Vikram Bose,Male,21,9657369186
PER01159,Ravi Menon,Male,38,9705204259
PER01160,Manoj Bose,Male,36,9723410196
PER01161,Tarun Deshmukh,Male,33,9392258105
PER01162,Tushar Verma,Male,50,9434575313
PER01163,Deepa Mishra,Female,42,9178510981
PER01164,Vinod Kulkarni,Male,50,9612715772
PER01165,Hitesh Jain,Male,42,9638199387
PER01166,Kriti Bhatia,Female,39,9367426260
PER01167,Mohit Verma,Male,53,9809735910
PER01168,Abhishek Mukherjee,Male,28,9851471711
PER01169,Mohit Chopra,Male,29,9190614884
PER01170,Suresh Thakur,Male,33,9145919866
PER01171,Ekta Sharma,Female,46,9511666582
PER01172,Sunil Rawat,Male,39,9986428144
PER01173,Vinod Das,Male,45,9949397803
PER01174,Nitin Menon,Male,41,9367298683
PER01175,Rashmi Malhotra,Female,29,9152894204
PER01176,Pankaj Dwivedi,Male,35,9668204936
PER01177,Mansi Dubey,Female,38,9345602201
PER01178,Anand Srivastava,Male,28,9765084707
PER01179,Tanvi Gupta,Female,39,9330098953
PER01180,Pallavi Naidu,Female,51,9683812912
PER01181,Manish Bhatia,Male,37,9694431697
PER01182,Sonal Malhotra,Female,22,9262638935
PER01183,Yamini Yadav,Female,22,9173153330
PER01184,Kunal Shukla,Male,36,9182341189
PER01185,Anjali Reddy,Female,29,9330940190
PER01186,Mukesh Garg,Male,33,9637991894
PER01187,Yamini Bansal,Female,58,9975825794
PER01188,Rajesh Sharma,Male,34,9408252782
PER01189,Hitesh Verma,Male,33,9975511764
PER01190,Kriti Rawat,Female,26,9727751920
PER01191,Sapna Menon,Female,34,9902163136
PER01192,Rahul Patil,Male,21,9352854061
PER01193,Karan Mukherjee,Male,34,9140928648
PER01194,Kavita Saxena,Female,37,9822450443
PER01195,Anand Khanna,Male,38,9479725460
PER01196,Tanvi Pawar,Female,44,9782343849
PER01197,Meena Agarwal,Female,35,9276129436
PER01198,Naveen Malhotra,Male,42,9945840782
PER01199,Sonal Singh,Female,24,9496351238
PER01200,Tushar Thakur,Male,54,9738989394
PER01201,Ashish Chopra,Male,42,9116275587
PER01202,Arjun Mehta,Male,41,9678718416
PER01203,Sumit Kumar,Male,45,9191985216
PER01204,Rohan Das,Male,50,9636276486
PER01205,Tarun Rawat,Male,34,9997238448
PER01206,Suresh Singh,Male,25,9418935706
PER01207,Abhishek Tiwari,Male,39,9798674625
PER01208,Sunil Chauhan,Male,35,9547441421
PER01209,Kavita Kumar,Female,23,9510201779
PER01210,Rohan Kumar,Male,34,9179847556
PER01211,Piyush Verma,Male,30,9942789119
PER01212,Hitesh Das,Male,21,9428707260
PER01213,Pallavi Mehta,Female,21,9350188694
PER01214,Ajay Rawat,Male,36,9129266644
PER01215,Kunal Thakur,Male,39,9534317349
PER01216,Durga Kulkarni,Female,43,9349377498
PER01217,Nisha Patil,Female,36,9575019529
PER01218,Vishal Agarwal,Male,45,9519925636
PER01219,Nisha Pawar,Female,32,9233788901
PER01220,Tushar Saxena,Male,47,9117509747
PER01221,Ajay Pawar,Male,48,9395371671
PER01222,Dinesh Chandra,Male,39,9125110015
PER01223,Manish Das,Male,21,9896911453
PER01224,Anjali Agarwal,Female,21,9218611431
PER01225,Isha Mukherjee,Female,38,9862050048
PER01226,Lata Reddy,Female,39,9540254993
PER01227,Karan Kapoor,Male,37,9494844417
PER01228,Ravi Garg,Male,44,9659400441
PER01229,Mohit Goyal,Male,33,9325588094
PER01230,Aman Pandey,Male,29,9700051059
PER01231,Ankur Deshmukh,Male,26,9589221334
PER01232,Yamini Bhatia,Female,56,9655036508
PER01233,Neeraj Pillai,Male,21,9118619158
PER01234,Rahul Rao,Male,35,9901467601
PER01235,Namita Singh,Female,35,9237726009
PER01236,Arjun Patil,Male,26,9849370875
PER01237,Anita Mukherjee,Female,38,9122821911
PER01238,Lalit Reddy,Male,44,9830980265
PER01239,Sumit Joshi,Male,45,9429692770
PER01240,Piyush Mishra,Male,22,9321819050
PER01241,Sunita Gupta,Female,40,9619727054
PER01242,Ravi Joshi,Male,39,9893004245
PER01243,Tarun Iyer,Male,36,9826866415
PER01244,Aarti Dwivedi,Female,41,9719784567
PER01245,Anita Garg,Female,62,9985383323
PER01246,Vikram Malhotra,Male,47,9601211203
PER01247,Ritu Singh,Female,24,9391254085
PER01248,Richa Sharma,Female,28,9915252854
PER01249,Megha Shukla,Female,40,9349008675
PER01250,Anita Bansal,Female,24,9543271745
PER01251,Tanvi Bhatia,Female,37,9719037290
PER01252,Ankur Dubey,Male,27,9221906850
PER01253,Rakesh Garg,Male,34,9728228995
PER01254,Anita Thakur,Female,26,9334742048
PER01255,Yamini Chandra,Female,38,9653991289
PER01256,Ankur Mishra,Male,27,9735030985
PER01257,Ajay Thakur,Male,52,9290080488
PER01258,Deepak Dubey,Male,35,9270851782
PER01259,Ashish Menon,Male,26,9412721594
PER01260,Kunal Jain,Male,43,9622849872
PER01261,Maya Nair,Female,56,9231268698
PER01262,Radha Rastogi,Female,40,9855104887
PER01263,Ramesh Malhotra,Male,27,9438810603
PER01264,Sanjay Kumar,Male,48,9332484053
PER01265,Vandana Pillai,Female,21,9597943269
PER01266,Rohit Verma,Male,51,9840926922
PER01267,Pallavi Mishra,Female,36,9773675482
PER01268,Manoj Joshi,Male,29,9137451277
PER01269,Pankaj Menon,Male,31,9285029526
PER01270,Maya Thakur,Female,39,9976141986
PER01271,Geeta Joshi,Female,58,9322704412
PER01272,Sunita Das,Female,24,9720292428
PER01273,Akash Joshi,Male,21,9911472402
PER01274,Swati Bhatia,Female,32,9926587884
PER01275,Nitin Yadav,Male,37,9781822616
PER01276,Prashant Goyal,Male,52,9197826603
PER01277,Chitra Nair,Female,37,9709967027
PER01278,Vinod Shukla,Male,54,9479234632
PER01279,Sachin Dwivedi,Male,35,9890547729
PER01280,Deepak Shah,Male,35,9762517884
PER01281,Neha Deshmukh,Female,39,9868040467
PER01282,Vivek Deshmukh,Male,51,9909026039
PER01283,Ritu Shah,Female,37,9755467214
PER01284,Geeta Tiwari,Female,21,9864876386
PER01285,Vinod Pillai,Male,42,9452931686
PER01286,Lalit Mittal,Male,24,9402523123
PER01287,Sumit Srivastava,Male,25,9956604224
PER01288,Ritu Bhatt,Female,22,9116341730
PER01289,Sunita Patil,Female,25,9217209224
PER01290,Neeraj Shukla,Male,21,9689325331
PER01291,Kriti Rastogi,Female,21,9515282011
PER01292,Padma Nair,Female,50,9532518799
PER01293,Vinod Pawar,Male,29,9696583723
PER01294,Rajesh Bhatt,Male,37,9953928378
PER01295,Aarti Mukherjee,Female,25,9455098762
PER01296,Manish Pawar,Male,47,9514264119
PER01297,Sachin Pillai,Male,40,9947560453
PER01298,Kavita Mukherjee,Female,34,9844102598
PER01299,Tushar Patel,Male,40,9879929957
PER01300,Rajesh Patil,Male,30,9412197879
PER01301,Vinod Goyal,Male,30,9645922923
PER01302,Shubham Mukherjee,Male,43,9699327697
PER01303,Aarti Kapoor,Female,34,9983044283
PER01304,Suresh Bansal,Male,25,9769495664
PER01305,Uma Das,Female,22,9774291218
PER01306,Naveen Garg,Male,24,9191482301
PER01307,Meena Bhatt,Female,31,9467262349
PER01308,Pankaj Joshi,Male,27,9407218578
PER01309,Ashish Shukla,Male,45,9896613754
PER01310,Suresh Pawar,Male,35,9432862122
PER01311,Geeta Bhatt,Female,37,9669876549
PER01312,Harsh Sharma,Male,21,9514359879
PER01313,Sanjay Verma,Male,30,9826838317
PER01314,Anand Agarwal,Male,21,9421187582
PER01315,Rajesh Kumar,Male,36,9313265618
PER01316,Rashmi Saxena,Female,45,9454947023
PER01317,Sita Singh,Female,24,9458675622
PER01318,Nitin Bansal,Male,45,9622127296
PER01319,Akash Shukla,Male,22,9657268386
PER01320,Vinod Das,Male,24,9127170619
PER01321,Jatin Joshi,Male,31,9195692287
PER01322,Dinesh Bhatt,Male,34,9343274221
PER01323,Ajay Chauhan,Male,32,9557921859
PER01324,Ritu Pillai,Female,39,9133304381
PER01325,Radha Bhatia,Female,40,9961794772
PER01326,Neeraj Tiwari,Male,21,9149188549
PER01327,Aditi Naidu,Female,50,9490765885
PER01328,Sumit Khanna,Male,21,9448466480
PER01329,Hitesh Patel,Male,64,9443223365
PER01330,Tushar Malhotra,Male,33,9345212389
PER01331,Ashish Bhatia,Male,49,9504006328
PER01332,Megha Iyer,Female,42,9363905159
PER01333,Lata Dubey,Female,22,9501473492
PER01334,Vivek Bhatia,Male,47,9432576785
PER01335,Neeraj Das,Male,21,9219838698
PER01336,Rekha Nair,Female,44,9482127263
PER01337,Sanjay Goyal,Male,54,9993290922
PER01338,Aman Chopra,Male,41,9824275730
PER01339,Isha Kulkarni,Female,42,9179054443
PER01340,Priya Yadav,Female,40,9341587692
PER01341,Richa Pillai,Female,30,9506013485
PER01342,Hitesh Bose,Male,44,9756200996
PER01343,Yamini Bhatt,Female,22,9760898051
PER01344,Suresh Mittal,Male,27,9362956794
PER01345,Yamini Mittal,Female,21,9162818334
PER01346,Vinod Mittal,Male,46,9511875065
PER01347,Suresh Bhatia,Male,29,9989809966
PER01348,Kunal Chandra,Male,43,9343825465
PER01349,Megha Tiwari,Female,36,9739269934
PER01350,Neeraj Dwivedi,Male,29,9155986699
PER01351,Anand Dubey,Male,35,9555191447
PER01352,Divya Shah,Female,44,9313986203
PER01353,Mukesh Shah,Male,42,9947581235
PER01354,Sanjay Khanna,Male,48,9311600349
PER01355,Vishal Reddy,Male,22,9229294745
PER01356,Ajay Gupta,Male,40,9113745601
PER01357,Sonal Srivastava,Female,21,9620097402
PER01358,Priya Joshi,Female,21,9742526332
PER01359,Ekta Chandra,Female,43,9705719582
PER01360,Harsh Patil,Male,21,9579800579
PER01361,Manoj Chopra,Male,28,9665113686
PER01362,Lalit Agarwal,Male,21,9938345061
PER01363,Vinod Bansal,Male,33,9970613055
PER01364,Aman Rao,Male,36,9435423771
PER01365,Kavita Mukherjee,Female,25,9137594621
PER01366,Uma Pandey,Female,41,9313436402
PER01367,Rohan Dubey,Male,37,9326815503
PER01368,Rahul Sharma,Male,21,9948495218
PER01369,Piyush Bose,Male,33,9799990784
PER01370,Ramesh Goyal,Male,26,9632074094
PER01371,Jatin Pawar,Male,51,9933670524
PER01372,Ravi Rawat,Male,23,9443171285
PER01373,Anand Naidu,Male,41,9595155014
PER01374,Neeraj Mittal,Male,39,9171242373
PER01375,Rahul Kulkarni,Male,54,9265277996
PER01376,Anita Mishra,Female,24,9420200318
PER01377,Kunal Pillai,Male,23,9187376519
PER01378,Tushar Jain,Male,52,9566295988
PER01379,Ankur Chauhan,Male,38,9148669557
PER01380,Ravi Joshi,Male,31,9415302549
PER01381,Durga Shukla,Female,36,9591921206
PER01382,Shubham Naidu,Male,30,9397583165
PER01383,Suresh Shah,Male,28,9496512526
PER01384,Bhavna Pillai,Female,45,9903297296
PER01385,Yogesh Agarwal,Male,30,9276840415
PER01386,Sneha Singh,Female,35,9319890936
PER01387,Prashant Jain,Male,26,9701954844
PER01388,Kiran Khanna,Female,35,9512477617
PER01389,Mukesh Kapoor,Male,24,9924742285
PER01390,Neha Das,Female,59,9959250435
PER01391,Sapna Chauhan,Female,31,9916820210
PER01392,Bhavna Jain,Female,33,9569623204
PER01393,Nitin Srivastava,Male,31,9326653091
PER01394,Tarun Chauhan,Male,30,9790874485
PER01395,Piyush Menon,Male,53,9916928475
PER01396,Nitin Rastogi,Male,42,9586796680
PER01397,Manoj Chopra,Male,21,9987948051
PER01398,Heena Bhatia,Female,40,9387644469
PER01399,Varun Garg,Male,45,9632648077
PER01400,Akash Rastogi,Male,25,9977105683
PER01401,Sapna Pillai,Female,45,9625444329
PER01402,Deepak Kapoor,Male,43,9721924315
PER01403,Yamini Mishra,Female,37,9147228693
PER01404,Deepak Bhatia,Male,44,9611256724
PER01405,Gaurav Rastogi,Male,31,9125357676
PER01406,Mansi Deshpande,Female,44,9605240960
PER01407,Shweta Mishra,Female,37,9159059566
PER01408,Megha Chauhan,Female,27,9380265043
PER01409,Sonal Rawat,Female,41,9506899174
PER01410,Ravi Goyal,Male,43,9243191669
PER01411,Lata Bhatia,Female,29,9259594522
PER01412,Kriti Dwivedi,Female,35,9622553836
PER01413,Amit Verma,Male,32,9296983544
PER01414,Nitin Bose,Male,31,9141907644
PER01415,Radha Dubey,Female,36,9647761134
PER01416,Kunal Sharma,Male,36,9883422269
PER01417,Sachin Reddy,Male,44,9494323595
PER01418,Pooja Menon,Female,33,9205231143
PER01419,Megha Kumar,Female,30,9661817224
PER01420,Sonal Reddy,Female,41,9522835867
PER01421,Nisha Rao,Female,27,9473820007
PER01422,Yogesh Das,Male,21,9430137141
PER01423,Sonal Chauhan,Female,38,9742729635
PER01424,Ajay Bhatt,Male,33,9654830129
PER01425,Lata Chauhan,Female,24,9447205612
PER01426,Deepak Joshi,Male,45,9731028354
PER01427,Durga Rawat,Female,22,9760333310
PER01428,Naveen Garg,Male,36,9589386537
PER01429,Piyush Pillai,Male,31,9528144399
PER01430,Neeraj Jain,Male,45,9531146648
PER01431,Divya Rastogi,Female,21,9393441352
PER01432,Ramesh Nair,Male,23,9515615531
PER01433,Vikram Verma,Male,21,9521788127
PER01434,Durga Srivastava,Female,37,9550978935
PER01435,Harsh Mittal,Male,44,9377313415
PER01436,Anita Dwivedi,Female,21,9685822657
PER01437,Sonal Khanna,Female,28,9649918598
PER01438,Sanjay Goyal,Male,37,9654987131
PER01439,Sita Iyer,Female,21,9730853202
PER01440,Sumit Pawar,Male,37,9901867970
PER01441,Geeta Bhatt,Female,33,9840863301
PER01442,Dinesh Iyer,Male,25,9103498768
PER01443,Tanvi Patel,Female,40,9415284753
PER01444,Vinod Gupta,Male,31,9683838345
PER01445,Rohan Dwivedi,Male,28,9712753550
PER01446,Mansi Kumar,Female,27,9866819838
PER01447,Kavita Naidu,Female,35,9250875800
PER01448,Dinesh Shukla,Male,21,9127778517
PER01449,Pankaj Das,Male,35,9700427883
PER01450,Kavita Goyal,Female,30,9551506003
PER01451,Isha Mehta,Female,21,9923222852
PER01452,Manoj Pawar,Male,36,9533429795
PER01453,Kavita Nair,Female,46,9573013069
PER01454,Anand Tiwari,Male,44,9577716697
PER01455,Aditi Pawar,Female,34,9398436647
PER01456,Richa Patil,Female,40,9887868938
PER01457,Karan Nair,Male,23,9185190661
PER01458,Swati Patel,Female,24,9296990007
PER01459,Kavita Tiwari,Female,35,9908913597
PER01460,Piyush Malhotra,Male,27,9782204953
PER01461,Aman Singh,Male,24,9882397504
PER01462,Karan Bhatt,Male,51,9188307273
PER01463,Meena Bhatia,Female,22,9882513057
PER01464,Deepak Kulkarni,Male,42,9541250076
PER01465,Abhishek Dubey,Male,45,9115930080
PER01466,Rashmi Menon,Female,33,9359460124
PER01467,Gaurav Goyal,Male,29,9572181483
PER01468,Aman Nair,Male,60,9142126754
PER01469,Padma Naidu,Female,36,9489174642
PER01470,Pallavi Shah,Female,23,9757372847
PER01471,Vikram Agarwal,Male,26,9335137812
PER01472,Vandana Rastogi,Female,51,9831386566
PER01473,Sapna Rastogi,Female,36,9540545279
PER01474,Rohan Kulkarni,Male,27,9285727380
PER01475,Sunita Mehta,Female,35,9480052456
PER01476,Divya Goyal,Female,24,9556801688
PER01477,Suresh Rao,Male,23,9153656682
PER01478,Ajay Rastogi,Male,36,9724444824
PER01479,Sunil Rawat,Male,26,9690771175
PER01480,Rahul Chauhan,Male,26,9900813483
PER01481,Akash Singh,Male,48,9781121498
PER01482,Anita Bhatt,Female,39,9497887585
PER01483,Mansi Naidu,Female,24,9855205903
PER01484,Piyush Chandra,Male,25,9889323818
PER01485,Sachin Das,Male,40,9856022527
PER01486,Akash Goyal,Male,39,9385561880
PER01487,Neha Verma,Female,21,9707667583
PER01488,Sachin Singh,Male,26,9158755902
PER01489,Shubham Verma,Male,37,9529299914
PER01490,Ekta Mishra,Female,21,9821643629
PER01491,Zara Patel,Female,32,9489912261
PER01492,Gaurav Pillai,Male,43,9815115768
PER01493,Lalit Khanna,Male,45,9956387162
PER01494,Mukesh Singh,Male,30,9533273127
PER01495,Nitin Mehta,Male,35,9374994350
PER01496,Vishal Pillai,Male,34,9416227742
PER01497,Nisha Rastogi,Female,49,9177538711
PER01498,Rekha Verma,Female,51,9276963141
PER01499,Tarun Srivastava,Male,23,9248552107
PER01500,Piyush Joshi,Male,44,9322324743
PER01501,Jatin Srivastava,Male,48,9891646806
PER01502,Vinod Jain,Male,21,9395854927
PER01503,Akash Bhatia,Male,31,9760132693
PER01504,Sunita Pandey,Female,21,9203774179
PER01505,Maya Pandey,Female,40,9515439150
PER01506,Arjun Shukla,Male,30,9694020374
PER01507,Rashmi Mishra,Female,42,9969353199
PER01508,Ravi Iyer,Male,34,9390944059
PER01509,Varun Gupta,Male,30,9361147113
PER01510,Dinesh Kumar,Male,44,9455236166
PER01511,Ajay Malhotra,Male,39,9266387991
PER01512,Varun Pandey,Male,31,9338228427
PER01513,Vandana Chopra,Female,35,9356618331
PER01514,Anand Khanna,Male,51,9845155516
PER01515,Lata Naidu,Female,33,9888929800
PER01516,Chitra Rawat,Female,60,9469369902
PER01517,Ashish Reddy,Male,47,9483814023
PER01518,Shweta Rastogi,Female,51,9343771062
PER01519,Shubham Joshi,Male,42,9614683903
PER01520,Sunita Agarwal,Female,35,9404724070
PER01521,Nitin Kumar,Male,48,9845152831
PER01522,Arun Bhatia,Male,27,9446751388
PER01523,Jatin Rao,Male,21,9788257242
PER01524,Sapna Bhatt,Female,35,9217225883
PER01525,Jatin Kulkarni,Male,43,9583634249
PER01526,Rohan Mehta,Male,49,9792466849
PER01527,Vinod Verma,Male,33,9926906794
PER01528,Vikram Dubey,Male,30,9402362514
PER01529,Ashish Rao,Male,34,9710566294
PER01530,Aditi Nair,Female,38,9928171968
PER01531,Amit Verma,Male,29,9256688277
PER01532,Padma Rastogi,Female,36,9304921901
PER01533,Shubham Shukla,Male,22,9736764969
PER01534,Megha Deshmukh,Female,31,9618197418
PER01535,Kavita Rastogi,Female,40,9667132334
PER01536,Rakesh Bansal,Male,25,9854529029
PER01537,Ekta Mittal,Female,48,9361279313
PER01538,Priya Thakur,Female,35,9396182504
PER01539,Prashant Kapoor,Male,30,9588134372
PER01540,Sanjay Bansal,Male,29,9763308594
PER01541,Hitesh Agarwal,Male,21,9728193084
PER01542,Sachin Bhatt,Male,38,9272661222
PER01543,Pankaj Deshpande,Male,48,9833517196
PER01544,Harsh Pandey,Male,34,9558752661
PER01545,Karan Verma,Male,48,9928680066
PER01546,Tarun Shukla,Male,21,9988334860
PER01547,Deepak Chandra,Male,36,9301253560
PER01548,Ramesh Bhatia,Male,29,9566077780
PER01549,Neeraj Tiwari,Male,39,9413906662
PER01550,Arun Menon,Male,35,9705818723
PER01551,Rohan Chandra,Male,21,9525167592
PER01552,Kavita Deshmukh,Female,46,9974990331
PER01553,Sunil Khanna,Male,39,9922226873
PER01554,Mohit Bansal,Male,46,9956578874
PER01555,Padma Khanna,Female,23,9867756010
PER01556,Uma Bhatia,Female,42,9136754131
PER01557,Kunal Nair,Male,43,9798534704
PER01558,Sanjay Sharma,Male,46,9748168968
PER01559,Shruti Bose,Female,34,9828537277
PER01560,Bhavna Pillai,Female,22,9666015646
PER01561,Jatin Pawar,Male,22,9725131316
PER01562,Aman Dwivedi,Male,21,9323771402
PER01563,Pallavi Gupta,Female,62,9555915078
PER01564,Varun Gupta,Male,37,9440841000
PER01565,Suresh Bhatia,Male,40,9631095906
PER01566,Ajay Dubey,Male,25,9574436439
PER01567,Shruti Kapoor,Female,25,9756384489
PER01568,Meena Shukla,Female,33,9932899529
PER01569,Gauri Chandra,Female,25,9213510762
PER01570,Deepa Garg,Female,39,9125802714
PER01571,Priya Malhotra,Female,41,9930114533
PER01572,Sanjay Shah,Male,34,9823292508
PER01573,Maya Singh,Female,29,9650480692
PER01574,Rohit Nair,Male,42,9164768787
PER01575,Vishal Reddy,Male,21,9280681290
PER01576,Ekta Tiwari,Female,44,9594878564
PER01577,Aman Tiwari,Male,42,9182918071
PER01578,Bhavna Mukherjee,Female,27,9915534149
PER01579,Shubham Bhatia,Male,27,9307997792
PER01580,Kiran Dwivedi,Female,22,9344283983
PER01581,Prashant Patil,Male,28,9537245447
PER01582,Hitesh Yadav,Male,46,9135895680
PER01583,Sapna Naidu,Female,31,9905746633
PER01584,Hitesh Garg,Male,45,9247649591
PER01585,Kriti Srivastava,Female,39,9760626464
PER01586,Durga Malhotra,Female,23,9572573660
PER01587,Manish Deshmukh,Male,55,9678137468
PER01588,Rajesh Jain,Male,23,9128347726
PER01589,Durga Srivastava,Female,22,9285656152
PER01590,Priya Sharma,Female,36,9477007899
PER01591,Nisha Mukherjee,Female,37,9496352436
PER01592,Akash Patil,Male,28,9796700880
PER01593,Vishal Sharma,Male,29,9645562099
PER01594,Sanjay Deshmukh,Male,32,9178404247
PER01595,Rakesh Agarwal,Male,32,9518503028
PER01596,Abhishek Bose,Male,46,9934789195
PER01597,Ritu Sharma,Female,37,9379956515
PER01598,Uma Mittal,Female,25,9363236367
PER01599,Amit Jain,Male,42,9678808660
PER01600,Sunita Singh,Female,25,9279582525
PER01601,Hitesh Chauhan,Male,31,9270884197
PER01602,Pallavi Shah,Female,57,9662410332
PER01603,Neha Kapoor,Female,65,9334219275
PER01604,Padma Malhotra,Female,26,9393433333
PER01605,Pallavi Mittal,Female,45,9180737603
PER01606,Vivek Patil,Male,21,9497711571
PER01607,Hitesh Dwivedi,Male,36,9525075570
PER01608,Divya Thakur,Female,37,9875563251
PER01609,Rashmi Chauhan,Female,26,9217807075
PER01610,Nitin Chauhan,Male,21,9307283080
PER01611,Tarun Pawar,Male,42,9776884820
PER01612,Amit Goyal,Male,36,9776279465
PER01613,Ramesh Sharma,Male,25,9578067142
PER01614,Deepak Naidu,Male,30,9480208734
PER01615,Sonal Mukherjee,Female,29,9792211192
PER01616,Neeraj Garg,Male,46,9554759839
PER01617,Isha Chauhan,Female,34,9677236505
PER01618,Shruti Chopra,Female,30,9696204837
PER01619,Nisha Chandra,Female,44,9540857198
PER01620,Suresh Yadav,Male,21,9937285737
PER01621,Geeta Malhotra,Female,45,9890355610
PER01622,Aarti Patil,Female,40,9104659508
PER01623,Lalit Naidu,Male,31,9470102410
PER01624,Arjun Pawar,Male,47,9688576848
PER01625,Nitin Jain,Male,38,9901166932
PER01626,Arun Bhatia,Male,28,9403291590
PER01627,Anand Pandey,Male,39,9576209470
PER01628,Rohan Yadav,Male,33,9595082882
PER01629,Kavita Dubey,Female,42,9610654639
PER01630,Chitra Kulkarni,Female,21,9114434783
PER01631,Nitin Chauhan,Male,49,9301850885
PER01632,Sachin Pandey,Male,21,9396548491
PER01633,Sumit Rawat,Male,36,9752324674
PER01634,Deepak Deshpande,Male,42,9669373219
PER01635,Arjun Malhotra,Male,25,9816015344
PER01636,Sanjay Kumar,Male,39,9271249977
PER01637,Abhishek Naidu,Male,45,9279950274
PER01638,Dinesh Bose,Male,44,9388575550
PER01639,Isha Malhotra,Female,37,9826792681
PER01640,Rashmi Gupta,Female,45,9466384927
PER01641,Arjun Chopra,Male,47,9931946063
PER01642,Tushar Saxena,Male,21,9459954371
PER01643,Tarun Malhotra,Male,21,9130818254
PER01644,Rakesh Shukla,Male,21,9408440208
PER01645,Vishal Pawar,Male,30,9337472293
PER01646,Megha Rao,Female,38,9798871425
PER01647,Sneha Bansal,Female,40,9881115224
PER01648,Arun Rawat,Male,38,9195605244
PER01649,Heena Rawat,Female,47,9393605740
PER01650,Rohan Garg,Male,32,9907272241
PER01651,Amit Bhatia,Male,36,9154444774
PER01652,Zara Rastogi,Female,41,9306307950
PER01653,Jyoti Chandra,Female,28,9518702867
PER01654,Kiran Kapoor,Female,46,9948223477
PER01655,Ashish Pawar,Male,49,9324354296
PER01656,Prashant Srivastava,Male,35,9854961547
PER01657,Divya Patel,Female,34,9789629784
PER01658,Amit Das,Male,33,9198080840
PER01659,Shruti Saxena,Female,44,9828055093
PER01660,Pooja Saxena,Female,21,9485399008
PER01661,Sunil Bhatt,Male,29,9883526124
PER01662,Arun Mishra,Male,25,9833163781
PER01663,Mukesh Shukla,Male,48,9617997144
PER01664,Aman Saxena,Male,30,9838720595
PER01665,Uma Nair,Female,27,9876159661
PER01666,Nisha Garg,Female,28,9894429112
PER01667,Sunil Agarwal,Male,41,9483914962
PER01668,Sneha Yadav,Female,42,9296802873
PER01669,Sunil Chopra,Male,34,9827487545
PER01670,Sanjay Mukherjee,Male,31,9610703149
PER01671,Vishal Rao,Male,47,9879790299
PER01672,Jatin Rao,Male,31,9731364611
PER01673,Sunil Shah,Male,39,9193404495
PER01674,Bhavna Singh,Female,50,9496722900
PER01675,Ekta Thakur,Female,35,9620478197
PER01676,Shweta Naidu,Female,21,9564317287
PER01677,Shubham Rao,Male,26,9492301852
PER01678,Amit Kapoor,Male,21,9894688350
PER01679,Rohan Pillai,Male,27,9383685004
PER01680,Zara Pillai,Female,21,9355436956
PER01681,Lalit Garg,Male,36,9797390744
PER01682,Uma Reddy,Female,35,9940995525
PER01683,Harsh Gupta,Male,27,9886311075
PER01684,Shruti Singh,Female,35,9952907469
PER01685,Jyoti Mittal,Female,36,9155720651
PER01686,Durga Garg,Female,26,9333407958
PER01687,Naveen Pandey,Male,39,9251476825
PER01688,Shruti Patil,Female,55,9627508952
PER01689,Sneha Gupta,Female,23,9891319345
PER01690,Vikram Bose,Male,28,9662728191
PER01691,Sita Shah,Female,47,9681608058
PER01692,Vinod Bansal,Male,26,9510130462
PER01693,Sita Pawar,Female,49,9320275456
PER01694,Deepak Tiwari,Male,30,9491412199
PER01695,Mansi Khanna,Female,34,9186793055
PER01696,Sunita Kumar,Female,25,9644441127
PER01697,Uma Khanna,Female,31,9839259541
PER01698,Tanvi Bansal,Female,43,9630683352
PER01699,Gauri Saxena,Female,35,9984508082
PER01700,Rohit Rawat,Male,36,9715147143
PER01701,Varun Das,Male,33,9364306410
PER01702,Ashish Jain,Male,54,9865260954
PER01703,Rekha Bhatt,Female,36,9389724121
PER01704,Kiran Nair,Female,45,9937695022
PER01705,Ravi Kumar,Male,30,9692204891
PER01706,Prashant Patel,Male,46,9954048600
PER01707,Kiran Jain,Female,22,9348436686
PER01708,Namita Kapoor,Female,27,9731945939
PER01709,Megha Rawat,Female,32,9245032180
PER01710,Maya Pillai,Female,29,9610566614
PER01711,Ravi Iyer,Male,35,9475167494
PER01712,Manoj Rawat,Male,31,9831813183
PER01713,Kiran Nair,Female,36,9751989153
PER01714,Pooja Goyal,Female,21,9616257366
PER01715,Aman Mukherjee,Male,23,9805640626
PER01716,Kriti Rawat,Female,31,9620872739
PER01717,Vinod Nair,Male,29,9720208181
PER01718,Naveen Rao,Male,33,9463419109
PER01719,Anjali Bhatia,Female,46,9784329449
PER01720,Arun Singh,Male,29,9359055951
PER01721,Rohit Menon,Male,34,9843246566
PER01722,Gaurav Das,Male,25,9679166615
PER01723,Bhavna Chandra,Female,29,9111086642
PER01724,Zara Iyer,Female,21,9658662325
PER01725,Rajesh Garg,Male,37,9232734975
PER01726,Yogesh Naidu,Male,33,9445440430
PER01727,Amit Bhatt,Male,21,9435320083
PER01728,Tanvi Yadav,Female,29,9807031468
PER01729,Tushar Saxena,Male,39,9833506606
PER01730,Aarti Pillai,Female,29,9397625430
PER01731,Sachin Malhotra,Male,39,9501355519
PER01732,Harsh Naidu,Male,37,9768767355
PER01733,Vishal Bansal,Male,29,9513011390
PER01734,Rohan Mittal,Male,32,9222427197
PER01735,Sumit Shah,Male,31,9167565365
PER01736,Sunita Patel,Female,31,9764125154
PER01737,Neha Kulkarni,Female,28,9540713012
PER01738,Anand Singh,Male,36,9874659874
PER01739,Neeraj Tiwari,Male,37,9394566188
PER01740,Gauri Goyal,Female,38,9894610811
PER01741,Mohit Thakur,Male,23,9475315735
PER01742,Anita Shukla,Female,39,9550426607
PER01743,Kiran Yadav,Female,22,9211472923
PER01744,Shubham Iyer,Male,39,9764029513
PER01745,Anjali Shah,Female,50,9852540851
PER01746,Isha Goyal,Female,39,9916374015
PER01747,Pallavi Patil,Female,45,9732305528
PER01748,Sumit Nair,Male,32,9979535411
PER01749,Tushar Malhotra,Male,34,9684578049
PER01750,Maya Srivastava,Female,29,9804981901
PER01751,Ashish Chandra,Male,28,9309826146
PER01752,Shweta Kumar,Female,26,9766823221
PER01753,Pankaj Reddy,Male,39,9723918052
PER01754,Suresh Kulkarni,Male,24,9640422204
PER01755,Varun Reddy,Male,39,9875648931
PER01756,Jyoti Saxena,Female,41,9953873731
PER01757,Neeraj Goyal,Male,38,9884181502
PER01758,Gaurav Srivastava,Male,36,9202259288
PER01759,Vishal Gupta,Male,21,9689316723
PER01760,Vinod Sharma,Male,31,9813458944
PER01761,Richa Pillai,Female,25,9162173131
PER01762,Deepa Menon,Female,32,9340785432
PER01763,Sita Bhatia,Female,39,9657404136
PER01764,Rekha Mukherjee,Female,39,9475009956
PER01765,Tanvi Mehta,Female,27,9236624342
PER01766,Sunil Kapoor,Male,34,9370245167
PER01767,Karan Joshi,Male,28,9229153910
PER01768,Chitra Kapoor,Female,62,9933719294
PER01769,Deepa Khanna,Female,43,9236129770
PER01770,Rashmi Mishra,Female,31,9615014585
PER01771,Rohan Malhotra,Male,41,9162282527
PER01772,Aditi Nair,Female,21,9202371564
PER01773,Maya Khanna,Female,24,9772194900
PER01774,Mohit Mittal,Male,39,9709175927
PER01775,Pankaj Patel,Male,21,9107643182
PER01776,Pankaj Sharma,Male,60,9440614712
PER01777,Amit Thakur,Male,24,9896532426
PER01778,Rashmi Chopra,Female,42,9277354112
PER01779,Rohit Kumar,Male,31,9875865775
PER01780,Piyush Singh,Male,21,9178429933
PER01781,Akash Saxena,Male,49,9550115039
PER01782,Kiran Shukla,Female,36,9915337210
PER01783,Mansi Chandra,Female,33,9208771343
PER01784,Mohit Iyer,Male,41,9465063514
PER01785,Karan Bhatia,Male,21,9755661149
PER01786,Neeraj Rawat,Male,35,9929191591
PER01787,Lalit Deshpande,Male,24,9448067563
PER01788,Anand Naidu,Male,45,9948660636
PER01789,Vikram Goyal,Male,33,9770799660
PER01790,Neha Yadav,Female,22,9540941975
PER01791,Shruti Joshi,Female,35,9145354610
PER01792,Vandana Kapoor,Female,63,9441032553
PER01793,Manoj Kulkarni,Male,41,9581421323
PER01794,Varun Patel,Male,32,9912226383
PER01795,Mukesh Gupta,Male,37,9918079289
PER01796,Zara Srivastava,Female,45,9337681817
PER01797,Amit Shukla,Male,21,9814883403
PER01798,Swati Bansal,Female,42,9306240534
PER01799,Gaurav Chandra,Male,31,9667614050
PER01800,Arun Shah,Male,40,9468305175
PER01801,Sanjay Dubey,Male,24,9793621310
PER01802,Rahul Kapoor,Male,35,9543879046
PER01803,Durga Menon,Female,36,9846748234
PER01804,Maya Kulkarni,Female,27,9278368978
PER01805,Akash Pawar,Male,34,9868475983
PER01806,Gauri Das,Female,45,9766212260
PER01807,Nisha Rawat,Female,37,9131090496
PER01808,Mohit Mehta,Male,39,9977723693
PER01809,Dinesh Gupta,Male,41,9511099761
PER01810,Tara Saxena,Female,37,9548455634
PER01811,Gaurav Kumar,Male,31,9318422743
PER01812,Mukesh Bansal,Male,40,9425574063
PER01813,Ravi Verma,Male,33,9986858587
PER01814,Rohit Srivastava,Male,38,9869996686
PER01815,Abhishek Saxena,Male,32,9298101308
PER01816,Pallavi Pandey,Female,45,9161258404
PER01817,Manoj Rawat,Male,36,9214827205
PER01818,Tara Bhatia,Female,30,9659943440
PER01819,Priya Garg,Female,29,9238909484
PER01820,Radha Dubey,Female,26,9325646076
PER01821,Neeraj Goyal,Male,23,9366164554
PER01822,Varun Pawar,Male,31,9922784044
PER01823,Pankaj Tiwari,Male,44,9782610135
PER01824,Ankur Chopra,Male,45,9517031426
PER01825,Shubham Menon,Male,54,9614289426
PER01826,Rajesh Bansal,Male,21,9147387947
PER01827,Swati Mittal,Female,26,9102892013
PER01828,Abhishek Bhatt,Male,33,9467235553
PER01829,Sonal Mehta,Female,29,9476899568
PER01830,Pallavi Kumar,Female,32,9119825663
PER01831,Tarun Patil,Male,35,9402155775
PER01832,Uma Mishra,Female,33,9576532246
PER01833,Shubham Patil,Male,41,9339423445
PER01834,Jyoti Mukherjee,Female,39,9360181873
PER01835,Suresh Saxena,Male,49,9347769499
PER01836,Anjali Kulkarni,Female,33,9527920669
PER01837,Lata Mukherjee,Female,21,9676148766
PER01838,Shweta Pandey,Female,33,9478804051
PER01839,Megha Naidu,Female,32,9731112026
PER01840,Sumit Naidu,Male,41,9314131731
PER01841,Sneha Das,Female,37,9920439538
PER01842,Mohit Rastogi,Male,50,9883544455
PER01843,Gauri Bhatt,Female,41,9655252652
PER01844,Rakesh Chopra,Male,39,9758385695
PER01845,Arun Jain,Male,21,9153498546
PER01846,Tarun Pillai,Male,35,9391260515
PER01847,Radha Srivastava,Female,42,9301405493
PER01848,Sita Mehta,Female,34,9735039710
PER01849,Akash Jain,Male,25,9481179374
PER01850,Megha Yadav,Female,37,9522785328
PER01851,Mohit Tiwari,Male,21,9896489781
PER01852,Megha Patil,Female,36,9392704674
PER01853,Karan Shah,Male,26,9144771511
PER01854,Suresh Mehta,Male,47,9674773596
PER01855,Namita Verma,Female,34,9534077979
PER01856,Zara Singh,Female,32,9619260448
PER01857,Dinesh Gupta,Male,48,9481420054
PER01858,Suresh Reddy,Male,36,9975145980
PER01859,Nitin Jain,Male,22,9274852298
PER01860,Bhavna Dwivedi,Female,21,9547227326
PER01861,Sita Bansal,Female,42,9197503688
PER01862,Gauri Rastogi,Female,52,9684421013
PER01863,Nitin Menon,Male,21,9249561796
PER01864,Deepa Iyer,Female,21,9470033096
PER01865,Gauri Kulkarni,Female,50,9206519173
PER01866,Amit Pandey,Male,32,9468852126
PER01867,Sunita Dwivedi,Female,23,9615452822
PER01868,Geeta Reddy,Female,49,9548943441
PER01869,Nitin Shukla,Male,25,9449443279
PER01870,Tanvi Patil,Female,26,9107682953
PER01871,Naveen Goyal,Male,41,9393129521
PER01872,Sumit Malhotra,Male,23,9124645502
PER01873,Rakesh Thakur,Male,37,9559072214
PER01874,Amit Chauhan,Male,27,9822519686
PER01875,Bhavna Pawar,Female,50,9888255795
PER01876,Ravi Srivastava,Male,44,9285575060
PER01877,Sunil Joshi,Male,56,9418532114
PER01878,Priya Das,Female,27,9901497363
PER01879,Ritu Dwivedi,Female,39,9412352543
PER01880,Naveen Bhatt,Male,32,9475624038
PER01881,Sunita Yadav,Female,43,9663337956
PER01882,Manish Deshmukh,Male,35,9625509398
PER01883,Harsh Bhatt,Male,28,9638335483
PER01884,Chitra Shah,Female,21,9888697485
PER01885,Tushar Gupta,Male,37,9890036566
PER01886,Rajesh Das,Male,28,9290950857
PER01887,Ashish Agarwal,Male,21,9579359869
PER01888,Rahul Srivastava,Male,32,9776244330
PER01889,Chitra Kulkarni,Female,27,9590771843
PER01890,Chitra Agarwal,Female,32,9684270351
PER01891,Prashant Pawar,Male,40,9627336468
PER01892,Varun Dwivedi,Male,33,9945874829
PER01893,Piyush Dwivedi,Male,45,9986842183
PER01894,Mukesh Malhotra,Male,52,9124417394
PER01895,Nitin Malhotra,Male,27,9328070807
PER01896,Deepak Mittal,Male,36,9413272476
PER01897,Tanvi Pawar,Female,43,9597686133
PER01898,Tanvi Saxena,Female,38,9870765701
PER01899,Akash Pawar,Male,31,9608169959
PER01900,Jatin Menon,Male,30,9333711861
PER01901,Harsh Bhatt,Male,30,9538067556
PER01902,Karan Iyer,Male,24,9967345004
PER01903,Jatin Menon,Male,46,9154759026
PER01904,Rahul Kumar,Male,35,9318161958
PER01905,Heena Nair,Female,38,9199303912
PER01906,Neeraj Rastogi,Male,30,9305577511
PER01907,Megha Mukherjee,Female,37,9979294689
PER01908,Manish Dwivedi,Male,42,9501104441
PER01909,Rohit Bansal,Male,56,9572486544
PER01910,Ramesh Srivastava,Male,39,9377267865
PER01911,Harsh Joshi,Male,41,9353261448
PER01912,Rahul Sharma,Male,39,9820339260
PER01913,Sunil Malhotra,Male,39,9819215653
PER01914,Dinesh Menon,Male,49,9690974268
PER01915,Lalit Dwivedi,Male,30,9782227553
PER01916,Ashish Patil,Male,39,9372795846
PER01917,Varun Thakur,Male,39,9355750675
PER01918,Tara Patel,Female,29,9342050111
PER01919,Tarun Garg,Male,45,9617074334
PER01920,Namita Patel,Female,42,9213160412
PER01921,Tarun Gupta,Male,45,9151982383
PER01922,Jatin Menon,Male,39,9251091699
PER01923,Heena Chandra,Female,32,9506183439
PER01924,Mukesh Mukherjee,Male,39,9395657285
PER01925,Pankaj Chauhan,Male,52,9271827957
PER01926,Sneha Das,Female,25,9581396758
PER01927,Jyoti Rao,Female,22,9986342659
PER01928,Pankaj Shukla,Male,22,9662792622
PER01929,Shubham Pawar,Male,25,9671565478
PER01930,Shubham Khanna,Male,43,9705745281
PER01931,Tushar Nair,Male,21,9102174353
PER01932,Vishal Joshi,Male,38,9439291583
PER01933,Sneha Tiwari,Female,44,9685464225
PER01934,Nitin Shukla,Male,33,9537341403
PER01935,Gauri Chopra,Female,36,9934261637
PER01936,Mansi Chopra,Female,42,9718092717
PER01937,Radha Kumar,Female,43,9499716261
PER01938,Vinod Mehta,Male,49,9284369441
PER01939,Rekha Bhatia,Female,35,9818937835
PER01940,Maya Naidu,Female,26,9731749986
PER01941,Neeraj Verma,Male,29,9250104716
PER01942,Anjali Reddy,Female,28,9929110932
PER01943,Ravi Patil,Male,27,9915646555
PER01944,Dinesh Deshmukh,Male,39,9409893449
PER01945,Rakesh Verma,Male,43,9909567820
PER01946,Vinod Gupta,Male,45,9918614421
PER01947,Anjali Mehta,Female,47,9919024035
PER01948,Pallavi Pawar,Female,31,9883589402
PER01949,Komal Iyer,Female,41,9350945940
PER01950,Kiran Srivastava,Female,21,9485420053
PER01951,Lalit Chauhan,Male,24,9481624267
PER01952,Dinesh Kumar,Male,29,9194030244
PER01953,Anjali Mukherjee,Female,26,9133199745
PER01954,Karan Mishra,Male,30,9366813276
PER01955,Maya Chandra,Female,37,9222134084
PER01956,Arjun Singh,Male,29,9738977004
PER01957,Suresh Malhotra,Male,21,9707870161
PER01958,Bhavna Chopra,Female,38,9704898539
PER01959,Sapna Mehta,Female,39,9639258458
PER01960,Anjali Kapoor,Female,37,9980993766
PER01961,Lata Agarwal,Female,30,9153202779
PER01962,Vishal Gupta,Male,43,9342279326
PER01963,Kriti Bhatia,Female,50,9566074548
PER01964,Suresh Verma,Male,26,9186162450
PER01965,Kavita Yadav,Female,31,9876474234
PER01966,Rohit Bhatia,Male,24,9776079467
PER01967,Tara Srivastava,Female,57,9431636318
PER01968,Aman Patil,Male,42,9791231679
PER01969,Arun Jain,Male,34,9763036306
PER01970,Zara Rao,Female,34,9441326246
PER01971,Sneha Goyal,Female,48,9616405884
PER01972,Tushar Kapoor,Male,28,9412369625
PER01973,Yamini Verma,Female,24,9357991724
PER01974,Manoj Khanna,Male,43,9348858922
PER01975,Tushar Verma,Male,39,9195105443
PER01976,Sanjay Khanna,Male,35,9360699748
PER01977,Arjun Menon,Male,44,9756395761
PER01978,Amit Thakur,Male,26,9551430098
PER01979,Komal Kapoor,Female,55,9650050794
PER01980,Richa Mittal,Female,38,9885178902
PER01981,Manoj Mishra,Male,46,9114256429
PER01982,Rekha Rawat,Female,34,9316740148
PER01983,Padma Srivastava,Female,49,9921848248
PER01984,Gaurav Yadav,Male,39,9354278477
PER01985,Akash Pandey,Male,35,9454795169
PER01986,Ramesh Agarwal,Male,44,9278150628
PER01987,Sita Iyer,Female,50,9708394712
PER01988,Shruti Khanna,Female,38,9371501879
PER01989,Ravi Saxena,Male,36,9161567559
PER01990,Piyush Rastogi,Male,41,9357300353
PER01991,Vikram Mishra,Male,34,9381247719
PER01992,Arjun Deshpande,Male,65,9867462481
PER01993,Swati Saxena,Female,42,9590530044
PER01994,Sumit Shukla,Male,30,9119330722
PER01995,Akash Mishra,Male,49,9375826753
PER01996,Rajesh Kumar,Male,35,9779430890
PER01997,Neeraj Dwivedi,Male,36,9798451229
PER01998,Suresh Goyal,Male,29,9528062661
PER01999,Sonal Rastogi,Female,42,9709342632
PER02000,Kriti Saxena,Female,21,9365525603
PER02001,Vivek Das,Male,32,9603824418
PER02002,Hitesh Tiwari,Male,37,9589098076
PER02003,Aman Bhatia,Male,54,9810369150
PER02004,Aman Kulkarni,Male,40,9509851227
PER02005,Rajesh Iyer,Male,21,9844455756
PER02006,Harsh Chopra,Male,46,9297525510
PER02007,Dinesh Iyer,Male,30,9145014664
PER02008,Prashant Saxena,Male,35,9608753943
PER02009,Shubham Garg,Male,34,9490027691
PER02010,Harsh Gupta,Male,24,9902303487
PER02011,Sapna Rawat,Female,25,9404724179
PER02012,Sunil Rastogi,Male,25,9982278454
PER02013,Ritu Dwivedi,Female,41,9555485269
PER02014,Arun Dubey,Male,41,9618579185
PER02015,Varun Saxena,Male,44,9661340519
PER02016,Rahul Shukla,Male,28,9218892882
PER02017,Rajesh Rawat,Male,39,9621367137
PER02018,Tarun Kumar,Male,35,9945409800
PER02019,Hitesh Rastogi,Male,33,9136573251
PER02020,Heena Dubey,Female,33,9505388708
PER02021,Vishal Iyer,Male,29,9775347329
PER02022,Pooja Bhatt,Female,23,9987685797
PER02023,Komal Bhatia,Female,49,9119903651
PER02024,Rekha Thakur,Female,51,9880212827
PER02025,Manoj Gupta,Male,54,9270461628
PER02026,Yogesh Menon,Male,42,9138110485
PER02027,Anita Bansal,Female,36,9861116697
PER02028,Vikram Dwivedi,Male,34,9723815419
PER02029,Padma Chandra,Female,40,9412474123
PER02030,Gaurav Pawar,Male,33,9928614796
PER02031,Mohit Reddy,Male,62,9206899508
PER02032,Harsh Garg,Male,42,9918741078
PER02033,Swati Bose,Female,36,9846407339
PER02034,Sita Rao,Female,29,9875619438
PER02035,Mukesh Kapoor,Male,25,9917129910
PER02036,Sunil Garg,Male,46,9463661885
PER02037,Deepak Pillai,Male,31,9944918898
PER02038,Gauri Malhotra,Female,39,9153975917
PER02039,Piyush Srivastava,Male,31,9496315892
PER02040,Arjun Yadav,Male,37,9582926106
PER02041,Zara Saxena,Female,41,9789537064
PER02042,Tara Pawar,Female,39,9148236020
PER02043,Anjali Gupta,Female,38,9638604573
PER02044,Dinesh Chandra,Male,28,9304096699
PER02045,Arun Dubey,Male,30,9669372293
PER02046,Akash Bhatia,Male,21,9335596527
PER02047,Neeraj Bhatt,Male,57,9423098436
PER02048,Ashish Khanna,Male,25,9327611172
PER02049,Rashmi Joshi,Female,26,9574506673
PER02050,Namita Rawat,Female,32,9758143936
PER02051,Suresh Pawar,Male,35,9312212133
PER02052,Deepa Yadav,Female,52,9232711186
PER02053,Mohit Bose,Male,36,9485041759
PER02054,Vikram Patil,Male,38,9645765078
PER02055,Rahul Gupta,Male,21,9332094365
PER02056,Rakesh Kapoor,Male,37,9308581870
PER02057,Prashant Pawar,Male,39,9764328713
PER02058,Durga Shukla,Female,21,9699897118
PER02059,Shweta Malhotra,Female,27,9106200483
PER02060,Neeraj Dwivedi,Male,35,9100208844
PER02061,Sunita Rao,Female,41,9694967612
PER02062,Dinesh Kulkarni,Male,34,9940625782
PER02063,Bhavna Shukla,Female,25,9901098115
PER02064,Manoj Shukla,Male,38,9370357170
PER02065,Durga Das,Female,36,9636777819
PER02066,Aditi Joshi,Female,26,9688279968
PER02067,Dinesh Mishra,Male,43,9269631417
PER02068,Jatin Rastogi,Male,32,9279199722
PER02069,Sonal Dubey,Female,41,9770422889
PER02070,Aarti Singh,Female,22,9530862738
PER02071,Lalit Bansal,Male,33,9890917777
PER02072,Ramesh Rastogi,Male,48,9140060735
PER02073,Mukesh Chandra,Male,46,9254521893
PER02074,Vikram Naidu,Male,41,9460925128
PER02075,Radha Shukla,Female,35,9541894120
PER02076,Tushar Mittal,Male,33,9204990914
PER02077,Yogesh Mittal,Male,23,9975264474
PER02078,Lalit Chandra,Male,29,9949670060
PER02079,Shweta Bhatt,Female,23,9767450165
PER02080,Mukesh Patil,Male,33,9473902636
PER02081,Isha Goyal,Female,36,9772548243
PER02082,Anita Bhatt,Female,38,9979956427
PER02083,Radha Kapoor,Female,33,9163894040
PER02084,Dinesh Naidu,Male,42,9518648496
PER02085,Dinesh Menon,Male,30,9987950285
PER02086,Tarun Menon,Male,33,9403726281
PER02087,Rohit Pandey,Male,44,9374897637
PER02088,Yogesh Rao,Male,39,9128994037
PER02089,Manoj Patil,Male,46,9122687396
PER02090,Shruti Singh,Female,25,9222972532
PER02091,Gaurav Dubey,Male,52,9348852071
PER02092,Gaurav Yadav,Male,32,9823838256
PER02093,Sunil Nair,Male,28,9138624419
PER02094,Sita Rastogi,Female,22,9707820598
PER02095,Nitin Bose,Male,34,9416813465
PER02096,Abhishek Bhatia,Male,29,9839798437
PER02097,Durga Mishra,Female,41,9799121848
PER02098,Aditi Shah,Female,29,9189222765
PER02099,Shubham Mishra,Male,25,9732751897
PER02100,Harsh Mukherjee,Male,21,9822434470
PER02101,Maya Mittal,Female,27,9442680676
PER02102,Pooja Patil,Female,33,9817188056
PER02103,Akash Kapoor,Male,46,9162785833
PER02104,Sunil Chauhan,Male,51,9408743281
PER02105,Aman Shah,Male,32,9653317681
PER02106,Aman Gupta,Male,28,9727242885
PER02107,Varun Bhatt,Male,28,9881254957
PER02108,Yogesh Gupta,Male,21,9537188624
PER02109,Kiran Naidu,Female,44,9276184855
PER02110,Rashmi Srivastava,Female,45,9693968005
PER02111,Varun Menon,Male,40,9975614536
PER02112,Mansi Khanna,Female,46,9270731226
PER02113,Isha Garg,Female,38,9866155075
PER02114,Shubham Rao,Male,34,9232985230
PER02115,Pankaj Das,Male,48,9463481935
PER02116,Maya Bhatia,Female,47,9900263178
PER02117,Sachin Dubey,Male,35,9992309044
PER02118,Rakesh Mukherjee,Male,26,9544640424
PER02119,Abhishek Patil,Male,28,9993137732
PER02120,Tushar Reddy,Male,21,9586534942
PER02121,Ajay Verma,Male,54,9427308196
PER02122,Varun Singh,Male,21,9809274658
PER02123,Sunil Thakur,Male,36,9441366031
PER02124,Nitin Tiwari,Male,22,9997067451
PER02125,Suresh Pawar,Male,36,9324394952
PER02126,Gauri Bansal,Female,27,9698292674
PER02127,Rashmi Chauhan,Female,37,9437015434
PER02128,Rekha Khanna,Female,46,9111449428
PER02129,Sunil Chandra,Male,39,9838915054
PER02130,Sumit Agarwal,Male,39,9270185734
PER02131,Zara Deshpande,Female,34,9949621045
PER02132,Ramesh Malhotra,Male,33,9238970860
PER02133,Arun Iyer,Male,32,9625544047
PER02134,Vinod Bansal,Male,33,9337349474
PER02135,Sanjay Garg,Male,49,9165647164
PER02136,Lata Reddy,Female,34,9213406880
PER02137,Mansi Srivastava,Female,32,9856114327
PER02138,Manish Kumar,Male,42,9298392021
PER02139,Priya Mittal,Female,39,9926036449
PER02140,Priya Patil,Female,25,9859662331
PER02141,Pankaj Bhatia,Male,50,9405211677
PER02142,Akash Chopra,Male,48,9900932375
PER02143,Kiran Rawat,Female,34,9350684161
PER02144,Rohit Bhatia,Male,46,9134270173
PER02145,Rajesh Yadav,Male,28,9530145062
PER02146,Anjali Kulkarni,Female,37,9676841280
PER02147,Rohan Verma,Male,26,9340644462
PER02148,Sita Mishra,Female,43,9561270649
PER02149,Bhavna Bhatia,Female,32,9549264307
PER02150,Chitra Iyer,Female,21,9673345532
PER02151,Vishal Chauhan,Male,43,9469667641
PER02152,Vinod Bansal,Male,31,9163682685
PER02153,Sapna Joshi,Female,44,9929715824
PER02154,Sachin Patil,Male,33,9486688009
PER02155,Harsh Malhotra,Male,42,9651411015
PER02156,Sachin Mittal,Male,34,9162002072
PER02157,Sanjay Goyal,Male,23,9256631885
PER02158,Vivek Kumar,Male,30,9751822878
PER02159,Hitesh Bose,Male,35,9320377562
PER02160,Gaurav Shah,Male,34,9759183929
PER02161,Neeraj Joshi,Male,40,9902257133
PER02162,Sneha Rastogi,Female,40,9577969145
PER02163,Deepak Rastogi,Male,21,9923803551
PER02164,Sunil Gupta,Male,39,9152196093
PER02165,Meena Khanna,Female,35,9709376717
PER02166,Ekta Dwivedi,Female,41,9556524789
PER02167,Sumit Menon,Male,34,9723264896
PER02168,Sunita Verma,Female,26,9277690640
PER02169,Vishal Chauhan,Male,21,9260728371
PER02170,Shubham Das,Male,38,9470951098
PER02171,Kriti Saxena,Female,27,9634733653
PER02172,Kunal Patil,Male,51,9498800738
PER02173,Suresh Tiwari,Male,33,9209478514
PER02174,Pooja Iyer,Female,47,9948318430
PER02175,Hitesh Joshi,Male,47,9146379784
PER02176,Tarun Shukla,Male,22,9930727602
PER02177,Gauri Pawar,Female,33,9747202764
PER02178,Mansi Verma,Female,27,9192992805
PER02179,Anand Kapoor,Male,47,9303710140
PER02180,Ajay Dwivedi,Male,25,9785137376
PER02181,Vishal Chauhan,Male,38,9989573736
PER02182,Ashish Sharma,Male,35,9102475516
PER02183,Ravi Khanna,Male,25,9377728450
PER02184,Aarti Kumar,Female,50,9486042074
PER02185,Pallavi Kulkarni,Female,31,9143441016
PER02186,Priya Bhatia,Female,46,9885910147
PER02187,Pallavi Mishra,Female,21,9358803390
PER02188,Amit Dubey,Male,42,9707158220
PER02189,Pooja Jain,Female,37,9765741733
PER02190,Shruti Kumar,Female,43,9246614863
PER02191,Ritu Deshpande,Female,37,9168985205
PER02192,Manish Pawar,Male,31,9581650602
PER02193,Kriti Deshpande,Female,41,9841532443
PER02194,Karan Naidu,Male,45,9502445912
PER02195,Tarun Chopra,Male,34,9361563697
PER02196,Sonal Bansal,Female,49,9626390667
PER02197,Sumit Shah,Male,38,9750553244
PER02198,Suresh Shah,Male,43,9794391900
PER02199,Bhavna Deshmukh,Female,28,9464443047
PER02200,Sunita Pawar,Female,55,9410468100
PER02201,Aarti Pawar,Female,31,9826169449
PER02202,Ekta Patil,Female,48,9317336420
PER02203,Lalit Kumar,Male,52,9587755966
PER02204,Anand Chauhan,Male,21,9176174051
PER02205,Ankur Thakur,Male,26,9930129087
PER02206,Shweta Kumar,Female,34,9937050772
PER02207,Pankaj Chauhan,Male,30,9197898674
PER02208,Lalit Rastogi,Male,33,9691851919
PER02209,Arun Garg,Male,48,9536620884
PER02210,Lalit Pillai,Male,43,9631659117
PER02211,Harsh Srivastava,Male,34,9368398459
PER02212,Naveen Sharma,Male,45,9296509640
PER02213,Gauri Mehta,Female,32,9767523280
PER02214,Nitin Chopra,Male,21,9738267231
PER02215,Vivek Bhatia,Male,35,9581716197
PER02216,Akash Jain,Male,31,9481536477
PER02217,Pooja Agarwal,Female,49,9349757124
PER02218,Arun Malhotra,Male,21,9867679570
PER02219,Anita Deshpande,Female,39,9259457568
PER02220,Ashish Iyer,Male,35,9801931905
PER02221,Rahul Joshi,Male,41,9737255766
PER02222,Geeta Mishra,Female,51,9539242645
PER02223,Ajay Naidu,Male,27,9549476832
PER02224,Ajay Deshmukh,Male,58,9465582123
PER02225,Rohan Mittal,Male,21,9577656135
PER02226,Karan Menon,Male,43,9827401139
PER02227,Kiran Dubey,Female,21,9442200200
PER02228,Kriti Garg,Female,38,9762573294
PER02229,Kavita Iyer,Female,27,9362800126
PER02230,Karan Mittal,Male,63,9901859154
PER02231,Sunil Mittal,Male,46,9772220991
PER02232,Jyoti Kulkarni,Female,43,9172934040
PER02233,Suresh Mehta,Male,21,9788235343
PER02234,Arjun Menon,Male,35,9852650146
PER02235,Hitesh Naidu,Male,39,9573901265
PER02236,Ramesh Kulkarni,Male,39,9553235358
PER02237,Neeraj Menon,Male,63,9893208934
PER02238,Arjun Patil,Male,51,9342622145
PER02239,Gaurav Rao,Male,26,9851802974
PER02240,Vishal Pillai,Male,29,9526880200
PER02241,Arun Shukla,Male,45,9744621984
PER02242,Neeraj Rao,Male,40,9386793872
PER02243,Rajesh Patil,Male,35,9966569322
PER02244,Priya Singh,Female,24,9581568387
PER02245,Rashmi Pandey,Female,21,9702091787
PER02246,Karan Singh,Male,39,9742998940
PER02247,Durga Menon,Female,21,9638262589
PER02248,Aman Rastogi,Male,48,9826341076
PER02249,Vishal Nair,Male,41,9538076466
PER02250,Ajay Menon,Male,27,9578709210
PER02251,Abhishek Gupta,Male,41,9890975764
PER02252,Mansi Gupta,Female,44,9278769896
PER02253,Amit Bhatt,Male,30,9149363871
PER02254,Nisha Deshmukh,Female,44,9349857647
PER02255,Suresh Reddy,Male,33,9610927388
PER02256,Meena Shukla,Female,24,9401186704
PER02257,Akash Garg,Male,27,9589605397
PER02258,Harsh Shah,Male,34,9555527941
PER02259,Vinod Shukla,Male,36,9721472546
PER02260,Shruti Reddy,Female,27,9100553851
PER02261,Harsh Mittal,Male,28,9131704003
PER02262,Rashmi Srivastava,Female,33,9163053238
PER02263,Manish Reddy,Male,35,9476872314
PER02264,Isha Thakur,Female,37,9813227829
PER02265,Uma Chopra,Female,38,9471838312
PER02266,Sonal Chauhan,Female,42,9158264169
PER02267,Vandana Joshi,Female,39,9313062612
PER02268,Radha Joshi,Female,57,9525751760
PER02269,Abhishek Yadav,Male,23,9610389279
PER02270,Shweta Chopra,Female,37,9101819447
PER02271,Padma Pillai,Female,25,9191793123
PER02272,Mukesh Gupta,Male,24,9276059024
PER02273,Jatin Kulkarni,Male,27,9992068711
PER02274,Mukesh Agarwal,Male,29,9103284645
PER02275,Rakesh Chandra,Male,47,9551781570
PER02276,Prashant Bose,Male,44,9541176734
PER02277,Sita Tiwari,Female,43,9911434000
PER02278,Richa Goyal,Female,50,9191593278
PER02279,Sonal Dubey,Female,26,9406835582
PER02280,Richa Pandey,Female,31,9854019047
PER02281,Neeraj Bose,Male,27,9556408024
PER02282,Ramesh Rawat,Male,37,9289441771
PER02283,Ramesh Goyal,Male,34,9739044416
PER02284,Nisha Deshpande,Female,41,9896215165
PER02285,Gaurav Goyal,Male,40,9950398361
PER02286,Tushar Goyal,Male,32,9270391607
PER02287,Sanjay Joshi,Male,41,9634647523
PER02288,Arjun Singh,Male,31,9800486091
PER02289,Rajesh Kapoor,Male,21,9425769224
PER02290,Rohan Bhatt,Male,33,9754106759
PER02291,Arjun Joshi,Male,51,9353080520
PER02292,Rohan Gupta,Male,54,9264389933
PER02293,Richa Tiwari,Female,38,9554774718
PER02294,Gauri Shukla,Female,31,9526012206
PER02295,Tara Dwivedi,Female,45,9845151791
PER02296,Mansi Naidu,Female,41,9938351113
PER02297,Manish Das,Male,38,9688015763
PER02298,Vinod Das,Male,34,9489310235
PER02299,Padma Mukherjee,Female,37,9786966422
PER02300,Rajesh Singh,Male,41,9538606194
PER02301,Tara Srivastava,Female,36,9575008307
PER02302,Neeraj Kapoor,Male,63,9349644114
PER02303,Shweta Yadav,Female,31,9512504379
PER02304,Rajesh Chopra,Male,29,9189658580
PER02305,Jatin Rastogi,Male,28,9121013531
PER02306,Ankur Iyer,Male,36,9785473538
PER02307,Maya Garg,Female,38,9769100405
PER02308,Vivek Pillai,Male,30,9124795748
PER02309,Durga Pillai,Female,40,9628381119
PER02310,Geeta Mishra,Female,34,9232803941
PER02311,Shubham Das,Male,39,9230593687
PER02312,Bhavna Iyer,Female,21,9110919124
PER02313,Jatin Malhotra,Male,30,9852369501
PER02314,Sanjay Chandra,Male,43,9976719685
PER02315,Swati Deshpande,Female,51,9440339925
PER02316,Kunal Iyer,Male,40,9947866542
PER02317,Mohit Iyer,Male,27,9638007651
PER02318,Chitra Garg,Female,49,9567685641
PER02319,Namita Thakur,Female,51,9933796103
PER02320,Arun Kapoor,Male,21,9811941040
PER02321,Gaurav Sharma,Male,23,9618490743
PER02322,Radha Naidu,Female,23,9565444578
PER02323,Kavita Kumar,Female,35,9685385237
PER02324,Komal Bansal,Female,34,9641767864
PER02325,Ashish Khanna,Male,34,9849789187
PER02326,Ekta Agarwal,Female,43,9815111301
PER02327,Shubham Chopra,Male,38,9382261718
PER02328,Manish Agarwal,Male,35,9485899077
PER02329,Ankur Rastogi,Male,21,9557449518
PER02330,Zara Pandey,Female,47,9210142126
PER02331,Akash Goyal,Male,38,9141357564
PER02332,Aman Kumar,Male,30,9631988919
PER02333,Meena Kulkarni,Female,32,9145826102
PER02334,Manoj Menon,Male,34,9853995645
PER02335,Chitra Bhatt,Female,36,9356851179
PER02336,Karan Rastogi,Male,32,9459428043
PER02337,Rahul Chauhan,Male,33,9536278819
PER02338,Aman Saxena,Male,34,9121584746
PER02339,Sneha Verma,Female,41,9861341575
PER02340,Nitin Kumar,Male,21,9227098005
PER02341,Chitra Bhatt,Female,38,9367302576
PER02342,Kavita Chandra,Female,34,9963317690
PER02343,Deepak Bansal,Male,46,9587726175
PER02344,Tanvi Chauhan,Female,40,9802027245
PER02345,Deepa Mishra,Female,45,9708365140
PER02346,Rakesh Dwivedi,Male,31,9774145525
PER02347,Tanvi Patil,Female,27,9729564529
PER02348,Rahul Shukla,Male,31,9119624417
PER02349,Megha Chauhan,Female,21,9603987102
PER02350,Vandana Iyer,Female,27,9947370020
PER02351,Rohit Agarwal,Male,38,9492446260
PER02352,Sneha Kulkarni,Female,42,9286335488
PER02353,Pankaj Srivastava,Male,51,9391731723
PER02354,Rajesh Jain,Male,36,9477478526
PER02355,Anand Naidu,Male,28,9634708689
PER02356,Tushar Bhatt,Male,32,9960392815
PER02357,Sapna Bansal,Female,34,9277856619
PER02358,Rakesh Naidu,Male,22,9550301520
PER02359,Arun Garg,Male,21,9629825519
PER02360,Pankaj Chandra,Male,37,9927013217
PER02361,Jyoti Bose,Female,21,9355627053
PER02362,Durga Pawar,Female,30,9337717623
PER02363,Tanvi Pandey,Female,21,9270095977
PER02364,Amit Khanna,Male,36,9893443860
PER02365,Neha Patil,Female,21,9345201232
PER02366,Deepa Malhotra,Female,38,9876833390
PER02367,Rohan Kulkarni,Male,42,9922406343
PER02368,Pooja Singh,Female,47,9663387752
PER02369,Bhavna Agarwal,Female,23,9167026013
PER02370,Sachin Bhatt,Male,21,9642601282
PER02371,Vandana Garg,Female,30,9649174143
PER02372,Ramesh Mehta,Male,39,9292067545
PER02373,Sita Saxena,Female,37,9483697720
PER02374,Gaurav Das,Male,38,9280963352
PER02375,Deepa Mehta,Female,30,9978837883
PER02376,Pankaj Bhatia,Male,30,9595277186
PER02377,Swati Thakur,Female,34,9505950645
PER02378,Sita Rawat,Female,29,9492117883
PER02379,Manoj Tiwari,Male,43,9109042600
PER02380,Rekha Mishra,Female,46,9286526130
PER02381,Zara Pandey,Female,42,9775311930
PER02382,Jatin Goyal,Male,35,9778082314
PER02383,Shubham Sharma,Male,38,9602464467
PER02384,Ankur Gupta,Male,38,9411502123
PER02385,Kavita Pawar,Female,55,9704050259
PER02386,Pallavi Khanna,Female,37,9681236534
PER02387,Tanvi Mukherjee,Female,28,9929553478
PER02388,Jatin Thakur,Male,47,9420078170
PER02389,Mohit Iyer,Male,40,9933753664
PER02390,Prashant Naidu,Male,23,9234855905
PER02391,Padma Naidu,Female,43,9489590583
PER02392,Yamini Dubey,Female,34,9306665857
PER02393,Richa Patil,Female,21,9448461432
PER02394,Richa Rawat,Female,42,9437211027
PER02395,Neeraj Joshi,Male,31,9966323192
PER02396,Namita Shah,Female,38,9573644613
PER02397,Aman Goyal,Male,33,9546504715
PER02398,Sneha Kumar,Female,31,9939808417
PER02399,Akash Iyer,Male,46,9165535630
PER02400,Divya Khanna,Female,50,9625912042
PER02401,Kiran Verma,Female,42,9866413914
PER02402,Tanvi Khanna,Female,36,9351812081
PER02403,Suresh Mukherjee,Male,33,9271826959
PER02404,Jatin Rao,Male,36,9670091159
PER02405,Piyush Rastogi,Male,28,9509718507
PER02406,Sonal Kulkarni,Female,26,9456120935
PER02407,Zara Kapoor,Female,47,9382223317
PER02408,Neeraj Deshpande,Male,39,9853403260
PER02409,Deepak Singh,Male,43,9159994017
PER02410,Lalit Patil,Male,38,9737673508
PER02411,Ankur Chopra,Male,42,9652474128
PER02412,Ajay Malhotra,Male,38,9817255554
PER02413,Shweta Das,Female,32,9822890343
PER02414,Anand Kapoor,Male,39,9764476085
PER02415,Richa Thakur,Female,27,9587099569
PER02416,Vivek Kumar,Male,21,9812159803
PER02417,Heena Agarwal,Female,30,9339296349
PER02418,Ajay Reddy,Male,42,9842586358
PER02419,Richa Dubey,Female,26,9732391553
PER02420,Chitra Bose,Female,41,9163720940
PER02421,Ankur Menon,Male,50,9574545823
PER02422,Megha Naidu,Female,37,9799743742
PER02423,Tarun Gupta,Male,43,9702960807
PER02424,Rohit Tiwari,Male,21,9876407765
PER02425,Tarun Shukla,Male,36,9235832323
PER02426,Pooja Pandey,Female,29,9577555282
PER02427,Naveen Singh,Male,39,9419753972
PER02428,Uma Joshi,Female,28,9421858517
PER02429,Jatin Kumar,Male,24,9796388684
PER02430,Sanjay Mehta,Male,21,9152860029
PER02431,Aditi Srivastava,Female,32,9965642192
PER02432,Lata Patil,Female,28,9726541362
PER02433,Sunil Chandra,Male,51,9257296925
PER02434,Tara Pillai,Female,36,9364158383
PER02435,Ankur Das,Male,30,9177353683
PER02436,Richa Patil,Female,38,9121564850
PER02437,Harsh Chauhan,Male,36,9177919668
PER02438,Rohit Chopra,Male,48,9196630041
PER02439,Aarti Naidu,Female,33,9311108568
PER02440,Anjali Bhatia,Female,21,9859564789
PER02441,Kiran Agarwal,Female,37,9988640431
PER02442,Pooja Goyal,Female,34,9862490356
PER02443,Manish Garg,Male,35,9417683336
PER02444,Neeraj Singh,Male,27,9200850682
PER02445,Anjali Kulkarni,Female,30,9599574905
PER02446,Anand Joshi,Male,25,9612413553
PER02447,Arun Nair,Male,33,9326262098
PER02448,Suresh Saxena,Male,41,9635016442
PER02449,Rashmi Bose,Female,44,9769765568
PER02450,Anita Rao,Female,38,9436594249
PER02451,Anand Kapoor,Male,52,9974633123
PER02452,Dinesh Pandey,Male,36,9275745419
PER02453,Lalit Gupta,Male,43,9105696420
PER02454,Shubham Patil,Male,22,9971342711
PER02455,Meena Mukherjee,Female,41,9827759384
PER02456,Rajesh Garg,Male,21,9317108026
PER02457,Akash Rawat,Male,39,9293292582
PER02458,Tanvi Das,Female,41,9246689780
PER02459,Namita Menon,Female,42,9634217682
PER02460,Sapna Reddy,Female,21,9386464175
PER02461,Hitesh Pawar,Male,30,9469559777
PER02462,Priya Yadav,Female,27,9509649794
PER02463,Pankaj Nair,Male,49,9266466616
PER02464,Anand Joshi,Male,50,9227708253
PER02465,Mohit Patel,Male,47,9245493655
PER02466,Rashmi Kumar,Female,30,9844616045
PER02467,Amit Iyer,Male,30,9961437271
PER02468,Pallavi Kumar,Female,32,9637887218
PER02469,Anita Bansal,Female,36,9103098127
PER02470,Ekta Malhotra,Female,46,9106149558
PER02471,Pankaj Patil,Male,32,9517205106
PER02472,Abhishek Dubey,Male,40,9169446015
PER02473,Naveen Bose,Male,21,9591153028
PER02474,Rohit Agarwal,Male,21,9225725827
PER02475,Vivek Reddy,Male,28,9488748098
PER02476,Ankur Rawat,Male,21,9401662696
PER02477,Akash Rastogi,Male,36,9158151071
PER02478,Vandana Tiwari,Female,29,9684160794
PER02479,Kunal Saxena,Male,39,9811616099
PER02480,Vivek Sharma,Male,31,9388708107
PER02481,Prashant Pawar,Male,40,9432133769
PER02482,Anita Shukla,Female,34,9239594327
PER02483,Sanjay Menon,Male,27,9871047640
PER02484,Rahul Bhatt,Male,32,9556002833
PER02485,Piyush Bose,Male,30,9502549206
PER02486,Mohit Mittal,Male,39,9179622620
PER02487,Hitesh Joshi,Male,38,9156570315
PER02488,Chitra Shah,Female,27,9355220312
PER02489,Ashish Gupta,Male,30,9143132643
PER02490,Nisha Patil,Female,21,9171839490
PER02491,Abhishek Patil,Male,30,9711014763
PER02492,Vivek Deshmukh,Male,26,9525857555
PER02493,Prashant Reddy,Male,25,9570934293
PER02494,Maya Rao,Female,31,9720931449
PER02495,Namita Dubey,Female,41,9458742594
PER02496,Deepak Garg,Male,41,9847372324
PER02497,Naveen Rao,Male,36,9665990802
PER02498,Sita Chopra,Female,27,9909322330
PER02499,Rajesh Iyer,Male,24,9845558099
PER02500,Sonal Mittal,Female,22,9637413811
PER02501,Heena Bansal,Female,30,9451286711
PER02502,Aman Goyal,Male,42,9503535215
PER02503,Varun Rao,Male,30,9400783184
PER02504,Rohit Singh,Male,54,9998107875
PER02505,Abhishek Verma,Male,47,9607198720
PER02506,Sanjay Reddy,Male,38,9240365012
PER02507,Pankaj Chauhan,Male,21,9808597723
PER02508,Zara Bhatia,Female,25,9838577027
PER02509,Chitra Mukherjee,Female,32,9948727733
PER02510,Vishal Chopra,Male,24,9275399323
PER02511,Isha Chopra,Female,42,9552202092
PER02512,Amit Bansal,Male,21,9688109030
PER02513,Sonal Yadav,Female,38,9922940059
PER02514,Tanvi Rastogi,Female,21,9177891260
PER02515,Yamini Singh,Female,41,9238564089
PER02516,Jyoti Pawar,Female,21,9997363742
PER02517,Mohit Garg,Male,40,9163049500
PER02518,Suresh Mehta,Male,35,9645927598
PER02519,Pankaj Naidu,Male,24,9920379301
PER02520,Pallavi Pandey,Female,31,9226848060
PER02521,Aditi Patel,Female,37,9390855675
PER02522,Sita Joshi,Female,37,9573462174
PER02523,Arjun Dwivedi,Male,52,9159689991
PER02524,Tarun Singh,Male,31,9306175769
PER02525,Lalit Bansal,Male,46,9474511495
PER02526,Kriti Jain,Female,45,9771919877
PER02527,Tara Gupta,Female,32,9713713692
PER02528,Sanjay Rastogi,Male,27,9869901977
PER02529,Tara Shah,Female,21,9368306293
PER02530,Deepak Reddy,Male,35,9451974031
PER02531,Nitin Pandey,Male,40,9783068351
PER02532,Geeta Dwivedi,Female,21,9758680729
PER02533,Mansi Menon,Female,27,9977361844
PER02534,Jyoti Thakur,Female,51,9310163937
PER02535,Gauri Mukherjee,Female,41,9609847972
PER02536,Naveen Pandey,Male,34,9931116280
PER02537,Komal Joshi,Female,21,9353816810
PER02538,Abhishek Saxena,Male,36,9312387812
PER02539,Pankaj Sharma,Male,34,9506752229
PER02540,Aditi Naidu,Female,23,9264383211
PER02541,Chitra Rao,Female,41,9482061649
PER02542,Dinesh Menon,Male,37,9590507601
PER02543,Anand Mishra,Male,54,9441813775
PER02544,Kriti Chauhan,Female,42,9368041769
PER02545,Rajesh Patil,Male,29,9760271774
PER02546,Ritu Garg,Female,32,9314109946
PER02547,Prashant Bhatia,Male,50,9724408067
PER02548,Priya Reddy,Female,37,9508438205
PER02549,Piyush Mukherjee,Male,26,9679338388
PER02550,Tanvi Dubey,Female,43,9687990894
PER02551,Ramesh Verma,Male,65,9137756144
PER02552,Bhavna Shah,Female,51,9166820361
PER02553,Radha Garg,Female,29,9745195628
PER02554,Sunil Thakur,Male,34,9389752297
PER02555,Hitesh Kulkarni,Male,34,9701576240
PER02556,Vikram Garg,Male,21,9834500006
PER02557,Arun Shah,Male,35,9994851702
PER02558,Sumit Khanna,Male,21,9472553298
PER02559,Abhishek Goyal,Male,22,9212311847
PER02560,Sita Das,Female,38,9615802077
PER02561,Vandana Chandra,Female,26,9548685654
PER02562,Zara Rao,Female,33,9621125345
PER02563,Tarun Kumar,Male,39,9796614163
PER02564,Sunil Khanna,Male,31,9931891914
PER02565,Bhavna Menon,Female,43,9773909451
PER02566,Durga Chopra,Female,21,9395210468
PER02567,Ramesh Dwivedi,Male,25,9609445742
PER02568,Naveen Dubey,Male,34,9697213447
PER02569,Mohit Jain,Male,21,9726783925
PER02570,Rohit Joshi,Male,45,9555946766
PER02571,Mansi Dwivedi,Female,23,9262160145
PER02572,Aman Nair,Male,25,9720549715
PER02573,Tarun Sharma,Male,39,9324356131
PER02574,Prashant Deshmukh,Male,47,9220847730
PER02575,Kunal Patel,Male,38,9986300368
PER02576,Hitesh Das,Male,35,9253439708
PER02577,Rohit Bhatt,Male,42,9131655511
PER02578,Manoj Chauhan,Male,38,9804271793
PER02579,Suresh Pawar,Male,54,9772958028
PER02580,Kunal Patel,Male,41,9453242821
PER02581,Sunil Shah,Male,40,9461682787
PER02582,Deepak Malhotra,Male,24,9600104690
PER02583,Jyoti Singh,Female,48,9926770898
PER02584,Ankur Chopra,Male,25,9586562763
PER02585,Tushar Shah,Male,44,9518664535
PER02586,Mukesh Deshmukh,Male,21,9169738680
PER02587,Arjun Rawat,Male,21,9451946755
PER02588,Vishal Reddy,Male,53,9320914369
PER02589,Vivek Kulkarni,Male,21,9840154161
PER02590,Karan Singh,Male,25,9548836934
PER02591,Amit Kapoor,Male,31,9871957465
PER02592,Arun Menon,Male,22,9629376506
PER02593,Vishal Deshmukh,Male,28,9887543172
PER02594,Manish Deshpande,Male,41,9252584633
PER02595,Akash Gupta,Male,31,9471579650
PER02596,Ankur Naidu,Male,30,9550960709
PER02597,Lata Garg,Female,35,9460786278
PER02598,Sneha Tiwari,Female,21,9240130393
PER02599,Lalit Reddy,Male,22,9110988221
PER02600,Mohit Mishra,Male,35,9729945517
PER02601,Naveen Naidu,Male,31,9539435406
PER02602,Akash Chopra,Male,21,9578969380
PER02603,Akash Rawat,Male,22,9109008677
PER02604,Abhishek Rawat,Male,27,9391994589
PER02605,Yamini Bose,Female,36,9421256669
PER02606,Tushar Verma,Male,60,9800717083
PER02607,Isha Chauhan,Female,39,9711303957
PER02608,Mohit Pillai,Male,37,9388705972
PER02609,Vikram Yadav,Male,43,9400155836
PER02610,Varun Pillai,Male,46,9128999525
PER02611,Hitesh Kumar,Male,35,9835499407
PER02612,Arun Bansal,Male,46,9241282078
PER02613,Tara Shah,Female,38,9469075964
PER02614,Aditi Deshpande,Female,40,9817691908
PER02615,Komal Singh,Female,40,9329578032
PER02616,Rajesh Pillai,Male,31,9198254548
PER02617,Amit Singh,Male,31,9677437505
PER02618,Bhavna Gupta,Female,33,9875634281
PER02619,Sachin Pillai,Male,35,9841886045
PER02620,Tarun Rawat,Male,21,9833575930
PER02621,Pallavi Kapoor,Female,22,9116860423
PER02622,Sanjay Sharma,Male,31,9295072408
PER02623,Karan Dwivedi,Male,45,9218409174
PER02624,Anand Shukla,Male,25,9453408031
PER02625,Rajesh Bhatia,Male,21,9174511324
PER02626,Neeraj Deshpande,Male,27,9194046515
PER02627,Suresh Rao,Male,21,9823800958
PER02628,Swati Bhatia,Female,45,9421039178
PER02629,Rohit Das,Male,30,9584673007
PER02630,Sita Shukla,Female,43,9872046179
PER02631,Arun Menon,Male,30,9501051821
PER02632,Ravi Rawat,Male,33,9144289309
PER02633,Nisha Das,Female,35,9153953573
PER02634,Deepak Chauhan,Male,26,9631849751
PER02635,Tanvi Bansal,Female,42,9872924942
PER02636,Sapna Mehta,Female,27,9309538937
PER02637,Jatin Chopra,Male,33,9806326303
PER02638,Rohan Mukherjee,Male,52,9727697245
PER02639,Rohit Yadav,Male,32,9435917443
PER02640,Amit Patel,Male,38,9395425282
PER02641,Arjun Goyal,Male,37,9514982072
PER02642,Geeta Gupta,Female,32,9454073989
PER02643,Tushar Chandra,Male,32,9667868229
PER02644,Vinod Bansal,Male,51,9806057840
PER02645,Sita Shah,Female,21,9634050039
PER02646,Manoj Menon,Male,41,9111918863
PER02647,Vandana Verma,Female,39,9939890637
PER02648,Mukesh Pillai,Male,44,9266296168
PER02649,Neeraj Bhatia,Male,49,9363160985
PER02650,Akash Shah,Male,38,9706719494
PER02651,Naveen Pandey,Male,36,9957909792
PER02652,Yogesh Menon,Male,44,9881860615
PER02653,Ankur Pillai,Male,26,9430485647
PER02654,Sanjay Mukherjee,Male,41,9173311994
PER02655,Abhishek Saxena,Male,33,9833214397
PER02656,Rohan Naidu,Male,47,9301998589
PER02657,Anand Saxena,Male,21,9709120247
PER02658,Rohit Menon,Male,38,9159739796
PER02659,Rakesh Patel,Male,45,9802190166
PER02660,Vikram Kapoor,Male,45,9309278947
PER02661,Yogesh Rao,Male,39,9502767091
PER02662,Ajay Goyal,Male,23,9265618180
PER02663,Rohit Pawar,Male,29,9507684344
PER02664,Tanvi Khanna,Female,21,9172289619
PER02665,Mukesh Mehta,Male,30,9694421934
PER02666,Radha Deshmukh,Female,39,9453209876
PER02667,Zara Deshpande,Female,41,9959582193
PER02668,Rohan Naidu,Male,35,9784865951
PER02669,Shubham Joshi,Male,40,9531308834
PER02670,Zara Das,Female,34,9660379359
PER02671,Namita Bansal,Female,46,9619362216
PER02672,Vishal Bose,Male,21,9912386060
PER02673,Naveen Rao,Male,41,9866606857
PER02674,Kavita Shukla,Female,31,9889842033
PER02675,Sachin Garg,Male,42,9107189626
PER02676,Neeraj Patil,Male,38,9818242833
PER02677,Rakesh Tiwari,Male,34,9251212375
PER02678,Kunal Deshpande,Male,37,9655169448
PER02679,Jatin Kumar,Male,26,9389180159
PER02680,Kriti Chauhan,Female,54,9115154663
PER02681,Isha Pandey,Female,21,9413652280
PER02682,Nisha Mittal,Female,21,9381864738
PER02683,Ajay Mittal,Male,41,9284907189
PER02684,Rashmi Chandra,Female,50,9736020327
PER02685,Namita Saxena,Female,40,9882986097
PER02686,Shweta Bansal,Female,49,9151937982
PER02687,Uma Dubey,Female,37,9783036304
PER02688,Piyush Das,Male,29,9624641291
PER02689,Kunal Deshmukh,Male,28,9591413832
PER02690,Aman Goyal,Male,47,9809412258
PER02691,Sunil Kumar,Male,24,9316772037
PER02692,Sonal Naidu,Female,21,9770783981
PER02693,Ajay Agarwal,Male,31,9975222666
PER02694,Naveen Srivastava,Male,21,9185416280
PER02695,Geeta Pandey,Female,41,9214020438
PER02696,Pankaj Shah,Male,48,9736205751
PER02697,Kunal Sharma,Male,42,9413247775
PER02698,Anjali Rawat,Female,21,9451869830
PER02699,Mansi Shah,Female,32,9365724104
PER02700,Shweta Bhatia,Female,29,9889213494
PER02701,Sunil Srivastava,Male,48,9816536993
PER02702,Ramesh Mehta,Male,26,9397683761
PER02703,Tarun Pawar,Male,34,9308114109
PER02704,Jyoti Kumar,Female,58,9779152107
PER02705,Sneha Joshi,Female,63,9518489124
PER02706,Bhavna Shah,Female,37,9194080472
PER02707,Tara Verma,Female,60,9530274549
PER02708,Ekta Mittal,Female,25,9380749638
PER02709,Vandana Chauhan,Female,29,9440166095
PER02710,Yamini Dwivedi,Female,31,9342542894
PER02711,Nitin Kulkarni,Male,44,9519936865
PER02712,Sachin Kapoor,Male,55,9338707337
PER02713,Prashant Tiwari,Male,31,9994985839
PER02714,Aditi Yadav,Female,43,9756942465
PER02715,Harsh Yadav,Male,28,9817032691
PER02716,Prashant Mukherjee,Male,28,9222179847
PER02717,Prashant Verma,Male,52,9342583631
PER02718,Jatin Bansal,Male,37,9494032120
PER02719,Kiran Rawat,Female,41,9516514478
PER02720,Ekta Thakur,Female,36,9618202657
PER02721,Varun Singh,Male,24,9174623108
PER02722,Geeta Kumar,Female,48,9767326169
PER02723,Tushar Mishra,Male,44,9513721471
PER02724,Sanjay Jain,Male,23,9890936931
PER02725,Maya Goyal,Female,52,9964204221
PER02726,Richa Goyal,Female,23,9597111064
PER02727,Geeta Pawar,Female,44,9839934736
PER02728,Divya Rastogi,Female,50,9868798358
PER02729,Suresh Sharma,Male,35,9465368019
PER02730,Kavita Rawat,Female,21,9949754041
PER02731,Vishal Shukla,Male,21,9350273782
PER02732,Jatin Yadav,Male,43,9225257697
PER02733,Tushar Rao,Male,21,9847018168
PER02734,Kunal Thakur,Male,47,9708567334
PER02735,Arjun Kapoor,Male,21,9914641385
PER02736,Nitin Chandra,Male,31,9726191011
PER02737,Ekta Sharma,Female,48,9296320762
PER02738,Tanvi Kulkarni,Female,21,9933682913
PER02739,Gaurav Chandra,Male,45,9289340244
PER02740,Ritu Patel,Female,34,9468154387
PER02741,Ramesh Rastogi,Male,27,9479169611
PER02742,Heena Sharma,Female,27,9669133957
PER02743,Shubham Chopra,Male,25,9565250917
PER02744,Amit Pillai,Male,31,9507647747
PER02745,Anita Sharma,Female,31,9551893095
PER02746,Rohan Tiwari,Male,46,9649029658
PER02747,Sachin Deshmukh,Male,30,9811902475
PER02748,Vandana Malhotra,Female,38,9622818605
PER02749,Ritu Yadav,Female,43,9998460011
PER02750,Yogesh Srivastava,Male,30,9806245187
PER02751,Anjali Iyer,Female,36,9194811975
PER02752,Abhishek Tiwari,Male,28,9642029828
PER02753,Maya Kumar,Female,28,9176847548
PER02754,Chitra Naidu,Female,27,9693615034
PER02755,Shubham Saxena,Male,40,9945053047
PER02756,Vinod Chandra,Male,44,9330939470
PER02757,Karan Menon,Male,57,9685855443
PER02758,Shubham Tiwari,Male,32,9549768682
PER02759,Deepa Tiwari,Female,29,9512833707
PER02760,Sanjay Yadav,Male,41,9538908577
PER02761,Piyush Mehta,Male,50,9182505686
PER02762,Shruti Tiwari,Female,33,9247840369
PER02763,Lalit Bhatt,Male,27,9716810385
PER02764,Rajesh Verma,Male,38,9390882339
PER02765,Kunal Naidu,Male,21,9166313228
PER02766,Zara Deshmukh,Female,60,9751091698
PER02767,Sneha Pandey,Female,50,9601564050
PER02768,Lata Joshi,Female,39,9338722843
PER02769,Jatin Garg,Male,29,9440005223
PER02770,Shubham Jain,Male,51,9311745431
PER02771,Mohit Iyer,Male,37,9500824304
PER02772,Harsh Chandra,Male,32,9599179438
PER02773,Tara Pawar,Female,27,9516742569
PER02774,Padma Iyer,Female,36,9775881731
PER02775,Sunil Naidu,Male,37,9287691446
PER02776,Vikram Pandey,Male,33,9474390980
PER02777,Lalit Khanna,Male,37,9981171236
PER02778,Naveen Chauhan,Male,21,9247097361
PER02779,Ankur Bhatt,Male,30,9488599579
PER02780,Mukesh Shukla,Male,40,9494906907
PER02781,Tarun Pawar,Male,30,9298485918
PER02782,Suresh Shukla,Male,27,9366839735
PER02783,Lata Mishra,Female,50,9753505315
PER02784,Vinod Naidu,Male,38,9338575772
PER02785,Piyush Mishra,Male,22,9243905977
PER02786,Amit Patil,Male,36,9511647708
PER02787,Meena Rastogi,Female,46,9819546685
PER02788,Ravi Dubey,Male,27,9389695619
PER02789,Kavita Srivastava,Female,25,9891847304
PER02790,Durga Pillai,Female,39,9952363686
PER02791,Vishal Gupta,Male,21,9444544144
PER02792,Arun Thakur,Male,41,9905647037
PER02793,Varun Mittal,Male,43,9798741840
PER02794,Swati Nair,Female,28,9553481512
PER02795,Mohit Chopra,Male,38,9299925999
PER02796,Durga Singh,Female,42,9517512852
PER02797,Vinod Pandey,Male,25,9836344758
PER02798,Vikram Reddy,Male,21,9162938521
PER02799,Chitra Mittal,Female,38,9772533559
PER02800,Geeta Nair,Female,39,9819583921
PER02801,Yamini Mishra,Female,36,9523109914
PER02802,Ajay Verma,Male,24,9988984797
PER02803,Hitesh Gupta,Male,34,9937511310
PER02804,Richa Rawat,Female,46,9848276504
PER02805,Manoj Deshpande,Male,30,9576821328
PER02806,Tarun Mishra,Male,41,9111740521
PER02807,Rajesh Kumar,Male,35,9946071117
PER02808,Tushar Pawar,Male,39,9348705885
PER02809,Gaurav Reddy,Male,51,9725653962
PER02810,Shweta Chopra,Female,42,9255272854
PER02811,Gauri Thakur,Female,49,9415576283
PER02812,Prashant Jain,Male,26,9159495017
PER02813,Aman Gupta,Male,24,9883316389
PER02814,Ramesh Singh,Male,34,9941421963
PER02815,Tarun Menon,Male,43,9454390735
PER02816,Tushar Khanna,Male,44,9426777231
PER02817,Tushar Tiwari,Male,41,9572487418
PER02818,Ravi Agarwal,Male,21,9123755966
PER02819,Anand Saxena,Male,31,9294547298
PER02820,Isha Rastogi,Female,36,9644044316
PER02821,Dinesh Pillai,Male,34,9367328477
PER02822,Ravi Patil,Male,34,9874311052
PER02823,Ramesh Joshi,Male,35,9468840076
PER02824,Rakesh Iyer,Male,39,9204157423
PER02825,Rohan Srivastava,Male,51,9912939042
PER02826,Dinesh Rawat,Male,35,9221732242
PER02827,Gaurav Bansal,Male,34,9226694675
PER02828,Shubham Goyal,Male,63,9564222152
PER02829,Richa Dubey,Female,22,9456550738
PER02830,Sunita Kulkarni,Female,21,9496427313
PER02831,Sumit Rawat,Male,47,9761823325
PER02832,Sonal Joshi,Female,44,9909130961
PER02833,Divya Sharma,Female,33,9260452812
PER02834,Tushar Bansal,Male,26,9268430017
PER02835,Padma Kulkarni,Female,31,9387952654
PER02836,Sunil Dwivedi,Male,32,9971834941
PER02837,Akash Deshpande,Male,31,9134870419
PER02838,Richa Pawar,Female,35,9423553292
PER02839,Rohan Bhatia,Male,35,9361684729
PER02840,Kiran Kumar,Female,23,9854653134
PER02841,Piyush Agarwal,Male,39,9890842621
PER02842,Ajay Chauhan,Male,33,9429201203
PER02843,Rekha Kulkarni,Female,33,9392217074
PER02844,Geeta Shah,Female,51,9868887162
PER02845,Abhishek Mittal,Male,38,9551236925
PER02846,Ashish Singh,Male,24,9895696528
PER02847,Gaurav Mishra,Male,54,9809880428
PER02848,Dinesh Dubey,Male,28,9962736284
PER02849,Chitra Deshmukh,Female,32,9561396351
PER02850,Bhavna Patil,Female,32,9649209846
PER02851,Anand Rao,Male,32,9549034386
PER02852,Rohit Mittal,Male,34,9252991172
PER02853,Rahul Bose,Male,26,9498372601
PER02854,Nisha Rao,Female,23,9868339844
PER02855,Rashmi Singh,Female,41,9332060535
PER02856,Deepa Srivastava,Female,51,9782063238
PER02857,Lata Malhotra,Female,45,9480296127
PER02858,Meena Rao,Female,36,9884124356
PER02859,Rajesh Menon,Male,39,9615703794
PER02860,Vikram Sharma,Male,39,9386789033
PER02861,Manish Bose,Male,38,9325434426
PER02862,Komal Iyer,Female,21,9807322867
PER02863,Rohan Das,Male,24,9604341510
PER02864,Ekta Bansal,Female,36,9935567075
PER02865,Lalit Gupta,Male,22,9194624353
PER02866,Sunita Pillai,Female,25,9556231736
PER02867,Prashant Menon,Male,31,9325127531
PER02868,Shweta Mehta,Female,49,9744234790
PER02869,Shruti Nair,Female,44,9507079541
PER02870,Shubham Deshmukh,Male,24,9371209732
PER02871,Sita Iyer,Female,27,9733286174
PER02872,Deepak Joshi,Male,22,9405309054
PER02873,Nitin Pawar,Male,39,9499180352
PER02874,Ankur Iyer,Male,26,9295489353
PER02875,Anand Shah,Male,37,9659793656
PER02876,Sonal Bhatt,Female,43,9537209201
PER02877,Anjali Chopra,Female,36,9431181990
PER02878,Dinesh Thakur,Male,33,9783280381
PER02879,Richa Pandey,Female,21,9309100297
PER02880,Gauri Chandra,Female,31,9167958685
PER02881,Rohit Mittal,Male,52,9443627136
PER02882,Gaurav Deshpande,Male,21,9657507507
PER02883,Akash Rao,Male,33,9933613736
PER02884,Rashmi Agarwal,Female,31,9714824983
PER02885,Sneha Pandey,Female,35,9233303594
PER02886,Kiran Mittal,Female,38,9779074906
PER02887,Vikram Pawar,Male,21,9139247464
PER02888,Pankaj Mishra,Male,28,9372998256
PER02889,Megha Iyer,Female,32,9823437063
PER02890,Harsh Verma,Male,29,9888935756
PER02891,Durga Shah,Female,25,9506918339
PER02892,Durga Chandra,Female,22,9672882699
PER02893,Vandana Nair,Female,27,9175653960
PER02894,Vandana Mishra,Female,50,9196054304
PER02895,Bhavna Joshi,Female,24,9216543673
PER02896,Vivek Goyal,Male,23,9648924860
PER02897,Arjun Yadav,Male,42,9426762807
PER02898,Meena Mittal,Female,33,9595425923
PER02899,Aman Kapoor,Male,40,9607629974
PER02900,Nitin Tiwari,Male,31,9577610390
PER02901,Yamini Chauhan,Female,30,9778240401
PER02902,Shruti Saxena,Female,32,9544107110
PER02903,Padma Tiwari,Female,37,9787062960
PER02904,Varun Mittal,Male,42,9603577843
PER02905,Manish Das,Male,33,9110615626
PER02906,Mukesh Rawat,Male,34,9647540224
PER02907,Gaurav Mishra,Male,28,9420144612
PER02908,Vivek Pandey,Male,33,9533306960
PER02909,Vikram Srivastava,Male,50,9179390732
PER02910,Harsh Das,Male,37,9603117399
PER02911,Sachin Rastogi,Male,46,9585262386
PER02912,Tanvi Nair,Female,35,9621482470
PER02913,Komal Kulkarni,Female,41,9693928907
PER02914,Karan Nair,Male,33,9888548447
PER02915,Aditi Pandey,Female,38,9728844445
PER02916,Gaurav Gupta,Male,21,9543348430
PER02917,Rakesh Patel,Male,25,9755874716
PER02918,Harsh Mehta,Male,43,9791036565
PER02919,Mansi Kulkarni,Female,23,9164779386
PER02920,Piyush Dubey,Male,50,9510699605
PER02921,Arjun Rawat,Male,21,9969133090
PER02922,Yogesh Bansal,Male,21,9541477425
PER02923,Akash Pawar,Male,25,9190215142
PER02924,Vishal Sharma,Male,45,9652770687
PER02925,Aarti Iyer,Female,26,9878890117
PER02926,Megha Bansal,Female,29,9627318816
PER02927,Sumit Gupta,Male,32,9413581697
PER02928,Abhishek Deshpande,Male,50,9280140137
PER02929,Rakesh Deshmukh,Male,41,9924912267
PER02930,Kiran Dubey,Female,29,9655064435
PER02931,Ankur Dwivedi,Male,31,9385325425
PER02932,Heena Pandey,Female,41,9828140125
PER02933,Abhishek Mehta,Male,31,9466932270
PER02934,Padma Reddy,Female,22,9619107621
PER02935,Naveen Dwivedi,Male,38,9605589020
PER02936,Shruti Malhotra,Female,28,9308572340
PER02937,Heena Bose,Female,39,9545504711
PER02938,Sunil Rastogi,Male,40,9506534798
PER02939,Hitesh Das,Male,43,9679632792
PER02940,Arun Tiwari,Male,36,9724099782
PER02941,Rajesh Verma,Male,28,9147866837
PER02942,Chitra Kumar,Female,21,9235756293
PER02943,Vandana Bansal,Female,35,9775947548
PER02944,Pankaj Joshi,Male,25,9349645868
PER02945,Aman Goyal,Male,36,9433765243
PER02946,Vandana Garg,Female,21,9842132560
PER02947,Dinesh Bhatt,Male,40,9608513976
PER02948,Kriti Dwivedi,Female,37,9871727013
PER02949,Arun Menon,Male,34,9976610384
PER02950,Vikram Chauhan,Male,21,9146140323
PER02951,Ankur Das,Male,38,9845953488
PER02952,Yogesh Naidu,Male,37,9193440917
PER02953,Swati Nair,Female,47,9763664241
PER02954,Tarun Kumar,Male,35,9897698025
PER02955,Tushar Singh,Male,26,9608529638
PER02956,Aarti Das,Female,37,9232475599
PER02957,Aman Deshpande,Male,26,9788863079
PER02958,Rohan Mehta,Male,42,9709611997
PER02959,Ramesh Pandey,Male,43,9740308238
PER02960,Vandana Kapoor,Female,39,9568172746
PER02961,Kiran Kumar,Female,40,9478415549
PER02962,Amit Pawar,Male,29,9885374162
PER02963,Isha Rastogi,Female,44,9821561184
PER02964,Ramesh Sharma,Male,34,9553556914
PER02965,Chitra Menon,Female,29,9380293472
PER02966,Ajay Das,Male,30,9107678870
PER02967,Neeraj Reddy,Male,21,9816318912
PER02968,Aditi Agarwal,Female,27,9840060428
PER02969,Radha Agarwal,Female,44,9881153781
PER02970,Divya Deshpande,Female,29,9548842762
PER02971,Naveen Gupta,Male,29,9400474707
PER02972,Rajesh Jain,Male,28,9197829057
PER02973,Jyoti Deshpande,Female,24,9838152752
PER02974,Rekha Chandra,Female,27,9488342641
PER02975,Rahul Reddy,Male,21,9526427357
PER02976,Deepa Kulkarni,Female,25,9856442162
PER02977,Sapna Bhatia,Female,38,9727792889
PER02978,Vikram Garg,Male,35,9787285441
PER02979,Aman Naidu,Male,32,9833486739
PER02980,Manish Khanna,Male,21,9758561122
PER02981,Pankaj Saxena,Male,44,9768422274
PER02982,Deepak Patel,Male,37,9593583275
PER02983,Mohit Dwivedi,Male,41,9748044564
PER02984,Jatin Rastogi,Male,34,9669197476
PER02985,Amit Tiwari,Male,21,9716085780
PER02986,Rahul Pandey,Male,40,9889848655
PER02987,Tarun Rastogi,Male,48,9505643959
PER02988,Varun Mukherjee,Male,35,9791072840
PER02989,Aman Kumar,Male,21,9610541923
PER02990,Vikram Rawat,Male,42,9299001932
PER02991,Manish Shukla,Male,28,9505257225
PER02992,Ashish Naidu,Male,39,9920581524
PER02993,Yamini Iyer,Female,42,9214183256
PER02994,Radha Reddy,Female,21,9488670536
PER02995,Aditi Reddy,Female,31,9152550739
PER02996,Priya Mukherjee,Female,34,9743744695
PER02997,Yogesh Das,Male,24,9633486882
PER02998,Aarti Sharma,Female,43,9231228305
PER02999,Sachin Nair,Male,47,9637028886
PER03000,Manoj Menon,Male,33,9414601408
PER03001,Manoj Patil,Male,26,9106035375
PER03002,Manoj Deshpande,Male,42,9741436688
PER03003,Harsh Kapoor,Male,32,9769619327
PER03004,Anjali Pandey,Female,27,9516586922
PER03005,Rohit Shah,Male,51,9453387793
PER03006,Harsh Garg,Male,54,9865254136
PER03007,Kunal Deshmukh,Male,50,9379015054
PER03008,Dinesh Mishra,Male,38,9291243119
PER03009,Yogesh Singh,Male,41,9827896582
PER03010,Hitesh Mishra,Male,40,9178711803
PER03011,Zara Kapoor,Female,61,9421115853
PER03012,Arjun Bhatt,Male,21,9767055616
PER03013,Shweta Iyer,Female,39,9293768070
PER03014,Rahul Bansal,Male,45,9857703068
PER03015,Pallavi Singh,Female,25,9950418728
PER03016,Kavita Chopra,Female,37,9656302682
PER03017,Ravi Pawar,Male,28,9570358384
PER03018,Suresh Pawar,Male,35,9586421703
PER03019,Harsh Rao,Male,43,9636125943
PER03020,Yamini Chandra,Female,21,9705312179
PER03021,Kavita Dubey,Female,21,9517109731
PER03022,Mukesh Shukla,Male,44,9151561542
PER03023,Mansi Sharma,Female,21,9500102117
PER03024,Sunil Rawat,Male,51,9502257045
PER03025,Anita Patel,Female,25,9970235749
PER03026,Abhishek Patel,Male,35,9809360706
PER03027,Geeta Yadav,Female,34,9887462468
PER03028,Yamini Pawar,Female,43,9416332038
PER03029,Mukesh Das,Male,39,9505228224
PER03030,Jatin Mehta,Male,21,9439151575
PER03031,Pankaj Patel,Male,33,9996865289
PER03032,Kunal Goyal,Male,22,9237659086
PER03033,Sachin Verma,Male,27,9102257875
PER03034,Swati Iyer,Female,21,9391509416
PER03035,Komal Patil,Female,41,9785186664
PER03036,Radha Bhatt,Female,35,9399821346
PER03037,Durga Garg,Female,36,9969489579
PER03038,Karan Mukherjee,Male,38,9809407944
PER03039,Heena Chauhan,Female,48,9788114484
PER03040,Akash Menon,Male,43,9510819230
PER03041,Tara Rao,Female,42,9602740854
PER03042,Ekta Singh,Female,21,9963180259
PER03043,Rashmi Thakur,Female,28,9589089266
PER03044,Sapna Iyer,Female,21,9766330449
PER03045,Shweta Srivastava,Female,35,9279367773
PER03046,Tushar Chauhan,Male,39,9870302009
PER03047,Padma Agarwal,Female,29,9887603319
PER03048,Arjun Reddy,Male,28,9885868426
PER03049,Karan Mittal,Male,40,9955223038
PER03050,Anjali Chauhan,Female,21,9498051370
PER03051,Ramesh Das,Male,21,9523567678
PER03052,Yogesh Bhatt,Male,21,9618336332
PER03053,Suresh Mishra,Male,36,9347833694
PER03054,Jatin Khanna,Male,34,9301049980
PER03055,Vivek Sharma,Male,26,9342965851
PER03056,Rakesh Joshi,Male,34,9936960748
PER03057,Jatin Menon,Male,33,9519893290
PER03058,Lalit Iyer,Male,24,9252878280
PER03059,Megha Jain,Female,30,9310580843
PER03060,Neeraj Mishra,Male,35,9109263899
PER03061,Rakesh Kumar,Male,34,9401885801
PER03062,Aditi Nair,Female,44,9149018934
PER03063,Anjali Pawar,Female,21,9546610839
PER03064,Vinod Dubey,Male,46,9916610200
PER03065,Shubham Chauhan,Male,30,9109093892
PER03066,Neeraj Dwivedi,Male,36,9463549693
PER03067,Amit Reddy,Male,43,9592891651
PER03068,Ajay Mehta,Male,45,9537142044
PER03069,Shubham Dubey,Male,26,9959784380
PER03070,Rajesh Mehta,Male,48,9260943123
PER03071,Neeraj Goyal,Male,40,9612745003
PER03072,Naveen Patel,Male,36,9561292900
PER03073,Shubham Malhotra,Male,40,9190260018
PER03074,Abhishek Sharma,Male,46,9772018587
PER03075,Harsh Rastogi,Male,55,9394185361
PER03076,Divya Rawat,Female,55,9335833513
PER03077,Anita Dubey,Female,48,9682278158
PER03078,Aman Kumar,Male,38,9576494968
PER03079,Aditi Dwivedi,Female,31,9899649088
PER03080,Vinod Mittal,Male,40,9433207798
PER03081,Kavita Chopra,Female,30,9991018143
PER03082,Piyush Deshmukh,Male,57,9503645205
PER03083,Sunita Mukherjee,Female,30,9533871342
PER03084,Arjun Shukla,Male,31,9811888472
PER03085,Shweta Mehta,Female,49,9883895212
PER03086,Vivek Malhotra,Male,34,9372377028
PER03087,Isha Garg,Female,57,9720433961
PER03088,Ramesh Chauhan,Male,27,9419694323
PER03089,Rohan Malhotra,Male,34,9886025109
PER03090,Jyoti Sharma,Female,25,9505045245
PER03091,Anand Chopra,Male,34,9826728816
PER03092,Kunal Joshi,Male,57,9370414221
PER03093,Rajesh Menon,Male,44,9196139530
PER03094,Megha Kapoor,Female,44,9987048673
PER03095,Sita Mehta,Female,49,9420082203
PER03096,Gaurav Sharma,Male,35,9990305726
PER03097,Shubham Patil,Male,25,9333346977
PER03098,Ajay Naidu,Male,23,9970086295
PER03099,Rahul Naidu,Male,35,9556186544
PER03100,Richa Chopra,Female,25,9870448102
PER03101,Rakesh Shah,Male,21,9649748848
PER03102,Lalit Patil,Male,24,9346639290
PER03103,Shweta Bose,Female,53,9345651990
PER03104,Nitin Rao,Male,52,9780820679
PER03105,Shubham Kapoor,Male,42,9440052988
PER03106,Maya Malhotra,Female,56,9631466522
PER03107,Dinesh Bose,Male,34,9172107776
PER03108,Abhishek Chopra,Male,23,9395600923
PER03109,Jatin Pandey,Male,61,9958782041
PER03110,Neeraj Deshpande,Male,21,9778967815
PER03111,Shruti Mittal,Female,30,9211235519
PER03112,Komal Verma,Female,22,9662337010
PER03113,Ekta Mishra,Female,31,9752452751
PER03114,Ankur Khanna,Male,54,9224592654
PER03115,Akash Mukherjee,Male,38,9537129548
PER03116,Hitesh Patel,Male,59,9717704543
PER03117,Gauri Das,Female,36,9797694323
PER03118,Sonal Shah,Female,28,9930147494
PER03119,Mansi Das,Female,41,9593613728
PER03120,Durga Khanna,Female,40,9795407752
PER03121,Sita Rao,Female,33,9679439690
PER03122,Sita Joshi,Female,37,9222568115
PER03123,Vikram Iyer,Male,21,9278355389
PER03124,Lalit Deshpande,Male,32,9362111763
PER03125,Rohan Singh,Male,35,9336019627
PER03126,Prashant Kapoor,Male,40,9988941579
PER03127,Gauri Rawat,Female,25,9513336118
PER03128,Sapna Rawat,Female,26,9243284148
PER03129,Amit Jain,Male,32,9650059887
PER03130,Nitin Pandey,Male,28,9845769669
PER03131,Ravi Iyer,Male,37,9788765009
PER03132,Kriti Pandey,Female,44,9251256171
PER03133,Rohit Bhatia,Male,34,9837395455
PER03134,Arun Patel,Male,46,9117854818
PER03135,Prashant Kapoor,Male,25,9123390156
PER03136,Karan Khanna,Male,37,9700711019
PER03137,Anjali Dwivedi,Female,44,9296919391
PER03138,Kriti Dwivedi,Female,21,9908946079
PER03139,Abhishek Joshi,Male,54,9515125901
PER03140,Abhishek Nair,Male,21,9125224672
PER03141,Abhishek Das,Male,41,9459606265
PER03142,Geeta Menon,Female,39,9939069689
PER03143,Sonal Srivastava,Female,27,9734340013
PER03144,Rohan Goyal,Male,50,9168764440
PER03145,Pankaj Saxena,Male,37,9879749902
PER03146,Sunil Bhatia,Male,40,9926823912
PER03147,Amit Bansal,Male,35,9965459540
PER03148,Jatin Pandey,Male,35,9138300093
PER03149,Swati Bhatia,Female,28,9462727346
PER03150,Sumit Agarwal,Male,42,9805887132
PER03151,Ravi Agarwal,Male,21,9304245161
PER03152,Priya Das,Female,32,9769410624
PER03153,Dinesh Shah,Male,28,9559856941
PER03154,Gauri Verma,Female,43,9968392135
PER03155,Divya Goyal,Female,32,9118619207
PER03156,Suresh Dwivedi,Male,41,9710942331
PER03157,Dinesh Rawat,Male,30,9552684165
PER03158,Rahul Deshmukh,Male,23,9776837492
PER03159,Ravi Mishra,Male,29,9661271916
PER03160,Yamini Deshpande,Female,43,9317656752
PER03161,Ritu Nair,Female,47,9304705443
PER03162,Sachin Goyal,Male,23,9427123462
PER03163,Kiran Malhotra,Female,36,9525840680
PER03164,Sunil Kapoor,Male,34,9455711903
PER03165,Aarti Pandey,Female,35,9974633628
PER03166,Manish Nair,Male,38,9786121914
PER03167,Dinesh Kumar,Male,21,9187695461
PER03168,Rekha Dwivedi,Female,21,9758223712
PER03169,Komal Kulkarni,Female,24,9588330937
PER03170,Nitin Pandey,Male,27,9319659907
PER03171,Yamini Kulkarni,Female,47,9422867941
PER03172,Lalit Reddy,Male,46,9821565771
PER03173,Ajay Rawat,Male,34,9793641766
PER03174,Karan Kulkarni,Male,21,9786145848
PER03175,Deepak Chauhan,Male,40,9225845090
PER03176,Arjun Menon,Male,34,9657635841
PER03177,Gaurav Kapoor,Male,35,9282556528
PER03178,Aditi Naidu,Female,35,9504728964
PER03179,Bhavna Srivastava,Female,37,9985608130
PER03180,Akash Tiwari,Male,35,9150758186
PER03181,Mansi Tiwari,Female,28,9414758546
PER03182,Rohit Dubey,Male,33,9277176834
PER03183,Vishal Chauhan,Male,34,9677018940
PER03184,Megha Kulkarni,Female,40,9724729166
PER03185,Rajesh Patel,Male,23,9512803854
PER03186,Vivek Pawar,Male,22,9815036490
PER03187,Deepa Chandra,Female,29,9943339806
PER03188,Priya Bansal,Female,28,9491905060
PER03189,Rekha Pawar,Female,36,9819553066
PER03190,Rahul Yadav,Male,21,9892836977
PER03191,Tushar Rao,Male,42,9905444121
PER03192,Ravi Rao,Male,37,9838566426
PER03193,Amit Pillai,Male,35,9616000397
PER03194,Yamini Deshpande,Female,21,9336551576
PER03195,Ritu Deshpande,Female,45,9849017059
PER03196,Neeraj Bhatia,Male,42,9924229227
PER03197,Sunil Shah,Male,31,9858119978
PER03198,Swati Singh,Female,38,9190542625
PER03199,Sita Pandey,Female,34,9850059605
PER03200,Sunil Srivastava,Male,28,9913309394
PER03201,Shruti Verma,Female,30,9837638269
PER03202,Vikram Srivastava,Male,32,9994532559
PER03203,Arun Goyal,Male,42,9320132188
PER03204,Rahul Verma,Male,36,9250792242
PER03205,Abhishek Dwivedi,Male,41,9743527169
PER03206,Anand Chopra,Male,31,9911410615
PER03207,Tushar Yadav,Male,31,9685987266
PER03208,Sanjay Bose,Male,39,9302909659
PER03209,Anita Nair,Female,25,9453110279
PER03210,Rakesh Jain,Male,28,9384518875
PER03211,Vishal Kulkarni,Male,49,9150918226
PER03212,Sumit Gupta,Male,32,9390993638
PER03213,Rahul Das,Male,31,9815662427
PER03214,Manish Pandey,Male,47,9307633267
PER03215,Ramesh Rawat,Male,24,9320201422
PER03216,Nitin Dubey,Male,25,9608682472
PER03217,Hitesh Agarwal,Male,29,9786642546
PER03218,Rohit Thakur,Male,47,9450641436
PER03219,Vishal Kulkarni,Male,29,9207686847
PER03220,Namita Malhotra,Female,25,9977638159
PER03221,Yogesh Yadav,Male,33,9304377471
PER03222,Karan Chauhan,Male,50,9763534796
PER03223,Sanjay Nair,Male,38,9962461798
PER03224,Vinod Mukherjee,Male,37,9897181065
PER03225,Manoj Chauhan,Male,29,9435528623
PER03226,Tarun Srivastava,Male,37,9747998955
PER03227,Varun Sharma,Male,39,9506036381
PER03228,Vinod Rawat,Male,44,9853427598
PER03229,Vikram Dwivedi,Male,49,9982517264
PER03230,Ekta Rao,Female,28,9416143182
PER03231,Aman Mishra,Male,42,9856406215
PER03232,Dinesh Mehta,Male,44,9993772610
PER03233,Anita Mittal,Female,23,9668051105
PER03234,Neha Singh,Female,52,9771779217
PER03235,Sneha Rastogi,Female,47,9995018379
PER03236,Manoj Jain,Male,37,9507858201
PER03237,Sapna Menon,Female,39,9387175407
PER03238,Mukesh Pillai,Male,44,9337279192
PER03239,Bhavna Chopra,Female,29,9135990471
PER03240,Mansi Mittal,Female,23,9539765037
PER03241,Rekha Rao,Female,23,9122590128
PER03242,Hitesh Kulkarni,Male,44,9565502690
PER03243,Ritu Mehta,Female,40,9590546844
PER03244,Ekta Joshi,Female,26,9311821798
PER03245,Sanjay Rawat,Male,29,9395086302
PER03246,Vivek Jain,Male,28,9913743115
PER03247,Ajay Rao,Male,33,9482429609
PER03248,Rohit Kapoor,Male,40,9607594068
PER03249,Anita Sharma,Female,40,9546222945
PER03250,Vandana Pawar,Female,27,9442695747
PER03251,Sunil Das,Male,27,9230529069
PER03252,Ankur Menon,Male,40,9493856744
PER03253,Sachin Das,Male,30,9444185311
PER03254,Rahul Patel,Male,39,9157385552
PER03255,Jyoti Khanna,Female,36,9572928957
PER03256,Piyush Das,Male,21,9277271189
PER03257,Anand Chopra,Male,44,9967360219
PER03258,Ramesh Singh,Male,34,9154581917
PER03259,Vivek Bose,Male,33,9244368603
PER03260,Anjali Reddy,Female,25,9670469175
PER03261,Pooja Garg,Female,36,9434500084
PER03262,Aarti Goyal,Female,21,9477535374
PER03263,Nisha Chopra,Female,48,9850807611
PER03264,Nisha Nair,Female,33,9325021485
PER03265,Shruti Khanna,Female,36,9348542790
PER03266,Ankur Bose,Male,29,9427485088
PER03267,Sachin Naidu,Male,31,9256829671
PER03268,Sonal Reddy,Female,60,9153774771
PER03269,Vinod Kumar,Male,60,9369346684
PER03270,Manish Patel,Male,29,9970123751
PER03271,Prashant Malhotra,Male,34,9279116656
PER03272,Nitin Verma,Male,43,9555544086
PER03273,Lata Reddy,Female,34,9215849024
PER03274,Vishal Dubey,Male,43,9748962910
PER03275,Ramesh Rao,Male,40,9337822369
PER03276,Tushar Kumar,Male,43,9748502028
PER03277,Sapna Nair,Female,37,9540873965
PER03278,Shubham Rao,Male,43,9814911814
PER03279,Kunal Pawar,Male,27,9742325775
PER03280,Pankaj Rawat,Male,41,9440715997
PER03281,Mansi Agarwal,Female,28,9850862153
PER03282,Uma Kumar,Female,32,9478304336
PER03283,Aman Chauhan,Male,32,9720744052
PER03284,Mohit Chandra,Male,21,9388587794
PER03285,Sneha Bose,Female,55,9332418429
PER03286,Anita Khanna,Female,38,9294249506
PER03287,Hitesh Rawat,Male,30,9880701554
PER03288,Divya Yadav,Female,22,9390037696
PER03289,Nisha Bansal,Female,24,9443405468
PER03290,Vinod Das,Male,24,9828366629
PER03291,Isha Jain,Female,45,9138634922
PER03292,Kriti Thakur,Female,45,9652445025
PER03293,Rashmi Deshmukh,Female,27,9758984657
PER03294,Anand Saxena,Male,38,9809066561
PER03295,Deepak Dwivedi,Male,21,9109249514
PER03296,Sonal Dubey,Female,36,9863047487
PER03297,Hitesh Deshpande,Male,21,9346585185
PER03298,Yogesh Garg,Male,40,9956905301
PER03299,Neeraj Rao,Male,44,9614978208
PER03300,Anand Thakur,Male,28,9932773769
PER03301,Rohit Bhatt,Male,40,9744415164
PER03302,Aarti Naidu,Female,36,9691601741
PER03303,Radha Pillai,Female,34,9790886298
PER03304,Ritu Das,Female,33,9892690536
PER03305,Tarun Saxena,Male,27,9580289402
PER03306,Bhavna Malhotra,Female,36,9911498289
PER03307,Rahul Pawar,Male,43,9717932108
PER03308,Yogesh Nair,Male,39,9331915012
PER03309,Mohit Rao,Male,47,9752363032
PER03310,Kriti Iyer,Female,29,9692719014
PER03311,Sunita Chauhan,Female,47,9729566283
PER03312,Swati Pawar,Female,59,9774072704
PER03313,Arjun Dwivedi,Male,24,9809414888
PER03314,Piyush Verma,Male,32,9303379584
PER03315,Yogesh Gupta,Male,47,9228781805
PER03316,Rajesh Mishra,Male,50,9527164596
PER03317,Ajay Malhotra,Male,44,9962162604
PER03318,Gaurav Rastogi,Male,48,9627100607
PER03319,Kiran Menon,Female,21,9563826705
PER03320,Padma Dubey,Female,33,9407920902
PER03321,Anjali Tiwari,Female,41,9853433302
PER03322,Tanvi Goyal,Female,39,9436566556
PER03323,Jyoti Garg,Female,37,9989956384
PER03324,Tarun Dubey,Male,29,9411148776
PER03325,Sunita Menon,Female,41,9113672111
PER03326,Maya Naidu,Female,42,9975620062
PER03327,Neha Mukherjee,Female,35,9209168449
PER03328,Tara Bhatt,Female,31,9913826626
PER03329,Mohit Joshi,Male,39,9565832765
PER03330,Sita Garg,Female,37,9823710439
PER03331,Rahul Sharma,Male,30,9635340568
PER03332,Vinod Bhatt,Male,40,9446432210
PER03333,Hitesh Gupta,Male,39,9960145134
PER03334,Piyush Thakur,Male,29,9732553753
PER03335,Mansi Bose,Female,32,9358778121
PER03336,Ramesh Thakur,Male,21,9990874656
PER03337,Manoj Singh,Male,48,9989801946
PER03338,Sita Kapoor,Female,28,9642799296
PER03339,Pooja Malhotra,Female,38,9899736220
PER03340,Shubham Thakur,Male,25,9438077034
PER03341,Vishal Jain,Male,25,9732554292
PER03342,Megha Shukla,Female,52,9254058088
PER03343,Hitesh Reddy,Male,30,9821223551
PER03344,Dinesh Nair,Male,31,9690706981
PER03345,Richa Deshpande,Female,49,9424318528
PER03346,Tarun Pandey,Male,40,9372270293
PER03347,Vivek Bansal,Male,28,9912248726
PER03348,Nitin Khanna,Male,32,9462554993
PER03349,Pankaj Deshmukh,Male,31,9373176804
PER03350,Lalit Bose,Male,45,9747603743
PER03351,Vivek Shukla,Male,29,9253961215
PER03352,Kunal Rao,Male,44,9798168983
PER03353,Sapna Srivastava,Female,38,9766256527
PER03354,Amit Shukla,Male,33,9446621607
PER03355,Sunita Chopra,Female,24,9267974707
PER03356,Priya Verma,Female,21,9956069438
PER03357,Manoj Shah,Male,29,9254496231
PER03358,Ashish Chopra,Male,24,9855246667
PER03359,Akash Rastogi,Male,28,9967656929
PER03360,Durga Nair,Female,25,9841856480
PER03361,Sonal Goyal,Female,26,9385675315
PER03362,Richa Bhatia,Female,30,9726253748
PER03363,Isha Garg,Female,39,9858062157
PER03364,Gauri Patel,Female,22,9407254015
PER03365,Aarti Malhotra,Female,54,9604153854
PER03366,Vivek Reddy,Male,42,9883726845
PER03367,Rohan Sharma,Male,22,9725317698
PER03368,Rajesh Srivastava,Male,34,9776919125
PER03369,Lata Chandra,Female,28,9478163609
PER03370,Arjun Nair,Male,24,9124229439
PER03371,Ramesh Chauhan,Male,40,9972807521
PER03372,Sneha Bhatt,Female,47,9263911812
PER03373,Ritu Pillai,Female,30,9184653886
PER03374,Manoj Chandra,Male,41,9192297337
PER03375,Vandana Mittal,Female,33,9177637946
PER03376,Sunita Kapoor,Female,39,9848052573
PER03377,Sachin Sharma,Male,42,9163833506
PER03378,Arjun Goyal,Male,21,9634262520
PER03379,Neeraj Bhatia,Male,46,9193827760
PER03380,Ashish Rawat,Male,50,9989432612
PER03381,Deepak Reddy,Male,26,9854771021
PER03382,Komal Kapoor,Female,55,9157694226
PER03383,Isha Kapoor,Female,44,9750751090
PER03384,Radha Kapoor,Female,22,9167622558
PER03385,Meena Sharma,Female,24,9474814877
PER03386,Priya Joshi,Female,24,9718033820
PER03387,Kunal Chandra,Male,39,9483705860
PER03388,Chitra Joshi,Female,29,9322817841
PER03389,Harsh Deshpande,Male,21,9992679991
PER03390,Pankaj Rawat,Male,51,9876322795
PER03391,Arjun Mishra,Male,35,9855110267
PER03392,Sanjay Sharma,Male,30,9814102634
PER03393,Akash Mishra,Male,21,9321517322
PER03394,Yogesh Mishra,Male,22,9999850960
PER03395,Shruti Saxena,Female,54,9114685586
PER03396,Tanvi Das,Female,33,9671740733
PER03397,Varun Shah,Male,32,9504159995
PER03398,Priya Shah,Female,29,9686588225
PER03399,Mansi Sharma,Female,21,9999287498
PER03400,Vivek Thakur,Male,21,9115428544
PER03401,Sachin Kulkarni,Male,28,9204052439
PER03402,Yamini Garg,Female,21,9756761267
PER03403,Ravi Rao,Male,35,9303733118
PER03404,Karan Shukla,Male,42,9166982280
PER03405,Sunil Jain,Male,25,9567677568
PER03406,Mukesh Kapoor,Male,27,9959262932
PER03407,Durga Bansal,Female,31,9885117763
PER03408,Jyoti Reddy,Female,44,9539991029
PER03409,Arjun Goyal,Male,40,9796355633
PER03410,Tushar Shah,Male,37,9738689569
PER03411,Shubham Sharma,Male,43,9929609394
PER03412,Lalit Rao,Male,39,9675705157
PER03413,Sonal Nair,Female,21,9893242941
PER03414,Mansi Naidu,Female,57,9489491847
PER03415,Ravi Mishra,Male,21,9838885526
PER03416,Manish Jain,Male,35,9631403050
PER03417,Rohan Chopra,Male,46,9592179882
PER03418,Lalit Singh,Male,31,9886467959
PER03419,Padma Naidu,Female,29,9557297898
PER03420,Sachin Shukla,Male,23,9466205072
PER03421,Vikram Sharma,Male,42,9444908009
PER03422,Tara Goyal,Female,41,9645882479
PER03423,Anand Mittal,Male,22,9801036020
PER03424,Jatin Khanna,Male,51,9607450492
PER03425,Yogesh Srivastava,Male,39,9460578851
PER03426,Aarti Deshmukh,Female,21,9965335986
PER03427,Shruti Mittal,Female,41,9833559440
PER03428,Sunil Kumar,Male,21,9894803159
PER03429,Rajesh Garg,Male,42,9845043613
PER03430,Sunil Kumar,Male,40,9909620883
PER03431,Rekha Menon,Female,29,9745120917
PER03432,Ajay Mittal,Male,33,9410466819
PER03433,Dinesh Deshpande,Male,42,9404867698
PER03434,Rohit Thakur,Male,45,9772385079
PER03435,Aarti Tiwari,Female,24,9384512659
PER03436,Ashish Dwivedi,Male,25,9124238813
PER03437,Rakesh Rawat,Male,27,9975740436
PER03438,Arjun Kumar,Male,21,9220169390
PER03439,Tarun Joshi,Male,36,9140520035
PER03440,Dinesh Garg,Male,26,9540377439
PER03441,Abhishek Tiwari,Male,28,9867871004
PER03442,Sumit Bansal,Male,32,9605460816
PER03443,Richa Mukherjee,Female,41,9634638812
PER03444,Harsh Chauhan,Male,31,9687742162
PER03445,Ritu Mishra,Female,28,9515445973
PER03446,Megha Shah,Female,41,9206362739
PER03447,Rohit Shukla,Male,41,9223304564
PER03448,Sonal Malhotra,Female,43,9929233758
PER03449,Jatin Chandra,Male,29,9391667718
PER03450,Gaurav Shah,Male,36,9321555681
PER03451,Yamini Deshpande,Female,49,9745516670
PER03452,Megha Joshi,Female,45,9374990689
PER03453,Bhavna Thakur,Female,21,9461512207
PER03454,Geeta Nair,Female,29,9552876914
PER03455,Rahul Reddy,Male,40,9291860945
PER03456,Naveen Gupta,Male,28,9825201212
PER03457,Arjun Reddy,Male,21,9225413302
PER03458,Karan Goyal,Male,42,9359041950
PER03459,Ajay Saxena,Male,41,9443027333
PER03460,Jatin Thakur,Male,34,9256488606
PER03461,Uma Agarwal,Female,33,9861413407
PER03462,Rekha Malhotra,Female,27,9234010918
PER03463,Varun Chandra,Male,40,9977843718
PER03464,Shweta Bhatia,Female,54,9751447091
PER03465,Sita Mukherjee,Female,34,9169360498
PER03466,Swati Yadav,Female,43,9669218981
PER03467,Sanjay Patil,Male,44,9657058257
PER03468,Maya Menon,Female,46,9830749661
PER03469,Gaurav Chopra,Male,52,9518628030
PER03470,Suresh Bansal,Male,29,9845877224
PER03471,Varun Rastogi,Male,38,9852271399
PER03472,Piyush Menon,Male,35,9240684409
PER03473,Padma Pillai,Female,32,9631028127
PER03474,Kunal Srivastava,Male,30,9195707159
PER03475,Namita Rastogi,Female,51,9838186315
PER03476,Zara Shah,Female,35,9676452422
PER03477,Nitin Patil,Male,41,9865621145
PER03478,Rohit Tiwari,Male,33,9619932957
PER03479,Swati Malhotra,Female,44,9782547000
PER03480,Swati Patil,Female,51,9534308527
PER03481,Tushar Rastogi,Male,41,9559068789
PER03482,Ramesh Bose,Male,32,9868835224
PER03483,Shweta Dwivedi,Female,31,9877770585
PER03484,Rohit Bose,Male,40,9204161948
PER03485,Vikram Reddy,Male,27,9107605805
PER03486,Lata Nair,Female,25,9942454298
PER03487,Aman Menon,Male,43,9796041627
PER03488,Bhavna Reddy,Female,39,9785223943
PER03489,Mansi Kulkarni,Female,38,9563797442
PER03490,Zara Patel,Female,21,9112310593
PER03491,Rohit Das,Male,42,9379229373
PER03492,Lata Goyal,Female,33,9376551045
PER03493,Tushar Bhatt,Male,45,9492624743
PER03494,Ramesh Reddy,Male,26,9912552037
PER03495,Dinesh Patil,Male,30,9759844850
PER03496,Deepak Tiwari,Male,34,9584285825
PER03497,Amit Joshi,Male,30,9524799642
PER03498,Rohit Chauhan,Male,27,9265893553
PER03499,Vivek Jain,Male,41,9771912456
PER03500,Neha Das,Female,43,9627213080
PER03501,Prashant Rastogi,Male,32,9416362173
PER03502,Vikram Rao,Male,43,9371846409
PER03503,Dinesh Bansal,Male,21,9206771810
PER03504,Rajesh Goyal,Male,38,9518946836
PER03505,Arun Chauhan,Male,29,9880990662
PER03506,Neha Chauhan,Female,29,9543328696
PER03507,Nitin Rawat,Male,41,9855117444
PER03508,Priya Sharma,Female,33,9237062236
PER03509,Anand Agarwal,Male,22,9212681739
PER03510,Bhavna Joshi,Female,33,9752918536
PER03511,Arjun Mishra,Male,42,9225469866
PER03512,Anand Verma,Male,39,9401204700
PER03513,Gauri Pandey,Female,27,9375555232
PER03514,Swati Deshpande,Female,29,9418185073
PER03515,Vinod Shah,Male,22,9801973793
PER03516,Kunal Srivastava,Male,34,9290927318
PER03517,Vandana Goyal,Female,53,9951569446
PER03518,Akash Jain,Male,36,9606714026
PER03519,Amit Deshpande,Male,33,9705813753
PER03520,Shweta Agarwal,Female,44,9315267492
PER03521,Sunil Jain,Male,39,9618982658
PER03522,Ritu Mittal,Female,40,9635321380
PER03523,Isha Bansal,Female,33,9507958701
PER03524,Rajesh Mukherjee,Male,37,9664278890
PER03525,Gaurav Reddy,Male,32,9272221142
PER03526,Bhavna Bhatt,Female,44,9905927288
PER03527,Piyush Shah,Male,29,9507717849
PER03528,Megha Patel,Female,46,9737404295
PER03529,Harsh Malhotra,Male,21,9838046140
PER03530,Deepak Patil,Male,22,9287933986
PER03531,Kunal Khanna,Male,42,9223956492
PER03532,Kiran Bhatia,Female,33,9379414255
PER03533,Deepa Dwivedi,Female,40,9427161071
PER03534,Namita Chopra,Female,30,9335669127
PER03535,Manoj Nair,Male,44,9327488053
PER03536,Jyoti Rawat,Female,29,9739353413
PER03537,Varun Dwivedi,Male,41,9890075315
PER03538,Sunil Pandey,Male,21,9390736368
PER03539,Abhishek Naidu,Male,21,9987018197
PER03540,Megha Dubey,Female,45,9212881533
PER03541,Neeraj Reddy,Male,50,9859710908
PER03542,Manoj Srivastava,Male,42,9488697076
PER03543,Gaurav Chopra,Male,46,9654483085
PER03544,Swati Bhatt,Female,39,9125554245
PER03545,Deepak Bhatt,Male,37,9908243600
PER03546,Meena Pawar,Female,42,9503992693
PER03547,Ajay Rawat,Male,31,9504008327
PER03548,Uma Bansal,Female,34,9122524766
PER03549,Sanjay Kulkarni,Male,32,9359531260
PER03550,Sapna Shukla,Female,53,9288461003
PER03551,Amit Rastogi,Male,34,9360798607
PER03552,Pallavi Singh,Female,42,9465731458
PER03553,Rekha Tiwari,Female,40,9319022651
PER03554,Ashish Srivastava,Male,55,9633811037
PER03555,Vivek Malhotra,Male,45,9664225726
PER03556,Tushar Jain,Male,45,9571042859
PER03557,Prashant Khanna,Male,37,9190568769
PER03558,Ashish Das,Male,23,9781406619
PER03559,Neeraj Bansal,Male,60,9208466994
PER03560,Kiran Sharma,Female,26,9280549590
PER03561,Megha Thakur,Female,38,9957251463
PER03562,Tushar Bose,Male,45,9381927954
PER03563,Aarti Shah,Female,23,9607217357
PER03564,Manoj Deshpande,Male,36,9984020167
PER03565,Sapna Mehta,Female,27,9903122803
PER03566,Yogesh Dwivedi,Male,31,9775681415
PER03567,Vivek Yadav,Male,40,9957415968
PER03568,Lalit Rao,Male,30,9293793544
PER03569,Priya Rao,Female,39,9492640641
PER03570,Sanjay Iyer,Male,30,9496118643
PER03571,Sunita Tiwari,Female,49,9391869452
PER03572,Neeraj Rao,Male,37,9222329406
PER03573,Piyush Shukla,Male,32,9612774304
PER03574,Ashish Srivastava,Male,22,9353157145
PER03575,Ashish Kumar,Male,22,9792346709
PER03576,Sita Pillai,Female,29,9270191326
PER03577,Vivek Pandey,Male,43,9588032686
PER03578,Rekha Jain,Female,55,9195549351
PER03579,Arjun Verma,Male,34,9358163366
PER03580,Tara Deshmukh,Female,26,9587748713
PER03581,Sunil Chauhan,Male,22,9711955724
PER03582,Amit Mehta,Male,28,9833161099
PER03583,Vivek Saxena,Male,28,9334586290
PER03584,Neeraj Iyer,Male,31,9772624751
PER03585,Mukesh Verma,Male,29,9291319470
PER03586,Meena Singh,Female,52,9371664324
PER03587,Dinesh Das,Male,53,9701191930
PER03588,Rakesh Srivastava,Male,29,9343837710
PER03589,Sumit Thakur,Male,34,9798139567
PER03590,Megha Saxena,Female,34,9905384273
PER03591,Kunal Dwivedi,Male,36,9292341461
PER03592,Aditi Joshi,Female,34,9538422664
PER03593,Vivek Deshmukh,Male,48,9639828189
PER03594,Sunil Deshpande,Male,43,9994474070
PER03595,Rohit Rawat,Male,22,9145254308
PER03596,Lata Chopra,Female,21,9847156819
PER03597,Jyoti Chauhan,Female,29,9211773024
PER03598,Sunil Gupta,Male,45,9772035492
PER03599,Kavita Jain,Female,51,9167978410
PER03600,Meena Rao,Female,41,9144414359
PER03601,Akash Malhotra,Male,44,9854918176
PER03602,Radha Nair,Female,43,9580289186
PER03603,Lata Sharma,Female,21,9359614687
PER03604,Rakesh Chauhan,Male,32,9593587156
PER03605,Chitra Naidu,Female,25,9666000417
PER03606,Harsh Shah,Male,40,9594884328
PER03607,Radha Singh,Female,42,9862390714
PER03608,Jyoti Bansal,Female,35,9858339366
PER03609,Gauri Bansal,Female,36,9145748652
PER03610,Dinesh Pawar,Male,28,9729794422
PER03611,Rashmi Bose,Female,29,9316610897
PER03612,Rajesh Thakur,Male,32,9235021225
PER03613,Sita Srivastava,Female,42,9336653156
PER03614,Jyoti Iyer,Female,30,9352239220
PER03615,Deepak Srivastava,Male,43,9890918785
PER03616,Dinesh Verma,Male,46,9354371608
PER03617,Amit Thakur,Male,39,9354604265
PER03618,Tanvi Reddy,Female,33,9755989326
PER03619,Amit Chauhan,Male,27,9951639303
PER03620,Nisha Goyal,Female,33,9257212095
PER03621,Pallavi Agarwal,Female,35,9898682684
PER03622,Harsh Bhatia,Male,39,9888659295
PER03623,Meena Kumar,Female,48,9486938742
PER03624,Rohit Iyer,Male,27,9289503732
PER03625,Sachin Rawat,Male,22,9865140627
PER03626,Vivek Malhotra,Male,39,9554526098
PER03627,Neeraj Kumar,Male,25,9933609817
PER03628,Radha Kumar,Female,36,9113705199
PER03629,Tushar Reddy,Male,48,9759608746
PER03630,Suresh Iyer,Male,30,9827985270
PER03631,Rakesh Mittal,Male,29,9743539961
PER03632,Sneha Naidu,Female,27,9126259206
PER03633,Manish Pandey,Male,36,9651338944
PER03634,Ashish Malhotra,Male,48,9399259566
PER03635,Ekta Deshmukh,Female,27,9416237131
PER03636,Maya Kulkarni,Female,28,9959253894
PER03637,Rajesh Reddy,Male,42,9881226766
PER03638,Sita Kumar,Female,42,9358066011
PER03639,Ravi Shukla,Male,21,9206400482
PER03640,Naveen Mittal,Male,40,9458230243
PER03641,Bhavna Das,Female,35,9253592377
PER03642,Maya Dubey,Female,43,9945478394
PER03643,Lalit Rastogi,Male,24,9201973747
PER03644,Mohit Bhatia,Male,32,9405398214
PER03645,Varun Menon,Male,33,9367309680
PER03646,Manish Thakur,Male,34,9255578039
PER03647,Uma Goyal,Female,30,9132497627
PER03648,Durga Bhatia,Female,65,9882338462
PER03649,Tara Kumar,Female,37,9540625690
PER03650,Isha Menon,Female,34,9434831699
PER03651,Mukesh Khanna,Male,32,9211274968
PER03652,Sneha Rao,Female,21,9499289880
PER03653,Anand Kapoor,Male,34,9286824915
PER03654,Radha Sharma,Female,28,9445884313
PER03655,Maya Mishra,Female,36,9552203541
PER03656,Deepak Shah,Male,31,9348848072
PER03657,Gaurav Bhatia,Male,48,9437262066
PER03658,Megha Nair,Female,44,9331839282
PER03659,Sanjay Iyer,Male,36,9964776776
PER03660,Varun Kapoor,Male,21,9361131033
PER03661,Ramesh Bhatia,Male,48,9173215357
PER03662,Deepak Dwivedi,Male,39,9858793365
PER03663,Sapna Sharma,Female,53,9620665444
PER03664,Richa Mukherjee,Female,30,9605695798
PER03665,Neeraj Verma,Male,21,9175695308
PER03666,Arun Joshi,Male,32,9918830618
PER03667,Sita Verma,Female,46,9284347620
PER03668,Hitesh Patel,Male,65,9779586929
PER03669,Ashish Sharma,Male,30,9504278969
PER03670,Tushar Deshmukh,Male,58,9620318514
PER03671,Ekta Dwivedi,Female,34,9178619541
PER03672,Aman Bansal,Male,28,9194067432
PER03673,Rohit Nair,Male,38,9720685307
PER03674,Manish Patil,Male,44,9377271827
PER03675,Suresh Patel,Male,43,9265980027
PER03676,Tanvi Jain,Female,34,9790884959
PER03677,Anand Iyer,Male,42,9180233312
PER03678,Pankaj Jain,Male,21,9477806158
PER03679,Varun Nair,Male,35,9961425595
PER03680,Gauri Chopra,Female,34,9869923698
PER03681,Arjun Kumar,Male,35,9744294896
PER03682,Ritu Bansal,Female,30,9197170043
PER03683,Kavita Bose,Female,34,9629787606
PER03684,Aditi Goyal,Female,27,9952370738
PER03685,Rajesh Pawar,Male,21,9120069326
PER03686,Sapna Menon,Female,21,9911855744
PER03687,Mukesh Chauhan,Male,43,9342934554
PER03688,Jatin Jain,Male,21,9976701648
PER03689,Ravi Bose,Male,45,9606575389
PER03690,Maya Garg,Female,43,9326513530
PER03691,Harsh Deshmukh,Male,57,9737662713
PER03692,Lata Garg,Female,31,9354912783
PER03693,Pankaj Pillai,Male,47,9902932744
PER03694,Deepak Gupta,Male,49,9851593113
PER03695,Nitin Garg,Male,49,9354136388
PER03696,Manoj Patil,Male,34,9769457583
PER03697,Dinesh Garg,Male,35,9545990840
PER03698,Arun Rawat,Male,31,9184982617
PER03699,Richa Verma,Female,51,9908684648
PER03700,Lata Nair,Female,30,9977111270
PER03701,Deepak Pillai,Male,39,9529894149
PER03702,Rohit Thakur,Male,41,9567466173
PER03703,Gauri Rawat,Female,40,9356726182
PER03704,Manoj Pillai,Male,44,9849173871
PER03705,Aditi Garg,Female,23,9200088241
PER03706,Gauri Garg,Female,36,9205373854
PER03707,Anjali Rao,Female,31,9412192950
PER03708,Chitra Reddy,Female,35,9455175222
PER03709,Vishal Dwivedi,Male,38,9701395910
PER03710,Yogesh Mehta,Male,31,9822382187
PER03711,Tarun Tiwari,Male,27,9263527272
PER03712,Karan Rao,Male,36,9586312781
PER03713,Sunil Deshmukh,Male,29,9797236455
PER03714,Gaurav Patel,Male,46,9879642240
PER03715,Zara Yadav,Female,43,9998652732
PER03716,Rakesh Patel,Male,21,9905585553
PER03717,Aditi Patel,Female,30,9404111985
PER03718,Neha Chandra,Female,25,9728123308
PER03719,Radha Rastogi,Female,35,9237995198
PER03720,Prashant Kapoor,Male,34,9883761466
PER03721,Richa Patel,Female,30,9902415215
PER03722,Lalit Thakur,Male,25,9493167696
PER03723,Manish Kulkarni,Male,28,9539926852
PER03724,Rajesh Pillai,Male,22,9693579369
PER03725,Rohan Shah,Male,40,9229331997
PER03726,Uma Singh,Female,35,9659636126
PER03727,Rakesh Bhatt,Male,32,9769096894
PER03728,Deepak Pawar,Male,49,9343623730
PER03729,Mukesh Das,Male,33,9239221524
PER03730,Aarti Khanna,Female,41,9765785315
PER03731,Karan Kumar,Male,28,9716726376
PER03732,Pooja Thakur,Female,33,9306858308
PER03733,Ramesh Deshmukh,Male,28,9593753275
PER03734,Sunil Menon,Male,36,9340852032
PER03735,Anjali Chopra,Female,40,9526723116
PER03736,Zara Rastogi,Female,46,9144819905
PER03737,Sapna Joshi,Female,31,9324148660
PER03738,Ankur Reddy,Male,24,9418312792
PER03739,Dinesh Singh,Male,27,9280781092
PER03740,Aman Menon,Male,47,9556817576
PER03741,Vinod Rastogi,Male,28,9934920758
PER03742,Radha Dubey,Female,21,9202127068
PER03743,Rohan Srivastava,Male,30,9787421270
PER03744,Naveen Mukherjee,Male,33,9125952250
PER03745,Sumit Pawar,Male,48,9733584987
PER03746,Heena Srivastava,Female,35,9415025147
PER03747,Rohit Shukla,Male,21,9699976472
PER03748,Priya Mehta,Female,21,9491149817
PER03749,Akash Pillai,Male,22,9859819096
PER03750,Anand Pillai,Male,34,9417317867
PER03751,Shruti Agarwal,Female,31,9293130821
PER03752,Sumit Agarwal,Male,30,9470453992
PER03753,Varun Joshi,Male,21,9766909613
PER03754,Gaurav Sharma,Male,34,9563896153
PER03755,Heena Naidu,Female,27,9846071867
PER03756,Ravi Gupta,Male,40,9805250694
PER03757,Dinesh Rawat,Male,30,9993949308
PER03758,Sanjay Das,Male,53,9527749388
PER03759,Tarun Pandey,Male,42,9748107774
PER03760,Ajay Bansal,Male,36,9848989141
PER03761,Zara Srivastava,Female,31,9547370602
PER03762,Rohit Khanna,Male,39,9994737726
PER03763,Nitin Rastogi,Male,41,9173775400
PER03764,Deepak Yadav,Male,46,9488429629
PER03765,Lata Kapoor,Female,36,9593555303
PER03766,Tanvi Kumar,Female,40,9931319089
PER03767,Sunil Patil,Male,47,9274279900
PER03768,Radha Mittal,Female,41,9993403338
PER03769,Suresh Tiwari,Male,38,9256035995
PER03770,Vishal Mittal,Male,35,9308741039
PER03771,Ritu Menon,Female,21,9767682804
PER03772,Pankaj Sharma,Male,46,9533424457
PER03773,Manish Shukla,Male,27,9818823238
PER03774,Isha Agarwal,Female,21,9894397445
PER03775,Aman Tiwari,Male,34,9686653115
PER03776,Mansi Jain,Female,32,9869476553
PER03777,Kriti Pandey,Female,42,9168482686
PER03778,Kiran Goyal,Female,39,9631233334
PER03779,Uma Mehta,Female,49,9781933567
PER03780,Ajay Bose,Male,44,9562558972
PER03781,Pankaj Jain,Male,37,9264799482
PER03782,Akash Mittal,Male,33,9594642522
PER03783,Ankur Dwivedi,Male,30,9688937501
PER03784,Rakesh Saxena,Male,35,9121428877
PER03785,Aman Nair,Male,26,9904859097
PER03786,Suresh Patil,Male,41,9119454026
PER03787,Ashish Pandey,Male,51,9365865688
PER03788,Rekha Deshmukh,Female,31,9602807255
PER03789,Richa Jain,Female,47,9425839909
PER03790,Ekta Bhatt,Female,31,9106523030
PER03791,Vikram Verma,Male,37,9602843803
PER03792,Mohit Patil,Male,27,9200449580
PER03793,Rahul Patil,Male,23,9912300259
PER03794,Harsh Yadav,Male,27,9457378780
PER03795,Sita Bhatia,Female,21,9352077700
PER03796,Maya Pawar,Female,25,9930428570
PER03797,Shubham Rawat,Male,54,9724602296
PER03798,Ashish Deshpande,Male,38,9406086166
PER03799,Neeraj Bhatt,Male,25,9620293459
PER03800,Durga Verma,Female,38,9784111789
PER03801,Jatin Bose,Male,32,9660844582
PER03802,Vishal Dubey,Male,38,9515244614
PER03803,Amit Garg,Male,21,9746483705
PER03804,Aman Patel,Male,21,9195452411
PER03805,Ramesh Thakur,Male,42,9579225829
PER03806,Geeta Pillai,Female,21,9115145506
PER03807,Sneha Pandey,Female,37,9798423112
PER03808,Manish Chandra,Male,46,9640689874
PER03809,Aditi Kumar,Female,34,9946742212
PER03810,Sapna Das,Female,52,9343764332
PER03811,Divya Chopra,Female,31,9476725784
PER03812,Piyush Shah,Male,45,9644372641
PER03813,Sapna Rastogi,Female,23,9858529021
PER03814,Jatin Bose,Male,40,9718114070
PER03815,Sapna Dwivedi,Female,30,9311665570
PER03816,Anita Kumar,Female,24,9714967460
PER03817,Vandana Chauhan,Female,28,9405458697
PER03818,Pallavi Tiwari,Female,31,9947980189
PER03819,Dinesh Kulkarni,Male,23,9125904160
PER03820,Gauri Das,Female,21,9679801554
PER03821,Vivek Bose,Male,32,9255207511
PER03822,Maya Mishra,Female,53,9558167353
PER03823,Isha Shukla,Female,33,9637314074
PER03824,Mukesh Deshpande,Male,40,9894314819
PER03825,Yogesh Kumar,Male,34,9453585583
PER03826,Dinesh Agarwal,Male,40,9990785728
PER03827,Mukesh Jain,Male,29,9768425545
PER03828,Ravi Shukla,Male,43,9286848941
PER03829,Isha Mehta,Female,24,9107697420
PER03830,Rekha Iyer,Female,52,9992274174
PER03831,Naveen Garg,Male,36,9684814878
PER03832,Sanjay Srivastava,Male,21,9835508614
PER03833,Ankur Khanna,Male,27,9346282416
PER03834,Ashish Naidu,Male,21,9955409462
PER03835,Lalit Pandey,Male,39,9224343318
PER03836,Sita Rawat,Female,21,9567244289
PER03837,Naveen Mittal,Male,35,9592028262
PER03838,Megha Agarwal,Female,25,9679296572
PER03839,Tara Reddy,Female,38,9768709779
PER03840,Tanvi Chandra,Female,37,9330317631
PER03841,Rohit Rao,Male,30,9525451618
PER03842,Sunita Agarwal,Female,23,9749217436
PER03843,Padma Bhatia,Female,42,9839700398
PER03844,Vikram Bhatia,Male,39,9847429458
PER03845,Swati Kumar,Female,42,9865998721
PER03846,Rahul Kumar,Male,36,9580068662
PER03847,Rohit Rao,Male,41,9449370836
PER03848,Tushar Deshpande,Male,38,9371089713
PER03849,Naveen Chopra,Male,44,9520705759
PER03850,Vivek Goyal,Male,28,9263189217
PER03851,Shruti Mukherjee,Female,22,9902909594
PER03852,Kunal Reddy,Male,37,9205586906
PER03853,Ekta Rao,Female,32,9269660170
PER03854,Nisha Nair,Female,34,9540836648
PER03855,Arun Shah,Male,31,9852051474
PER03856,Tushar Menon,Male,37,9384370798
PER03857,Pankaj Rastogi,Male,22,9874514958
PER03858,Jyoti Bhatia,Female,50,9408169391
PER03859,Yogesh Pawar,Male,39,9443646715
PER03860,Swati Shukla,Female,42,9586029499
PER03861,Namita Kapoor,Female,59,9780453580
PER03862,Ravi Chopra,Male,30,9519882542
PER03863,Rajesh Pillai,Male,27,9845454800
PER03864,Dinesh Kumar,Male,40,9789502494
PER03865,Harsh Thakur,Male,21,9112235026
PER03866,Lalit Chandra,Male,45,9288538767
PER03867,Mansi Pawar,Female,50,9764571659
PER03868,Deepak Reddy,Male,34,9272385201
PER03869,Arun Thakur,Male,29,9723132551
PER03870,Arun Chauhan,Male,28,9280775205
PER03871,Sapna Dubey,Female,31,9103781149
PER03872,Durga Mehta,Female,42,9715186113
PER03873,Zara Sharma,Female,38,9559906244
PER03874,Ankur Nair,Male,37,9862762594
PER03875,Ajay Rawat,Male,27,9547992608
PER03876,Amit Sharma,Male,40,9293211662
PER03877,Gauri Bansal,Female,36,9838053923
PER03878,Vikram Khanna,Male,38,9808355827
PER03879,Ravi Naidu,Male,56,9340708671
PER03880,Jatin Deshpande,Male,43,9944752473
PER03881,Padma Gupta,Female,21,9972962485
PER03882,Harsh Rastogi,Male,21,9389220072
PER03883,Sunita Shukla,Female,36,9807067889
PER03884,Sunita Gupta,Female,45,9986497009
PER03885,Abhishek Joshi,Male,26,9904601378
PER03886,Ashish Srivastava,Male,52,9472490881
PER03887,Pallavi Bhatia,Female,32,9642097807
PER03888,Mohit Shah,Male,21,9330698219
PER03889,Rahul Chandra,Male,31,9884318403
PER03890,Neeraj Chauhan,Male,21,9895274700
PER03891,Abhishek Saxena,Male,21,9660480785
PER03892,Chitra Tiwari,Female,27,9826310868
PER03893,Akash Patel,Male,31,9450376324
PER03894,Manish Tiwari,Male,37,9633631016
PER03895,Geeta Kulkarni,Female,50,9988543983
PER03896,Kiran Dwivedi,Female,23,9570534797
PER03897,Piyush Shah,Male,46,9324214242
PER03898,Aditi Reddy,Female,35,9344068289
PER03899,Shweta Tiwari,Female,29,9911232640
PER03900,Hitesh Deshpande,Male,36,9740452608
PER03901,Hitesh Bose,Male,44,9516033618
PER03902,Heena Rastogi,Female,50,9766870497
PER03903,Arjun Patel,Male,34,9567198970
PER03904,Sanjay Pandey,Male,37,9838274483
PER03905,Gauri Patil,Female,42,9752723321
PER03906,Kunal Naidu,Male,34,9159702220
PER03907,Ritu Singh,Female,26,9789852052
PER03908,Radha Thakur,Female,34,9758532600
PER03909,Radha Verma,Female,40,9725119950
PER03910,Sneha Bose,Female,45,9222889054
PER03911,Tarun Srivastava,Male,60,9530424531
PER03912,Zara Tiwari,Female,24,9953859227
PER03913,Pooja Tiwari,Female,27,9136487153
PER03914,Pankaj Patel,Male,45,9613215286
PER03915,Tushar Bhatt,Male,41,9641813902
PER03916,Shweta Pandey,Female,21,9511351302
PER03917,Anjali Iyer,Female,58,9313850419
PER03918,Vivek Nair,Male,33,9517294712
PER03919,Ajay Deshmukh,Male,29,9956782785
PER03920,Sumit Malhotra,Male,39,9617436964
PER03921,Vishal Mishra,Male,33,9254036144
PER03922,Vivek Agarwal,Male,36,9272977233
PER03923,Kriti Naidu,Female,34,9412685629
PER03924,Pankaj Rao,Male,24,9572137035
PER03925,Padma Rao,Female,48,9293116984
PER03926,Rekha Yadav,Female,38,9796527363
PER03927,Gaurav Chopra,Male,34,9511488494
PER03928,Vivek Goyal,Male,43,9868301065
PER03929,Rajesh Menon,Male,61,9881202259
PER03930,Sunita Mukherjee,Female,29,9839930278
PER03931,Gaurav Jain,Male,37,9620278717
PER03932,Uma Chopra,Female,39,9697349163
PER03933,Anjali Nair,Female,49,9589444767
PER03934,Vandana Deshpande,Female,37,9703711162
PER03935,Pankaj Malhotra,Male,28,9558763775
PER03936,Varun Nair,Male,21,9386414837
PER03937,Sunil Rastogi,Male,45,9936276832
PER03938,Ashish Thakur,Male,37,9824706156
PER03939,Mukesh Mehta,Male,30,9289577418
PER03940,Uma Goyal,Female,37,9950496919
PER03941,Tanvi Menon,Female,43,9863492558
PER03942,Ritu Bhatt,Female,36,9141699131
PER03943,Mohit Kulkarni,Male,21,9115913491
PER03944,Neeraj Agarwal,Male,31,9420945425
PER03945,Lalit Chandra,Male,42,9448840698
PER03946,Akash Patil,Male,21,9483617350
PER03947,Bhavna Bhatia,Female,38,9372070950
PER03948,Deepak Mehta,Male,21,9540892667
PER03949,Chitra Bhatia,Female,30,9693366799
PER03950,Arjun Kapoor,Male,37,9420635177
PER03951,Aarti Reddy,Female,35,9795824204
PER03952,Amit Patil,Male,23,9848540336
PER03953,Tushar Gupta,Male,25,9988994214
PER03954,Neeraj Shah,Male,21,9783487031
PER03955,Ashish Bhatt,Male,43,9211331343
PER03956,Sumit Deshpande,Male,42,9605070945
PER03957,Neha Yadav,Female,37,9170613453
PER03958,Uma Rastogi,Female,37,9702696454
PER03959,Arun Thakur,Male,42,9115801122
PER03960,Vivek Chandra,Male,21,9443672647
PER03961,Pooja Patel,Female,25,9320430433
PER03962,Harsh Shukla,Male,28,9513831136
PER03963,Neeraj Sharma,Male,39,9560180639
PER03964,Kriti Shukla,Female,33,9950363652
PER03965,Gaurav Garg,Male,50,9328072096
PER03966,Sunil Bhatt,Male,26,9556753203
PER03967,Tara Bansal,Female,24,9750804235
PER03968,Aman Chopra,Male,38,9449199289
PER03969,Varun Mehta,Male,43,9258040413
PER03970,Kunal Rawat,Male,36,9849481083
PER03971,Megha Iyer,Female,27,9771399736
PER03972,Sunita Tiwari,Female,39,9463830160
PER03973,Deepak Deshmukh,Male,38,9849012824
PER03974,Heena Joshi,Female,36,9234412677
PER03975,Richa Singh,Female,29,9567371367
PER03976,Anand Patel,Male,37,9184164670
PER03977,Tushar Saxena,Male,26,9734099497
PER03978,Pallavi Goyal,Female,32,9873101719
PER03979,Arjun Deshmukh,Male,28,9590475328
PER03980,Anita Sharma,Female,40,9797993147
PER03981,Hitesh Shah,Male,21,9529074105
PER03982,Megha Mittal,Female,39,9243654042
PER03983,Aarti Chandra,Female,22,9978359144
PER03984,Vikram Verma,Male,45,9543329059
PER03985,Vandana Iyer,Female,42,9500289725
PER03986,Akash Kumar,Male,47,9382368752
PER03987,Sanjay Tiwari,Male,32,9161601100
PER03988,Neha Chandra,Female,34,9401305659
PER03989,Vikram Pandey,Male,53,9794046948
PER03990,Anita Agarwal,Female,24,9657644057
PER03991,Rashmi Patil,Female,54,9917235124
PER03992,Zara Reddy,Female,29,9702331986
PER03993,Manoj Mishra,Male,42,9810393374
PER03994,Piyush Rastogi,Male,32,9583922373
PER03995,Naveen Deshpande,Male,25,9572122763
PER03996,Vishal Chauhan,Male,21,9961762776
PER03997,Akash Chandra,Male,43,9864182687
PER03998,Gauri Sharma,Female,39,9912305103
PER03999,Tarun Pawar,Male,21,9473690658
PER04000,Prashant Naidu,Male,24,9574191665
PER04001,Vivek Deshpande,Male,40,9312729647
PER04002,Manish Tiwari,Male,31,9344975082
PER04003,Bhavna Kulkarni,Female,23,9665428390
PER04004,Padma Singh,Female,24,9676900464
PER04005,Anand Agarwal,Male,42,9245040860
PER04006,Sumit Garg,Male,37,9982179845
PER04007,Ritu Bhatia,Female,21,9507677149
PER04008,Abhishek Shah,Male,28,9911595631
PER04009,Deepak Pawar,Male,42,9413001492
PER04010,Sumit Bhatt,Male,46,9392273914
PER04011,Piyush Thakur,Male,38,9963077985
PER04012,Akash Rao,Male,26,9837525273
PER04013,Sneha Garg,Female,36,9697765867
PER04014,Mansi Naidu,Female,36,9894911454
PER04015,Manoj Khanna,Male,34,9234925828
PER04016,Yogesh Agarwal,Male,45,9355386458
PER04017,Neeraj Dubey,Male,21,9639573321
PER04018,Anita Joshi,Female,43,9191370261
PER04019,Lalit Jain,Male,38,9282625841
PER04020,Suresh Bhatia,Male,31,9887979649
PER04021,Arjun Das,Male,39,9824016684
PER04022,Amit Gupta,Male,39,9367819800
PER04023,Geeta Shukla,Female,49,9851736975
PER04024,Ajay Patil,Male,37,9329526216
PER04025,Sachin Reddy,Male,41,9862976400
PER04026,Suresh Kulkarni,Male,34,9168930798
PER04027,Deepa Deshmukh,Female,32,9857214249
PER04028,Vishal Reddy,Male,32,9158821594
PER04029,Akash Deshpande,Male,24,9206173750
PER04030,Megha Srivastava,Female,23,9985549044
PER04031,Pooja Srivastava,Female,38,9308477775
PER04032,Rakesh Khanna,Male,38,9507141560
PER04033,Sunil Dwivedi,Male,30,9722245530
PER04034,Arjun Chandra,Male,44,9306421093
PER04035,Jyoti Rao,Female,49,9987081292
PER04036,Manish Bose,Male,35,9613170076
PER04037,Piyush Kapoor,Male,27,9117128745
PER04038,Vikram Mehta,Male,21,9688571916
PER04039,Karan Mishra,Male,65,9149661239
PER04040,Nisha Mittal,Female,36,9675892146
PER04041,Meena Mishra,Female,33,9847494278
PER04042,Deepa Garg,Female,36,9516841135
PER04043,Shruti Bose,Female,37,9290911886
PER04044,Sapna Pawar,Female,25,9609080351
PER04045,Sapna Gupta,Female,21,9614423292
PER04046,Gaurav Bhatt,Male,45,9983993869
PER04047,Padma Rawat,Female,21,9646424308
PER04048,Radha Chandra,Female,23,9739103785
PER04049,Piyush Nair,Male,36,9629912849
PER04050,Hitesh Pillai,Male,42,9735120850
PER04051,Kunal Nair,Male,40,9649967694
PER04052,Dinesh Pandey,Male,65,9443877644
PER04053,Maya Gupta,Female,36,9107955471
PER04054,Mohit Iyer,Male,33,9981815466
PER04055,Jyoti Garg,Female,22,9413226661
PER04056,Padma Bhatia,Female,22,9476347908
PER04057,Nitin Patil,Male,34,9274223248
PER04058,Sachin Shukla,Male,21,9981874891
PER04059,Durga Mehta,Female,33,9350674839
PER04060,Varun Goyal,Male,43,9452875996
PER04061,Deepak Singh,Male,41,9486517616
PER04062,Deepak Malhotra,Male,37,9988033384
PER04063,Rakesh Patel,Male,42,9636502505
PER04064,Lata Gupta,Female,23,9306876658
PER04065,Rohan Shah,Male,34,9715944412
PER04066,Heena Garg,Female,26,9492999542
PER04067,Megha Kumar,Female,34,9395845352
PER04068,Akash Shukla,Male,46,9609898936
PER04069,Kunal Das,Male,21,9988222022
PER04070,Sanjay Deshpande,Male,51,9550172773
PER04071,Chitra Srivastava,Female,41,9623662357
PER04072,Sumit Garg,Male,29,9757123720
PER04073,Uma Malhotra,Female,42,9339864327
PER04074,Lalit Kulkarni,Male,33,9436800828
PER04075,Arjun Singh,Male,39,9876090727
PER04076,Rashmi Reddy,Female,23,9675411627
PER04077,Sumit Gupta,Male,43,9238664676
PER04078,Arjun Mishra,Male,30,9936118390
PER04079,Sachin Chopra,Male,39,9155194965
PER04080,Anita Kumar,Female,55,9769740536
PER04081,Varun Patil,Male,38,9872930432
PER04082,Vandana Iyer,Female,44,9394073024
PER04083,Ajay Garg,Male,34,9963446734
PER04084,Karan Das,Male,24,9347544140
PER04085,Amit Rastogi,Male,43,9629081102
PER04086,Pallavi Singh,Female,36,9106437163
PER04087,Ekta Chopra,Female,33,9824554048
PER04088,Ankur Bhatia,Male,27,9797678734
PER04089,Ramesh Kulkarni,Male,24,9468076388
PER04090,Prashant Patel,Male,25,9825779326
PER04091,Sunita Deshpande,Female,26,9464825522
PER04092,Hitesh Garg,Male,31,9860678896
PER04093,Tarun Pandey,Male,33,9970614306
PER04094,Manoj Bose,Male,32,9954334894
PER04095,Vishal Mittal,Male,31,9284198358
PER04096,Heena Chauhan,Female,40,9521045477
PER04097,Sunita Khanna,Female,35,9430740667
PER04098,Amit Chopra,Male,39,9952824792
PER04099,Yogesh Iyer,Male,21,9821922894
PER04100,Deepak Pawar,Male,36,9722715196
PER04101,Hitesh Srivastava,Male,31,9167123443
PER04102,Piyush Shukla,Male,48,9432024916
PER04103,Varun Pawar,Male,21,9618916891
PER04104,Shruti Thakur,Female,33,9109290299
PER04105,Ashish Reddy,Male,49,9434133397
PER04106,Nisha Patel,Female,23,9935140422
PER04107,Richa Naidu,Female,32,9787335297
PER04108,Sunil Bhatia,Male,54,9305344621
PER04109,Prashant Agarwal,Male,35,9889281671
PER04110,Swati Patel,Female,49,9352615039
PER04111,Sumit Kulkarni,Male,27,9722027108
PER04112,Akash Das,Male,29,9265090476
PER04113,Yamini Pawar,Female,46,9424101035
PER04114,Arun Rao,Male,32,9814035868
PER04115,Sonal Patil,Female,45,9823447516
PER04116,Yamini Garg,Female,32,9448106741
PER04117,Vivek Garg,Male,35,9447964244
PER04118,Isha Nair,Female,21,9241608777
PER04119,Mukesh Mehta,Male,34,9721142846
PER04120,Yamini Mittal,Female,53,9261284787
PER04121,Rahul Bansal,Male,22,9844768424
PER04122,Vandana Bhatia,Female,42,9810552802
PER04123,Megha Srivastava,Female,33,9776680668
PER04124,Gauri Kumar,Female,46,9432254384
PER04125,Manish Saxena,Male,38,9557548545
PER04126,Varun Mishra,Male,30,9480046665
PER04127,Aditi Kapoor,Female,38,9611951794
PER04128,Rajesh Bansal,Male,40,9769795079
PER04129,Amit Tiwari,Male,41,9593873854
PER04130,Hitesh Kumar,Male,21,9746244861
PER04131,Uma Shukla,Female,50,9472682685
PER04132,Uma Kulkarni,Female,28,9186486382
PER04133,Lalit Thakur,Male,28,9530528508
PER04134,Tanvi Patel,Female,46,9200112185
PER04135,Ashish Rawat,Male,42,9733382710
PER04136,Anjali Rawat,Female,38,9624651973
PER04137,Komal Gupta,Female,21,9671900961
PER04138,Varun Mukherjee,Male,39,9424733861
PER04139,Jatin Pawar,Male,32,9525579538
PER04140,Gaurav Nair,Male,31,9244253039
PER04141,Ramesh Naidu,Male,33,9113736822
PER04142,Tara Patil,Female,35,9585044015
PER04143,Neha Rao,Female,21,9490486034
PER04144,Lalit Chopra,Male,41,9573994349
PER04145,Naveen Nair,Male,26,9802720475
PER04146,Yogesh Kulkarni,Male,29,9598172890
PER04147,Vinod Iyer,Male,40,9184664002
PER04148,Chitra Sharma,Female,41,9574713675
PER04149,Ajay Pawar,Male,32,9408917991
PER04150,Naveen Patel,Male,42,9910582548
PER04151,Ekta Pandey,Female,38,9599618360
PER04152,Deepa Reddy,Female,39,9627260791
PER04153,Arun Pillai,Male,22,9497403681
PER04154,Gauri Deshmukh,Female,21,9827883139
PER04155,Uma Srivastava,Female,36,9447159678
PER04156,Tushar Bose,Male,33,9677532859
PER04157,Amit Bose,Male,38,9612354944
PER04158,Jatin Dubey,Male,21,9479794843
PER04159,Lalit Deshmukh,Male,33,9660872178
PER04160,Mukesh Rao,Male,40,9938170544
PER04161,Rahul Shah,Male,52,9948902519
PER04162,Vandana Rao,Female,45,9327424547
PER04163,Piyush Deshmukh,Male,45,9522829028
PER04164,Arun Das,Male,21,9206321354
PER04165,Kiran Joshi,Female,29,9155577905
PER04166,Lata Tiwari,Female,23,9147129435
PER04167,Zara Chauhan,Female,50,9827691331
PER04168,Shweta Bose,Female,28,9278761149
PER04169,Vishal Shukla,Male,36,9997184667
PER04170,Vikram Srivastava,Male,38,9467033698
PER04171,Meena Chandra,Female,21,9789662522
PER04172,Nitin Jain,Male,21,9124269027
PER04173,Rahul Agarwal,Male,42,9406381125
PER04174,Neeraj Bhatt,Male,33,9555428267
PER04175,Richa Thakur,Female,21,9466914343
PER04176,Priya Rawat,Female,21,9184127448
PER04177,Tushar Shukla,Male,31,9304206429
PER04178,Kriti Kulkarni,Female,49,9838623162
PER04179,Rohit Nair,Male,36,9612710548
PER04180,Amit Iyer,Male,40,9386507509
PER04181,Vinod Pawar,Male,30,9997526888
PER04182,Rajesh Mittal,Male,45,9154255969
PER04183,Mohit Shukla,Male,26,9534169752
PER04184,Aman Bose,Male,26,9572189442
PER04185,Arun Iyer,Male,37,9672056246
PER04186,Amit Sharma,Male,38,9369746974
PER04187,Namita Shah,Female,21,9554247912
PER04188,Ekta Pillai,Female,38,9344472798
PER04189,Aman Reddy,Male,21,9597367618
PER04190,Rakesh Mishra,Male,32,9565722670
PER04191,Sumit Iyer,Male,42,9761269038
PER04192,Durga Rastogi,Female,39,9352307006
PER04193,Deepa Garg,Female,24,9710278110
PER04194,Ravi Patil,Male,50,9499151426
PER04195,Rahul Verma,Male,53,9735335268
PER04196,Rohit Mishra,Male,21,9370133949
PER04197,Mansi Verma,Female,40,9879480477
PER04198,Chitra Rao,Female,39,9394042739
PER04199,Gauri Khanna,Female,33,9143544092
PER04200,Vandana Mittal,Female,21,9351639549
PER04201,Karan Das,Male,41,9792820099
PER04202,Sachin Nair,Male,24,9905264469
PER04203,Sonal Chauhan,Female,33,9244696379
PER04204,Aman Bansal,Male,28,9900308160
PER04205,Arjun Srivastava,Male,58,9491464285
PER04206,Prashant Jain,Male,21,9619059177
PER04207,Durga Khanna,Female,37,9501800105
PER04208,Gauri Goyal,Female,44,9931253602
PER04209,Vikram Mittal,Male,47,9315923310
PER04210,Varun Malhotra,Male,40,9797343356
PER04211,Vivek Mehta,Male,35,9988470281
PER04212,Rohan Bhatt,Male,32,9504954928
PER04213,Rashmi Bansal,Female,56,9900672957
PER04214,Anita Shukla,Female,27,9934036850
PER04215,Radha Khanna,Female,36,9933614054
PER04216,Tarun Pandey,Male,30,9987696491
PER04217,Nisha Pawar,Female,27,9425684909
PER04218,Tushar Menon,Male,48,9846376026
PER04219,Harsh Verma,Male,39,9882061616
PER04220,Jatin Rao,Male,30,9669130622
PER04221,Gaurav Shukla,Male,30,9420265326
PER04222,Megha Goyal,Female,29,9214004951
PER04223,Nitin Jain,Male,21,9387170767
PER04224,Ashish Nair,Male,40,9627964965
PER04225,Deepa Kapoor,Female,46,9731506332
PER04226,Ramesh Yadav,Male,38,9527129208
PER04227,Nitin Garg,Male,53,9222669817
PER04228,Kiran Deshpande,Female,30,9412009283
PER04229,Uma Agarwal,Female,36,9582954686
PER04230,Abhishek Chandra,Male,29,9975771027
PER04231,Meena Singh,Female,21,9873539401
PER04232,Gaurav Kumar,Male,21,9642495244
PER04233,Neeraj Deshmukh,Male,45,9129601878
PER04234,Vinod Naidu,Male,31,9965036993
PER04235,Sunil Pillai,Male,45,9563503731
PER04236,Tushar Bansal,Male,34,9126348967
PER04237,Harsh Nair,Male,38,9272767011
PER04238,Rohit Mittal,Male,38,9379048146
PER04239,Radha Mehta,Female,28,9836172902
PER04240,Hitesh Deshpande,Male,51,9647476796
PER04241,Ekta Saxena,Female,47,9127018602
PER04242,Sunil Menon,Male,25,9925290126
PER04243,Namita Chopra,Female,21,9285295238
PER04244,Arun Rao,Male,25,9565812412
PER04245,Pankaj Rawat,Male,32,9337243273
PER04246,Kiran Patil,Female,32,9983766953
PER04247,Lata Kulkarni,Female,34,9217582989
PER04248,Rekha Rao,Female,44,9141087059
PER04249,Ajay Thakur,Male,44,9306944772
PER04250,Anand Mittal,Male,44,9485797815
PER04251,Namita Rawat,Female,37,9554269474
PER04252,Aman Bose,Male,52,9125795210
PER04253,Piyush Khanna,Male,38,9695301659
PER04254,Pankaj Dubey,Male,59,9237661024
PER04255,Hitesh Verma,Male,38,9930757031
PER04256,Anand Jain,Male,32,9436666291
PER04257,Arjun Khanna,Male,28,9617673875
PER04258,Gaurav Mukherjee,Male,36,9919457718
PER04259,Tara Bose,Female,35,9895535824
PER04260,Jatin Kumar,Male,35,9440495352
PER04261,Pankaj Sharma,Male,21,9596329597
PER04262,Ashish Deshmukh,Male,36,9475168644
PER04263,Amit Naidu,Male,28,9924061428
PER04264,Tanvi Yadav,Female,59,9307417139
PER04265,Priya Menon,Female,35,9360604844
PER04266,Sachin Dwivedi,Male,43,9145050074
PER04267,Aditi Shukla,Female,26,9582283944
PER04268,Rajesh Sharma,Male,34,9702578404
PER04269,Harsh Sharma,Male,30,9693118408
PER04270,Kunal Shah,Male,35,9827993443
PER04271,Hitesh Pandey,Male,21,9721597309
PER04272,Jatin Pawar,Male,54,9916091030
PER04273,Akash Pawar,Male,21,9372770697
PER04274,Rohit Agarwal,Male,39,9613680414
PER04275,Mohit Bhatia,Male,32,9184308875
PER04276,Vikram Pandey,Male,29,9543835324
PER04277,Shubham Kapoor,Male,37,9625659284
PER04278,Harsh Iyer,Male,34,9283182694
PER04279,Tushar Shah,Male,47,9713376395
PER04280,Sita Patel,Female,30,9679247379
PER04281,Karan Rao,Male,29,9447169319
PER04282,Aditi Goyal,Female,37,9774524253
PER04283,Anjali Goyal,Female,34,9112570678
PER04284,Anjali Jain,Female,26,9283145184
PER04285,Pooja Dwivedi,Female,39,9112186273
PER04286,Gaurav Patel,Male,42,9219758384
PER04287,Vinod Dubey,Male,42,9455955768
PER04288,Gaurav Chauhan,Male,21,9300249158
PER04289,Vinod Naidu,Male,21,9607104310
PER04290,Karan Bansal,Male,34,9829080311
PER04291,Kunal Tiwari,Male,29,9819560479
PER04292,Suresh Dubey,Male,40,9836637151
PER04293,Naveen Chauhan,Male,34,9269807189
PER04294,Anand Khanna,Male,32,9172948617
PER04295,Deepak Bhatt,Male,42,9686994027
PER04296,Ashish Naidu,Male,59,9846748179
PER04297,Ajay Malhotra,Male,34,9647385462
PER04298,Arun Shah,Male,25,9655562566
PER04299,Deepak Rawat,Male,38,9395467896
PER04300,Abhishek Gupta,Male,46,9846910613
PER04301,Anjali Pandey,Female,32,9518101531
PER04302,Deepa Deshpande,Female,25,9197572557
PER04303,Sunil Dwivedi,Male,34,9478281633
PER04304,Harsh Yadav,Male,21,9556556199
PER04305,Deepak Mukherjee,Male,40,9709309395
PER04306,Pooja Yadav,Female,25,9540157470
PER04307,Vikram Rao,Male,39,9465009088
PER04308,Lalit Nair,Male,40,9864841714
PER04309,Arun Das,Male,45,9943130208
PER04310,Lata Shukla,Female,21,9615550488
PER04311,Piyush Goyal,Male,30,9247089618
PER04312,Lalit Naidu,Male,25,9383633380
PER04313,Neha Jain,Female,26,9533889541
PER04314,Varun Verma,Male,32,9722256053
PER04315,Kriti Pillai,Female,46,9766891929
PER04316,Rohit Bhatia,Male,46,9721452312
PER04317,Pankaj Deshmukh,Male,34,9798847141
PER04318,Tushar Mittal,Male,44,9661956943
PER04319,Sonal Bansal,Female,33,9861999915
PER04320,Tanvi Reddy,Female,21,9962265824
PER04321,Sapna Dwivedi,Female,45,9680029778
PER04322,Heena Singh,Female,34,9686078613
PER04323,Anita Yadav,Female,35,9405825449
PER04324,Lalit Sharma,Male,34,9341520272
PER04325,Padma Dwivedi,Female,21,9865941786
PER04326,Amit Chauhan,Male,35,9365241815
PER04327,Lata Das,Female,28,9915708712
PER04328,Ravi Joshi,Male,28,9926321439
PER04329,Karan Thakur,Male,28,9482372977
PER04330,Manish Goyal,Male,26,9871697724
PER04331,Vinod Dwivedi,Male,33,9118277778
PER04332,Amit Patel,Male,26,9278828987
PER04333,Mansi Patel,Female,56,9564040776
PER04334,Anand Gupta,Male,41,9301645854
PER04335,Rashmi Pawar,Female,42,9471382572
PER04336,Ankur Chauhan,Male,44,9892649841
PER04337,Namita Mukherjee,Female,51,9609771217
PER04338,Rashmi Chauhan,Female,21,9618162106
PER04339,Padma Bhatt,Female,53,9543576146
PER04340,Neha Bose,Female,21,9950347035
PER04341,Akash Rastogi,Male,41,9469445006
PER04342,Sachin Chopra,Male,33,9520759516
PER04343,Prashant Das,Male,32,9477157963
PER04344,Zara Nair,Female,21,9788039682
PER04345,Hitesh Srivastava,Male,28,9198098359
PER04346,Rekha Saxena,Female,40,9244801347
PER04347,Piyush Yadav,Male,42,9875177240
PER04348,Jatin Dubey,Male,28,9917512241
PER04349,Hitesh Rao,Male,21,9158161988
PER04350,Manoj Naidu,Male,41,9721184397
PER04351,Harsh Pillai,Male,21,9603633741
PER04352,Anjali Mittal,Female,38,9868999362
PER04353,Radha Menon,Female,21,9455481377
PER04354,Pallavi Shah,Female,40,9670607119
PER04355,Kriti Bose,Female,34,9627843458
PER04356,Prashant Joshi,Male,37,9275938717
PER04357,Kiran Chauhan,Female,39,9832294542
PER04358,Arjun Chandra,Male,35,9914637314
PER04359,Ekta Kulkarni,Female,57,9610429938
PER04360,Rohit Kulkarni,Male,26,9950427162
PER04361,Vivek Yadav,Male,36,9953700376
PER04362,Pooja Pandey,Female,22,9722536016
PER04363,Deepak Bose,Male,42,9938509109
PER04364,Arun Rawat,Male,52,9580689144
PER04365,Tarun Yadav,Male,23,9780948085
PER04366,Komal Chandra,Female,46,9272472480
PER04367,Rashmi Deshmukh,Female,21,9734147926
PER04368,Rakesh Sharma,Male,37,9209827868
PER04369,Dinesh Pillai,Male,44,9316960380
PER04370,Karan Goyal,Male,51,9575639020
PER04371,Bhavna Malhotra,Female,46,9568781762
PER04372,Yogesh Deshpande,Male,44,9534853093
PER04373,Sumit Reddy,Male,44,9434918053
PER04374,Komal Kumar,Female,33,9974581269
PER04375,Manish Pandey,Male,22,9809394097
PER04376,Vivek Kulkarni,Male,32,9656583872
PER04377,Tanvi Nair,Female,45,9756859418
PER04378,Ramesh Shah,Male,50,9322349186
PER04379,Mukesh Naidu,Male,39,9363407933
PER04380,Yogesh Pawar,Male,34,9131737438
PER04381,Piyush Naidu,Male,44,9312290461
PER04382,Megha Shah,Female,36,9973925770
PER04383,Rohit Reddy,Male,32,9246345791
PER04384,Vikram Chandra,Male,29,9453942661
PER04385,Heena Khanna,Female,35,9269414897
PER04386,Rajesh Das,Male,34,9753328765
PER04387,Sunita Chopra,Female,22,9594899238
PER04388,Rahul Shukla,Male,34,9946744196
PER04389,Arjun Agarwal,Male,21,9797818482
PER04390,Rekha Mehta,Female,26,9261942165
PER04391,Gaurav Malhotra,Male,49,9428445814
PER04392,Lata Bhatt,Female,36,9558977956
PER04393,Rakesh Chauhan,Male,52,9567790633
PER04394,Sonal Dwivedi,Female,38,9677733243
PER04395,Meena Pandey,Female,25,9466495058
PER04396,Rahul Chopra,Male,32,9349273635
PER04397,Aditi Verma,Female,51,9405456868
PER04398,Heena Mukherjee,Female,36,9237209788
PER04399,Ajay Bansal,Male,49,9929828666
PER04400,Swati Malhotra,Female,47,9521013487
PER04401,Priya Shukla,Female,37,9826785740
PER04402,Ankur Joshi,Male,39,9915320932
PER04403,Dinesh Pawar,Male,36,9675875729
PER04404,Sunita Srivastava,Female,35,9819874990
PER04405,Sachin Chopra,Male,50,9647002575
PER04406,Karan Bhatt,Male,37,9809431185
PER04407,Naveen Malhotra,Male,29,9698284007
PER04408,Mukesh Saxena,Male,44,9837777555
PER04409,Pankaj Naidu,Male,28,9744537407
PER04410,Chitra Patel,Female,41,9375944053
PER04411,Heena Goyal,Female,49,9918105161
PER04412,Tarun Iyer,Male,21,9509090286
PER04413,Ramesh Reddy,Male,49,9372367014
PER04414,Bhavna Mukherjee,Female,42,9415690319
PER04415,Sapna Dubey,Female,35,9116744074
PER04416,Tushar Shah,Male,30,9360058427
PER04417,Harsh Pillai,Male,21,9706247941
PER04418,Pankaj Dwivedi,Male,27,9692065850
PER04419,Ravi Tiwari,Male,36,9903859163
PER04420,Sachin Pawar,Male,43,9171129943
PER04421,Kunal Goyal,Male,27,9359332682
PER04422,Nisha Khanna,Female,28,9580310359
PER04423,Gauri Dubey,Female,31,9526501948
PER04424,Sunil Bhatia,Male,34,9862284480
PER04425,Sonal Deshpande,Female,28,9482794668
PER04426,Shweta Garg,Female,24,9163089014
PER04427,Lalit Agarwal,Male,31,9264952903
PER04428,Pankaj Bose,Male,38,9607147284
PER04429,Suresh Bansal,Male,41,9573412809
PER04430,Ankur Dubey,Male,46,9817027528
PER04431,Jatin Khanna,Male,39,9868138942
PER04432,Gaurav Patil,Male,43,9799828439
PER04433,Anand Kulkarni,Male,27,9827659666
PER04434,Manoj Rawat,Male,25,9956275229
PER04435,Sneha Chandra,Female,46,9758880924
PER04436,Ashish Deshmukh,Male,44,9430816922
PER04437,Durga Chauhan,Female,39,9815749997
PER04438,Sapna Tiwari,Female,38,9119597936
PER04439,Sneha Kumar,Female,21,9854692936
PER04440,Zara Bhatia,Female,46,9185520134
PER04441,Pooja Rastogi,Female,44,9595936423
PER04442,Manoj Rastogi,Male,29,9410404981
PER04443,Arjun Singh,Male,21,9607074316
PER04444,Varun Deshmukh,Male,28,9149405650
PER04445,Nitin Srivastava,Male,35,9499524719
PER04446,Chitra Chandra,Female,35,9721850056
PER04447,Manoj Dwivedi,Male,31,9776453625
PER04448,Deepak Patel,Male,34,9993112156
PER04449,Sneha Shah,Female,36,9891093632
PER04450,Naveen Bhatt,Male,42,9904832297
PER04451,Tarun Naidu,Male,35,9939415882
PER04452,Geeta Sharma,Female,21,9747521878
PER04453,Ravi Shukla,Male,44,9799342737
PER04454,Pallavi Malhotra,Female,33,9835777247
PER04455,Mansi Dubey,Female,38,9786537699
PER04456,Mohit Deshpande,Male,28,9842437556
PER04457,Megha Garg,Female,33,9595670570
PER04458,Sanjay Rawat,Male,29,9606142793
PER04459,Bhavna Chopra,Female,31,9848634218
PER04460,Shweta Menon,Female,32,9607635611
PER04461,Sanjay Chopra,Male,46,9527512550
PER04462,Padma Iyer,Female,49,9450085639
PER04463,Sapna Bose,Female,42,9991192035
PER04464,Arun Jain,Male,45,9818074174
PER04465,Sanjay Deshmukh,Male,33,9496723594
PER04466,Vinod Kapoor,Male,21,9397687489
PER04467,Arjun Joshi,Male,28,9524232181
PER04468,Deepak Rawat,Male,51,9168042478
PER04469,Kriti Thakur,Female,28,9584699998
PER04470,Karan Malhotra,Male,21,9354391697
PER04471,Padma Das,Female,48,9911767478
PER04472,Maya Garg,Female,31,9835655853
PER04473,Sita Verma,Female,36,9800577645
PER04474,Neha Sharma,Female,42,9982820147
PER04475,Piyush Malhotra,Male,21,9165385285
PER04476,Gauri Patel,Female,21,9513048553
PER04477,Geeta Deshpande,Female,35,9451161576
PER04478,Sanjay Naidu,Male,35,9104054562
PER04479,Uma Sharma,Female,38,9630133815
PER04480,Zara Shah,Female,21,9665467921
PER04481,Mohit Dubey,Male,35,9859822079
PER04482,Suresh Shah,Male,36,9242204510
PER04483,Dinesh Patel,Male,41,9713329171
PER04484,Anjali Iyer,Female,36,9855466037
PER04485,Priya Srivastava,Female,47,9246683977
PER04486,Neha Thakur,Female,39,9899540633
PER04487,Zara Tiwari,Female,40,9932579043
PER04488,Pankaj Dwivedi,Male,39,9782962890
PER04489,Tarun Chopra,Male,21,9854700375
PER04490,Arun Dwivedi,Male,35,9553823905
PER04491,Sumit Kapoor,Male,31,9211884187
PER04492,Jyoti Deshpande,Female,43,9509389212
PER04493,Anand Agarwal,Male,40,9104793419
PER04494,Rajesh Sharma,Male,21,9591352409
PER04495,Sanjay Menon,Male,50,9737250630
PER04496,Nisha Verma,Female,23,9762459729
PER04497,Pallavi Kapoor,Female,37,9683300469
PER04498,Rakesh Srivastava,Male,49,9105597958
PER04499,Pankaj Bose,Male,29,9625908369
PER04500,Priya Khanna,Female,39,9790706285
PER04501,Hitesh Rao,Male,25,9493062667
PER04502,Sumit Iyer,Male,36,9541208466
PER04503,Manish Reddy,Male,30,9419706069
PER04504,Bhavna Kapoor,Female,35,9656823395
PER04505,Anand Tiwari,Male,39,9377066305
PER04506,Heena Patel,Female,44,9760812988
PER04507,Chitra Yadav,Female,36,9667767355
PER04508,Swati Mehta,Female,36,9965591625
PER04509,Aditi Dubey,Female,49,9175580639
PER04510,Sanjay Dwivedi,Male,46,9960886474
PER04511,Kavita Mittal,Female,21,9344316384
PER04512,Namita Dubey,Female,33,9712374493
PER04513,Prashant Pillai,Male,45,9989739762
PER04514,Sonal Deshpande,Female,46,9714972264
PER04515,Varun Kulkarni,Male,40,9469551331
PER04516,Tara Das,Female,40,9455388673
PER04517,Tanvi Menon,Female,37,9576599186
PER04518,Megha Rastogi,Female,38,9638714413
PER04519,Durga Garg,Female,37,9221988230
PER04520,Dinesh Kulkarni,Male,39,9781556227
PER04521,Hitesh Mehta,Male,32,9521710467
PER04522,Anjali Malhotra,Female,22,9278789257
PER04523,Lata Jain,Female,39,9912059124
PER04524,Arun Chandra,Male,46,9505166862
PER04525,Aman Rao,Male,21,9417152481
PER04526,Karan Yadav,Male,32,9127287680
PER04527,Heena Mittal,Female,37,9658594197
PER04528,Anjali Nair,Female,45,9143897638
PER04529,Tarun Das,Male,45,9703179785
PER04530,Yamini Shukla,Female,44,9109311495
PER04531,Dinesh Deshpande,Male,33,9652339449
PER04532,Vikram Pandey,Male,32,9406254763
PER04533,Manoj Kapoor,Male,31,9722935671
PER04534,Vikram Agarwal,Male,34,9874450215
PER04535,Sita Deshmukh,Female,35,9458573306
PER04536,Mukesh Kumar,Male,40,9226726862
PER04537,Manish Reddy,Male,33,9621304608
PER04538,Shubham Mukherjee,Male,44,9841521171
PER04539,Manish Pandey,Male,31,9152413232
PER04540,Ekta Chandra,Female,48,9846320033
PER04541,Namita Bhatia,Female,23,9524836837
PER04542,Arjun Kulkarni,Male,21,9980797698
PER04543,Zara Verma,Female,40,9592404519
PER04544,Prashant Shah,Male,26,9975602132
PER04545,Naveen Das,Male,26,9513979565
PER04546,Heena Iyer,Female,35,9322521408
PER04547,Ashish Rawat,Male,29,9313533292
PER04548,Suresh Dubey,Male,31,9509703134
PER04549,Kunal Goyal,Male,35,9905716692
PER04550,Akash Malhotra,Male,35,9704460439
PER04551,Rekha Jain,Female,21,9247452807
PER04552,Kavita Dwivedi,Female,29,9717066003
PER04553,Ajay Patil,Male,21,9961502106
PER04554,Dinesh Bhatia,Male,44,9883895094
PER04555,Sanjay Dubey,Male,21,9183589041
PER04556,Hitesh Bhatia,Male,21,9225207523
PER04557,Lalit Dubey,Male,49,9232746969
PER04558,Mansi Thakur,Female,29,9813144038
PER04559,Deepa Bansal,Female,45,9610848939
PER04560,Richa Rastogi,Female,36,9468724036
PER04561,Neha Verma,Female,21,9832535501
PER04562,Ashish Rao,Male,22,9457533304
PER04563,Yamini Sharma,Female,21,9527145528
PER04564,Yamini Shah,Female,24,9648177082
PER04565,Jyoti Kulkarni,Female,50,9244302227
PER04566,Deepak Sharma,Male,27,9532990956
PER04567,Lalit Chandra,Male,24,9325530856
PER04568,Bhavna Rastogi,Female,35,9750927480
PER04569,Tanvi Tiwari,Female,21,9836079067
PER04570,Aman Menon,Male,35,9536717578
PER04571,Ramesh Khanna,Male,48,9238523867
PER04572,Rohan Shah,Male,37,9531230303
PER04573,Anita Malhotra,Female,21,9112445672
PER04574,Yogesh Yadav,Male,28,9937961332
PER04575,Ravi Kulkarni,Male,24,9859407771
PER04576,Abhishek Bose,Male,47,9381548809
PER04577,Rahul Deshpande,Male,45,9186085508
PER04578,Ravi Patel,Male,37,9811337601
PER04579,Ramesh Kulkarni,Male,42,9903677642
PER04580,Rashmi Tiwari,Female,34,9241472147
PER04581,Ekta Iyer,Female,27,9523250770
PER04582,Richa Thakur,Female,26,9769155829
PER04583,Namita Rawat,Female,28,9897501063
PER04584,Rohit Patil,Male,46,9390234542
PER04585,Tanvi Iyer,Female,44,9242655895
PER04586,Ajay Jain,Male,38,9157784099
PER04587,Geeta Nair,Female,42,9165596496
PER04588,Vinod Chauhan,Male,36,9307505846
PER04589,Arun Patil,Male,39,9968811179
PER04590,Ritu Khanna,Female,36,9889250208
PER04591,Deepak Chauhan,Male,29,9140746840
PER04592,Ashish Deshpande,Male,33,9507191277
PER04593,Sumit Agarwal,Male,32,9569399621
PER04594,Deepak Garg,Male,39,9985718452
PER04595,Sumit Naidu,Male,28,9431393171
PER04596,Lalit Kapoor,Male,37,9458916574
PER04597,Kiran Chauhan,Female,21,9728560438
PER04598,Prashant Thakur,Male,34,9192492833
PER04599,Pankaj Bhatia,Male,38,9158243207
PER04600,Vishal Bhatia,Male,42,9392306067
PER04601,Kunal Thakur,Male,33,9596524301
PER04602,Manish Agarwal,Male,40,9123550876
PER04603,Isha Nair,Female,21,9932687763
PER04604,Shweta Thakur,Female,25,9968097732
PER04605,Aditi Rao,Female,21,9515464678
PER04606,Aman Rao,Male,33,9225876932
PER04607,Padma Nair,Female,35,9820732085
PER04608,Suresh Nair,Male,25,9181569574
PER04609,Uma Iyer,Female,39,9132850187
PER04610,Jatin Bansal,Male,38,9401474933
PER04611,Dinesh Chandra,Male,31,9160446229
PER04612,Geeta Agarwal,Female,35,9765963383
PER04613,Lalit Bhatt,Male,33,9384714074
PER04614,Ashish Dubey,Male,32,9903116545
PER04615,Manish Goyal,Male,46,9961182275
PER04616,Uma Shukla,Female,45,9287873492
PER04617,Kunal Nair,Male,21,9170730770
PER04618,Uma Deshpande,Female,34,9804494974
PER04619,Vishal Bhatia,Male,50,9538278894
PER04620,Sunil Srivastava,Male,32,9891395368
PER04621,Neeraj Mittal,Male,65,9638420347
PER04622,Anjali Pillai,Female,43,9755505503
PER04623,Rahul Chopra,Male,44,9988980395
PER04624,Rahul Singh,Male,22,9118595978
PER04625,Rohit Deshpande,Male,36,9115994819
PER04626,Varun Mehta,Male,34,9449208142
PER04627,Ashish Kapoor,Male,33,9105315532
PER04628,Sanjay Malhotra,Male,52,9382499684
PER04629,Vishal Dubey,Male,26,9307438912
PER04630,Neeraj Garg,Male,54,9883979563
PER04631,Pooja Deshmukh,Female,30,9254402366
PER04632,Lalit Bhatt,Male,43,9782663515
PER04633,Priya Malhotra,Female,33,9196195292
PER04634,Ramesh Patil,Male,34,9888554461
PER04635,Sunita Patel,Female,21,9269290946
PER04636,Bhavna Shah,Female,36,9275598634
PER04637,Nisha Reddy,Female,28,9819466447
PER04638,Sumit Mehta,Male,35,9956057996
PER04639,Pooja Chauhan,Female,21,9652701097
PER04640,Piyush Bhatia,Male,40,9389354902
PER04641,Ekta Patel,Female,25,9895984116
PER04642,Vivek Singh,Male,42,9311497960
PER04643,Pallavi Tiwari,Female,31,9621101225
PER04644,Abhishek Reddy,Male,33,9933420123
PER04645,Ankur Mittal,Male,29,9335070373
PER04646,Mansi Joshi,Female,27,9498671009
PER04647,Deepak Menon,Male,41,9238279028
PER04648,Vishal Shah,Male,28,9329099694
PER04649,Sumit Dubey,Male,42,9475764832
PER04650,Pallavi Shah,Female,41,9818943488
PER04651,Hitesh Khanna,Male,41,9291749514
PER04652,Sumit Chopra,Male,27,9567669471
PER04653,Akash Agarwal,Male,21,9862445938
PER04654,Amit Bhatia,Male,21,9324657768
PER04655,Aarti Nair,Female,21,9296397781
PER04656,Ramesh Chandra,Male,21,9588276268
PER04657,Yamini Das,Female,33,9530745159
PER04658,Megha Chandra,Female,28,9584559881
PER04659,Arjun Verma,Male,49,9443706173
PER04660,Ashish Mittal,Male,29,9930430997
PER04661,Suresh Goyal,Male,23,9286402381
PER04662,Mansi Tiwari,Female,44,9763699233
PER04663,Prashant Garg,Male,43,9768545766
PER04664,Ekta Chandra,Female,37,9504045944
PER04665,Deepak Mittal,Male,32,9579104967
PER04666,Isha Chopra,Female,32,9865400797
PER04667,Rakesh Malhotra,Male,44,9586567084
PER04668,Karan Bhatt,Male,43,9167473204
PER04669,Varun Nair,Male,49,9787992541
PER04670,Maya Kumar,Female,28,9941961877
PER04671,Padma Bose,Female,34,9769072212
PER04672,Abhishek Patil,Male,24,9435811968
PER04673,Rashmi Singh,Female,37,9942338856
PER04674,Sunil Shukla,Male,37,9967533002
PER04675,Varun Garg,Male,37,9832201490
PER04676,Mohit Shukla,Male,37,9720607401
PER04677,Nisha Menon,Female,25,9763537229
PER04678,Bhavna Iyer,Female,38,9826376382
PER04679,Abhishek Rao,Male,40,9192740665
PER04680,Jyoti Das,Female,50,9806589881
PER04681,Heena Pandey,Female,40,9430884011
PER04682,Nitin Jain,Male,30,9186650963
PER04683,Ankur Bhatt,Male,29,9117632625
PER04684,Isha Thakur,Female,35,9710762239
PER04685,Deepak Rastogi,Male,34,9697514821
PER04686,Harsh Singh,Male,37,9665560470
PER04687,Manish Kapoor,Male,41,9188483311
PER04688,Sapna Rastogi,Female,32,9747390638
PER04689,Harsh Joshi,Male,34,9860645205
PER04690,Sachin Iyer,Male,30,9384510907
PER04691,Manish Dwivedi,Male,40,9841384631
PER04692,Harsh Nair,Male,34,9955392840
PER04693,Geeta Deshmukh,Female,51,9758672023
PER04694,Swati Goyal,Female,26,9968606199
PER04695,Swati Pillai,Female,51,9920104912
PER04696,Nisha Deshmukh,Female,21,9620014558
PER04697,Sachin Dubey,Male,21,9167390286
PER04698,Manoj Kulkarni,Male,38,9422238891
PER04699,Aman Mukherjee,Male,37,9801692702
PER04700,Tushar Dubey,Male,41,9574486721
PER04701,Ramesh Agarwal,Male,41,9752956716
PER04702,Manish Dwivedi,Male,42,9539955784
PER04703,Abhishek Shukla,Male,37,9820507533
PER04704,Komal Rao,Female,38,9672943403
PER04705,Arjun Kapoor,Male,36,9304100431
PER04706,Shubham Kapoor,Male,39,9514108895
PER04707,Megha Bhatia,Female,39,9997234960
PER04708,Aman Das,Male,50,9114385466
PER04709,Anand Bansal,Male,43,9203385251
PER04710,Ravi Menon,Male,21,9607990107
PER04711,Jatin Khanna,Male,44,9621552616
PER04712,Rekha Shukla,Female,42,9583287883
PER04713,Harsh Dubey,Male,42,9439863041
PER04714,Anjali Tiwari,Female,21,9594648882
PER04715,Sanjay Yadav,Male,34,9125649010
PER04716,Neha Khanna,Female,41,9248173610
PER04717,Piyush Reddy,Male,21,9629949235
PER04718,Rahul Dwivedi,Male,30,9919389640
PER04719,Deepak Deshpande,Male,35,9689761291
PER04720,Dinesh Bhatia,Male,21,9409444937
PER04721,Akash Reddy,Male,22,9695888731
PER04722,Aman Joshi,Male,21,9343491006
PER04723,Uma Mittal,Female,30,9236039023
PER04724,Vikram Malhotra,Male,41,9445891060
PER04725,Arun Patil,Male,46,9333776130
PER04726,Sapna Mukherjee,Female,45,9684790299
PER04727,Tanvi Das,Female,24,9992557049
PER04728,Sumit Chopra,Male,34,9125436214
PER04729,Meena Reddy,Female,32,9703462944
PER04730,Varun Srivastava,Male,41,9384789033
PER04731,Shweta Chandra,Female,36,9257863766
PER04732,Kunal Jain,Male,37,9269743440
PER04733,Anita Shukla,Female,21,9747517510
PER04734,Sachin Yadav,Male,52,9373690173
PER04735,Swati Rao,Female,37,9336540011
PER04736,Geeta Shukla,Female,37,9521050055
PER04737,Rashmi Singh,Female,44,9418124995
PER04738,Varun Gupta,Male,36,9370604369
PER04739,Kunal Patel,Male,34,9871929390
PER04740,Kavita Shukla,Female,28,9695749996
PER04741,Zara Singh,Female,25,9472270154
PER04742,Ritu Yadav,Female,21,9286582508
PER04743,Zara Das,Female,54,9713108453
PER04744,Ashish Mittal,Male,28,9388527426
PER04745,Yogesh Saxena,Male,21,9386380715
PER04746,Mukesh Agarwal,Male,21,9925176381
PER04747,Aditi Shukla,Female,40,9911817703
PER04748,Divya Naidu,Female,28,9294677263
PER04749,Rajesh Chauhan,Male,42,9849981704
PER04750,Meena Rastogi,Female,42,9473115549
PER04751,Megha Menon,Female,39,9992510104
PER04752,Pankaj Pillai,Male,21,9915430843
PER04753,Rohan Chandra,Male,47,9992880242
PER04754,Harsh Rastogi,Male,37,9336570446
PER04755,Ashish Gupta,Male,30,9837907033
PER04756,Varun Singh,Male,32,9413830810
PER04757,Shweta Gupta,Female,37,9360272843
PER04758,Ramesh Mittal,Male,28,9158845741
PER04759,Karan Malhotra,Male,54,9362557961
PER04760,Yogesh Pandey,Male,21,9637146306
PER04761,Ritu Goyal,Female,21,9306874085
PER04762,Ajay Agarwal,Male,28,9374562309
PER04763,Ramesh Gupta,Male,51,9106213602
PER04764,Anand Srivastava,Male,42,9466574001
PER04765,Mukesh Bhatt,Male,31,9725996702
PER04766,Naveen Chauhan,Male,27,9279244326
PER04767,Zara Srivastava,Female,31,9184899555
PER04768,Suresh Dubey,Male,26,9192059694
PER04769,Manoj Dubey,Male,37,9516913844
PER04770,Sunil Mishra,Male,38,9628282003
PER04771,Rakesh Rawat,Male,26,9602559125
PER04772,Dinesh Pandey,Male,33,9154431352
PER04773,Tarun Goyal,Male,41,9938045657
PER04774,Anand Agarwal,Male,22,9545001488
PER04775,Ritu Dwivedi,Female,46,9405852611
PER04776,Nitin Mehta,Male,53,9337954576
PER04777,Ravi Singh,Male,42,9773922959
PER04778,Rashmi Garg,Female,29,9574029582
PER04779,Akash Malhotra,Male,41,9284126138
PER04780,Jyoti Tiwari,Female,34,9843142312
PER04781,Zara Dwivedi,Female,38,9768255847
PER04782,Mansi Agarwal,Female,36,9985952390
PER04783,Gaurav Nair,Male,31,9119226927
PER04784,Meena Patil,Female,33,9445755834
PER04785,Hitesh Srivastava,Male,34,9431422467
PER04786,Karan Nair,Male,26,9967262287
PER04787,Tarun Goyal,Male,44,9246430128
PER04788,Uma Iyer,Female,23,9909637347
PER04789,Sneha Yadav,Female,41,9995344137
PER04790,Zara Bansal,Female,30,9332156483
PER04791,Mohit Nair,Male,38,9756401490
PER04792,Suresh Srivastava,Male,58,9380596641
PER04793,Nitin Srivastava,Male,33,9480455248
PER04794,Uma Khanna,Female,33,9455768581
PER04795,Zara Verma,Female,46,9732682250
PER04796,Durga Patel,Female,48,9872413565
PER04797,Ekta Bansal,Female,37,9929537718
PER04798,Neeraj Pandey,Male,37,9652624238
PER04799,Aman Joshi,Male,52,9906643865
PER04800,Padma Thakur,Female,31,9948063329
PER04801,Rohan Reddy,Male,21,9863914641
PER04802,Ramesh Verma,Male,28,9434072644
PER04803,Rahul Naidu,Male,36,9520954045
PER04804,Suresh Shukla,Male,41,9681533445
PER04805,Divya Garg,Female,22,9834501741
PER04806,Divya Chopra,Female,38,9783724440
PER04807,Shubham Deshmukh,Male,26,9217127428
PER04808,Vinod Dwivedi,Male,30,9182199628
PER04809,Sachin Khanna,Male,31,9150519227
PER04810,Rahul Bhatt,Male,37,9612322223
PER04811,Mansi Shah,Female,36,9148111580
PER04812,Lalit Patel,Male,21,9619101477
PER04813,Vikram Chauhan,Male,39,9934127158
PER04814,Tanvi Mittal,Female,39,9396177878
PER04815,Gauri Chauhan,Female,21,9458993050
PER04816,Karan Bansal,Male,28,9388602812
PER04817,Harsh Malhotra,Male,45,9280930788
PER04818,Ekta Das,Female,33,9374754006
PER04819,Dinesh Mishra,Male,24,9180230219
PER04820,Anjali Goyal,Female,21,9127973251
PER04821,Ravi Chauhan,Male,21,9741170418
PER04822,Aarti Chauhan,Female,25,9996751331
PER04823,Vikram Mishra,Male,36,9298113284
PER04824,Zara Mishra,Female,33,9469755571
PER04825,Anjali Pawar,Female,31,9233331923
PER04826,Rajesh Mehta,Male,47,9475972853
PER04827,Kiran Dwivedi,Female,48,9440181484
PER04828,Tushar Patil,Male,39,9488021519
PER04829,Sapna Deshpande,Female,40,9517586859
PER04830,Sumit Naidu,Male,27,9963508870
PER04831,Mohit Thakur,Male,29,9682539005
PER04832,Priya Naidu,Female,43,9365932782
PER04833,Bhavna Deshpande,Female,40,9110055384
PER04834,Ramesh Bansal,Male,46,9851063240
PER04835,Aman Goyal,Male,31,9903780941
PER04836,Ajay Bansal,Male,32,9434550290
PER04837,Gauri Pandey,Female,21,9772854613
PER04838,Gaurav Chandra,Male,29,9945048434
PER04839,Radha Rawat,Female,49,9145348388
PER04840,Piyush Yadav,Male,32,9547387718
PER04841,Lalit Patil,Male,45,9655058501
PER04842,Arjun Shah,Male,25,9391464640
PER04843,Pankaj Pillai,Male,35,9217486215
PER04844,Rashmi Mishra,Female,56,9134391882
PER04845,Komal Rawat,Female,42,9992314192
PER04846,Amit Deshmukh,Male,35,9442243123
PER04847,Gauri Naidu,Female,32,9929196009
PER04848,Lata Rawat,Female,31,9629124069
PER04849,Sanjay Goyal,Male,26,9801450262
PER04850,Deepa Deshmukh,Female,21,9934972458
PER04851,Komal Verma,Female,22,9838245807
PER04852,Yogesh Reddy,Male,21,9276630847
PER04853,Geeta Reddy,Female,34,9681771017
PER04854,Sunil Srivastava,Male,23,9757099860
PER04855,Rekha Jain,Female,32,9669340724
PER04856,Ashish Goyal,Male,21,9124375900
PER04857,Ramesh Saxena,Male,46,9910656642
PER04858,Mukesh Kulkarni,Male,41,9398599630
PER04859,Varun Yadav,Male,41,9458828471
PER04860,Rohit Bansal,Male,27,9121754783
PER04861,Vinod Naidu,Male,21,9536439107
PER04862,Anita Nair,Female,52,9381815430
PER04863,Vishal Sharma,Male,43,9170257463
PER04864,Neha Srivastava,Female,40,9302738214
PER04865,Jyoti Naidu,Female,32,9492322658
PER04866,Tara Shukla,Female,40,9685151147
PER04867,Pooja Shukla,Female,23,9652391206
PER04868,Tara Kulkarni,Female,25,9230764479
PER04869,Sachin Mishra,Male,21,9390023309
PER04870,Lalit Shah,Male,29,9103409747
PER04871,Yogesh Das,Male,39,9823113876
PER04872,Pankaj Dwivedi,Male,49,9789383049
PER04873,Sanjay Dubey,Male,39,9920960832
PER04874,Rajesh Reddy,Male,38,9402637918
PER04875,Yogesh Rawat,Male,43,9345984348
PER04876,Mansi Mukherjee,Female,37,9982530929
PER04877,Rohit Iyer,Male,63,9559743103
PER04878,Vinod Goyal,Male,29,9366865337
PER04879,Tara Shah,Female,21,9486023292
PER04880,Geeta Dwivedi,Female,26,9178895809
PER04881,Neeraj Rawat,Male,21,9545325443
PER04882,Shruti Deshpande,Female,39,9651378028
PER04883,Sonal Joshi,Female,35,9491728257
PER04884,Ravi Nair,Male,43,9673107487
PER04885,Kunal Bhatt,Male,26,9728335124
PER04886,Karan Rastogi,Male,42,9294391466
PER04887,Sunil Mishra,Male,34,9398410326
PER04888,Uma Khanna,Female,26,9490154840
PER04889,Mukesh Jain,Male,44,9636643209
PER04890,Arjun Bhatia,Male,26,9434008762
PER04891,Sonal Bhatia,Female,53,9486724157
PER04892,Vikram Joshi,Male,22,9205062209
PER04893,Sachin Pillai,Male,34,9450923036
PER04894,Shruti Verma,Female,34,9945503882
PER04895,Arun Pandey,Male,25,9608474923
PER04896,Manoj Dubey,Male,51,9518891907
PER04897,Rahul Mehta,Male,41,9455749282
PER04898,Tushar Chopra,Male,48,9129255722
PER04899,Mukesh Bhatt,Male,44,9638919865
PER04900,Vinod Reddy,Male,35,9722190197
PER04901,Aman Mukherjee,Male,25,9295547960
PER04902,Ajay Singh,Male,34,9463659301
PER04903,Prashant Reddy,Male,32,9983350971
PER04904,Pooja Kumar,Female,31,9392052495
PER04905,Rekha Naidu,Female,45,9432153217
PER04906,Karan Thakur,Male,43,9811448381
PER04907,Amit Kumar,Male,29,9538251607
PER04908,Kunal Jain,Male,35,9480960582
PER04909,Vishal Pandey,Male,34,9148435769
PER04910,Pankaj Kapoor,Male,44,9359559506
PER04911,Sumit Rawat,Male,40,9602418241
PER04912,Hitesh Nair,Male,36,9834430837
PER04913,Mansi Bose,Female,36,9844253447
PER04914,Namita Reddy,Female,31,9893908778
PER04915,Lalit Bhatia,Male,27,9350800970
PER04916,Rohan Khanna,Male,37,9589419172
PER04917,Abhishek Pandey,Male,23,9634862235
PER04918,Arun Deshmukh,Male,27,9588886221
PER04919,Arun Khanna,Male,35,9317486488
PER04920,Mukesh Pawar,Male,50,9876976691
PER04921,Kunal Patel,Male,40,9451023090
PER04922,Heena Naidu,Female,36,9100225301
PER04923,Anjali Kumar,Female,49,9835975664
PER04924,Hitesh Garg,Male,32,9671357385
PER04925,Vivek Saxena,Male,58,9244323469
PER04926,Rajesh Mishra,Male,30,9199468363
PER04927,Abhishek Pawar,Male,39,9557303508
PER04928,Nisha Rawat,Female,35,9809765800
PER04929,Shweta Nair,Female,39,9598409132
PER04930,Anand Reddy,Male,21,9853090477
PER04931,Radha Chauhan,Female,30,9193672747
PER04932,Nitin Goyal,Male,36,9660869859
PER04933,Jatin Gupta,Male,47,9768109902
PER04934,Varun Verma,Male,29,9147487338
PER04935,Aarti Deshmukh,Female,40,9831617077
PER04936,Manoj Mukherjee,Male,37,9322604755
PER04937,Rajesh Singh,Male,47,9337814343
PER04938,Rekha Thakur,Female,42,9525738651
PER04939,Vishal Mukherjee,Male,21,9397008492
PER04940,Gaurav Yadav,Male,32,9231636415
PER04941,Jatin Rastogi,Male,30,9465893630
PER04942,Sonal Bose,Female,39,9863651537
PER04943,Prashant Reddy,Male,39,9168082899
PER04944,Nitin Pillai,Male,35,9157121539
PER04945,Pooja Mehta,Female,30,9845586677
PER04946,Sunil Verma,Male,36,9828289800
PER04947,Vivek Khanna,Male,21,9725872013
PER04948,Arun Shukla,Male,37,9529374083
PER04949,Vikram Gupta,Male,43,9951438193
PER04950,Pallavi Saxena,Female,22,9156646619
PER04951,Sonal Bhatt,Female,27,9467622244
PER04952,Vikram Mukherjee,Male,28,9550905163
PER04953,Yogesh Kulkarni,Male,40,9584394001
PER04954,Ashish Kumar,Male,31,9965996840
PER04955,Shweta Khanna,Female,40,9491579964
PER04956,Richa Chandra,Female,37,9260311121
PER04957,Sumit Gupta,Male,28,9998043603
PER04958,Amit Das,Male,30,9750606849
PER04959,Vishal Chandra,Male,23,9810293973
PER04960,Rashmi Garg,Female,33,9590527269
PER04961,Bhavna Naidu,Female,25,9776423528
PER04962,Chitra Kapoor,Female,49,9273278282
PER04963,Anita Bose,Female,23,9307721404
PER04964,Rohan Singh,Male,21,9143815424
PER04965,Mansi Goyal,Female,25,9108426544
PER04966,Vikram Naidu,Male,21,9675255443
PER04967,Akash Dwivedi,Male,26,9903067838
PER04968,Jatin Reddy,Male,38,9873936851
PER04969,Neeraj Singh,Male,28,9587457288
PER04970,Deepa Patel,Female,36,9505560930
PER04971,Ashish Dubey,Male,41,9671467031
PER04972,Radha Garg,Female,33,9461557329
PER04973,Ravi Bansal,Male,26,9930282434
PER04974,Kriti Verma,Female,29,9823055278
PER04975,Sita Saxena,Female,37,9155821597
PER04976,Richa Singh,Female,26,9496638265
PER04977,Ajay Bhatia,Male,39,9370449001
PER04978,Padma Reddy,Female,37,9946417180
PER04979,Prashant Iyer,Male,37,9123609675
PER04980,Gauri Thakur,Female,59,9985931938
PER04981,Tanvi Nair,Female,25,9509447979
PER04982,Tara Dubey,Female,36,9649888370
PER04983,Namita Gupta,Female,40,9831656142
PER04984,Rahul Shukla,Male,37,9593977480
PER04985,Pooja Yadav,Female,21,9206737007
PER04986,Padma Khanna,Female,32,9176847505
PER04987,Deepa Rawat,Female,57,9599450089
PER04988,Rakesh Menon,Male,22,9350875313
PER04989,Manish Shukla,Male,27,9821897694
PER04990,Abhishek Mukherjee,Male,45,9770307358
PER04991,Komal Agarwal,Female,31,9691315512
PER04992,Shubham Singh,Male,43,9762252520
PER04993,Sumit Chopra,Male,39,9353192912
PER04994,Mukesh Kumar,Male,38,9974529828
PER04995,Akash Shukla,Male,21,9333505462
PER04996,Arjun Chauhan,Male,41,9931389174
PER04997,Tarun Malhotra,Male,46,9524327526
PER04998,Sunil Rawat,Male,58,9538425721
PER04999,Ritu Patil,Female,44,9356863580
PER05000,Priya Garg,Female,37,9714559275
