Record_ID,Person_ID,Loan_Type,Loan_Amount,Loan_Date,Loan_Term_Months,Status,Lender
REC000001,PER00001,Personal Loan,82,2014-04-08,36,Repaid,HDFC Bank
REC000002,PER00001,Education Loan,45,2024-10-28,84,Repaid,Tata Capital
REC000003,PER00002,Home Loan,134,2014-02-20,300,Repaid,Kotak Mahindra
REC000004,PER00002,Car Loan,79,2017-03-14,36,Repaid,IndusInd Bank
REC000005,PER00002,Education Loan,22,2013-06-18,48,Repaid,Canara Bank
REC000006,PER00003,Personal Loan,38,2017-10-25,48,Defaulted,Bajaj Finserv
REC000007,PER00003,Home Loan,411,2024-01-25,120,Active,IDBI Bank
REC000008,PER00005,Personal Loan,68,2021-08-22,36,Repaid,ICICI Bank
REC000009,PER00005,Home Loan,335,2023-03-01,360,Repaid,LIC Housing Finance
REC000010,PER00006,Car Loan,62,2013-04-05,60,Repaid,LIC Housing Finance
REC000011,PER00007,Home Loan,146,2014-06-28,300,Repaid,Axis Bank
REC000012,PER00007,Gold Loan,24,2021-09-07,12,Repaid,Union Bank
REC000013,PER00007,Personal Loan,36,2013-09-03,36,Repaid,PNB
REC000014,PER00007,Car Loan,37,2020-06-24,36,Repaid,Tata Capital
REC000015,PER00007,Consumer Durable Loan,4,2013-12-07,24,Active,PNB
REC000016,PER00008,Home Loan,215,2011-05-12,180,Active,Kotak Mahindra
REC000017,PER00008,Car Loan,40,2024-06-24,36,Defaulted,Bank of Baroda
REC000018,PER00009,Car Loan,46,2013-03-26,60,Active,Axis Bank
REC000019,PER00010,Home Loan,122,2016-10-03,300,Repaid,Yes Bank
REC000020,PER00010,Personal Loan,27,2010-02-01,48,Defaulted,Union Bank
REC000021,PER00011,Car Loan,65,2020-01-08,84,Active,Axis Bank
REC000022,PER00011,Car Loan,68,2018-02-14,48,Defaulted,ICICI Bank
REC000023,PER00011,Car Loan,51,2018-04-01,84,Repaid,PNB
REC000024,PER00011,Home Loan,354,2012-01-01,300,Defaulted,Bank of Baroda
REC000025,PER00011,Home Loan,125,2023-06-06,360,Defaulted,IndusInd Bank
REC000026,PER00012,Home Loan,189,2012-01-17,300,Active,Bajaj Finserv
REC000027,PER00013,Home Loan,68,2014-07-01,240,Repaid,Yes Bank
REC000028,PER00013,Personal Loan,16,2024-11-10,24,Defaulted,IndusInd Bank
REC000029,PER00013,Car Loan,95,2020-06-16,60,Defaulted,Kotak Mahindra
REC000030,PER00013,Personal Loan,49,2021-10-07,12,Defaulted,Axis Bank
REC000031,PER00013,Car Loan,30,2025-12-19,60,Repaid,HDFC Bank
REC000032,PER00013,Home Loan,142,2018-10-22,180,Active,SBI
REC000033,PER00013,Home Loan,188,2015-06-11,300,Defaulted,IndusInd Bank
REC000034,PER00014,Car Loan,59,2017-04-16,36,Active,Canara Bank
REC000035,PER00015,Personal Loan,30,2021-05-01,24,Active,LIC Housing Finance
REC000036,PER00016,Personal Loan,57,2022-07-03,48,Defaulted,ICICI Bank
REC000037,PER00016,Education Loan,55,2021-10-26,84,Active,Axis Bank
REC000038,PER00016,Home Loan,267,2023-05-23,180,Defaulted,PNB
REC000039,PER00017,Car Loan,139,2025-07-02,36,Active,Union Bank
REC000040,PER00017,Business Loan,152,2010-01-19,36,Active,ICICI Bank
REC000041,PER00017,Business Loan,319,2017-10-11,48,Repaid,IDBI Bank
REC000042,PER00018,Personal Loan,37,2012-09-07,48,Defaulted,HDFC Bank
REC000043,PER00018,Car Loan,63,2014-09-04,48,Repaid,IndusInd Bank
REC000044,PER00019,Car Loan,58,2021-01-23,36,Active,ICICI Bank
REC000045,PER00020,Home Loan,220,2024-04-19,180,Defaulted,PNB
REC000046,PER00020,Home Loan,170,2021-09-20,240,Repaid,PNB
REC000047,PER00021,Education Loan,103,2021-01-06,60,Repaid,IndusInd Bank
REC000048,PER00022,Business Loan,105,2015-04-17,12,Repaid,Axis Bank
REC000049,PER00023,Personal Loan,80,2022-02-28,24,Active,IndusInd Bank
REC000050,PER00024,Business Loan,263,2015-05-06,24,Repaid,Bajaj Finserv
REC000051,PER00024,Home Loan,187,2020-12-05,300,Repaid,Axis Bank
REC000052,PER00025,Car Loan,96,2020-12-10,84,Repaid,Bank of Baroda
REC000053,PER00025,Personal Loan,21,2021-05-08,24,Repaid,Canara Bank
REC000054,PER00026,Home Loan,217,2012-06-18,240,Active,LIC Housing Finance
REC000055,PER00026,Gold Loan,6,2017-01-22,12,Repaid,LIC Housing Finance
REC000056,PER00026,Home Loan,199,2014-10-25,240,Active,Bajaj Finserv
REC000057,PER00027,Car Loan,44,2014-05-05,48,Active,SBI
REC000058,PER00027,Home Loan,130,2022-04-01,120,Active,HDFC Bank
REC000059,PER00027,Personal Loan,20,2017-07-26,24,Defaulted,Bank of Baroda
REC000060,PER00027,Business Loan,173,2021-05-27,12,Defaulted,LIC Housing Finance
REC000061,PER00027,Home Loan,136,2024-05-21,180,Active,Kotak Mahindra
REC000062,PER00027,Home Loan,76,2020-03-02,300,Defaulted,SBI
REC000063,PER00027,Education Loan,92,2021-07-10,60,Defaulted,Bajaj Finserv
REC000064,PER00027,Home Loan,179,2021-04-24,360,Active,PNB
REC000065,PER00029,Business Loan,46,2020-02-26,36,Repaid,PNB
REC000066,PER00029,Personal Loan,28,2015-01-05,12,Repaid,Tata Capital
REC000067,PER00029,Personal Loan,31,2023-10-13,36,Repaid,Yes Bank
REC000068,PER00031,Gold Loan,17,2023-08-02,60,Repaid,Union Bank
REC000069,PER00031,Home Loan,122,2016-03-15,240,Repaid,Bajaj Finserv
REC000070,PER00031,Business Loan,39,2025-09-23,60,Repaid,Kotak Mahindra
REC000071,PER00031,Personal Loan,12,2016-06-26,48,Repaid,Bajaj Finserv
REC000072,PER00031,Car Loan,83,2022-02-15,84,Repaid,HDFC Bank
REC000073,PER00031,Car Loan,70,2017-01-12,60,Repaid,PNB
REC000074,PER00031,Personal Loan,57,2017-11-13,60,Active,PNB
REC000075,PER00032,Business Loan,101,2020-04-15,12,Repaid,Bank of Baroda
REC000076,PER00032,Car Loan,78,2018-02-15,60,Repaid,ICICI Bank
REC000077,PER00032,Business Loan,47,2013-01-12,12,Repaid,Bank of Baroda
REC000078,PER00032,Car Loan,70,2020-04-13,60,Repaid,Bank of Baroda
REC000079,PER00032,Personal Loan,23,2014-09-17,12,Repaid,IndusInd Bank
REC000080,PER00033,Two-Wheeler Loan,9,2018-02-12,36,Repaid,IndusInd Bank
REC000081,PER00033,Education Loan,33,2021-08-11,36,Active,IDBI Bank
REC000082,PER00033,Home Loan,220,2020-10-04,120,Active,Yes Bank
REC000083,PER00033,Car Loan,46,2017-07-08,48,Active,Bajaj Finserv
REC000084,PER00033,Personal Loan,33,2018-01-01,24,Defaulted,IndusInd Bank
REC000085,PER00033,Home Loan,419,2016-03-06,240,Defaulted,IndusInd Bank
REC000086,PER00034,Education Loan,139,2022-05-27,60,Repaid,Axis Bank
REC000087,PER00034,Car Loan,66,2010-06-06,36,Repaid,Axis Bank
REC000088,PER00034,Personal Loan,40,2013-08-15,60,Defaulted,Bajaj Finserv
REC000089,PER00035,Car Loan,93,2013-11-10,84,Defaulted,IndusInd Bank
REC000090,PER00035,Personal Loan,53,2019-08-18,12,Repaid,IndusInd Bank
REC000091,PER00035,Business Loan,31,2021-12-04,48,Active,PNB
REC000092,PER00037,Business Loan,93,2017-05-15,12,Active,Canara Bank
REC000093,PER00038,Gold Loan,6,2011-11-17,36,Repaid,Union Bank
REC000094,PER00038,Home Loan,94,2017-09-07,300,Repaid,IndusInd Bank
REC000095,PER00039,Home Loan,234,2022-08-17,120,Repaid,Tata Capital
REC000096,PER00040,Home Loan,136,2023-03-15,180,Repaid,IDBI Bank
REC000097,PER00040,Personal Loan,86,2013-01-08,60,Repaid,ICICI Bank
REC000098,PER00041,Consumer Durable Loan,15,2012-08-23,36,Defaulted,IndusInd Bank
REC000099,PER00041,Home Loan,61,2024-05-03,240,Defaulted,LIC Housing Finance
REC000100,PER00041,Education Loan,83,2025-04-20,36,Repaid,Tata Capital
REC000101,PER00042,Business Loan,234,2010-05-20,36,Repaid,HDFC Bank
REC000102,PER00042,Personal Loan,58,2016-12-20,60,Repaid,Tata Capital
REC000103,PER00042,Personal Loan,26,2019-06-12,12,Active,IndusInd Bank
REC000104,PER00043,Education Loan,30,2018-06-22,60,Repaid,Canara Bank
REC000105,PER00043,Personal Loan,87,2022-02-23,60,Repaid,HDFC Bank
REC000106,PER00044,Home Loan,180,2019-06-21,240,Active,Bank of Baroda
REC000107,PER00044,Education Loan,63,2014-07-10,36,Active,PNB
REC000108,PER00044,Personal Loan,14,2019-02-28,36,Repaid,PNB
REC000109,PER00045,Car Loan,39,2015-02-23,60,Active,Bank of Baroda
REC000110,PER00045,Education Loan,60,2020-01-27,36,Repaid,Yes Bank
REC000111,PER00045,Education Loan,20,2014-09-09,84,Active,Yes Bank
REC000112,PER00045,Education Loan,27,2012-03-18,36,Repaid,ICICI Bank
REC000113,PER00045,Home Loan,573,2011-12-19,360,Repaid,Union Bank
REC000114,PER00046,Education Loan,118,2014-01-23,36,Defaulted,Bank of Baroda
REC000115,PER00046,Consumer Durable Loan,8,2020-10-09,60,Defaulted,Canara Bank
REC000116,PER00046,Car Loan,73,2010-07-26,36,Defaulted,Kotak Mahindra
REC000117,PER00047,Business Loan,80,2016-03-18,36,Active,SBI
REC000118,PER00047,Car Loan,78,2022-02-03,36,Repaid,Canara Bank
REC000119,PER00047,Education Loan,16,2021-07-15,84,Repaid,Bajaj Finserv
REC000120,PER00047,Car Loan,57,2022-10-12,48,Repaid,ICICI Bank
REC000121,PER00047,Business Loan,298,2023-11-23,60,Repaid,ICICI Bank
REC000122,PER00047,Home Loan,664,2021-09-10,120,Repaid,Axis Bank
REC000123,PER00048,Business Loan,143,2025-01-21,12,Repaid,Yes Bank
REC000124,PER00048,Car Loan,104,2021-11-26,36,Active,Union Bank
REC000125,PER00049,Personal Loan,37,2022-06-21,36,Repaid,Canara Bank
REC000126,PER00049,Home Loan,147,2019-03-24,360,Repaid,LIC Housing Finance
REC000127,PER00049,Home Loan,172,2018-03-20,180,Repaid,Union Bank
REC000128,PER00049,Personal Loan,53,2017-03-03,60,Repaid,LIC Housing Finance
REC000129,PER00050,Home Loan,237,2014-11-27,180,Defaulted,LIC Housing Finance
REC000130,PER00051,Car Loan,13,2022-03-26,60,Repaid,HDFC Bank
REC000131,PER00052,Home Loan,158,2022-11-13,120,Active,Axis Bank
REC000132,PER00052,Car Loan,49,2015-12-07,36,Active,Canara Bank
REC000133,PER00052,Personal Loan,23,2016-02-04,24,Active,Bajaj Finserv
REC000134,PER00053,Car Loan,73,2017-03-16,48,Defaulted,Kotak Mahindra
REC000135,PER00053,Personal Loan,14,2025-02-28,48,Repaid,PNB
REC000136,PER00053,Home Loan,197,2011-04-27,120,Active,SBI
REC000137,PER00055,Home Loan,125,2015-03-11,180,Repaid,HDFC Bank
REC000138,PER00055,Home Loan,98,2016-11-20,180,Defaulted,Axis Bank
REC000139,PER00055,Car Loan,50,2020-03-17,48,Repaid,IDBI Bank
REC000140,PER00055,Education Loan,17,2019-12-06,60,Repaid,ICICI Bank
REC000141,PER00056,Personal Loan,25,2022-05-08,36,Active,Axis Bank
REC000142,PER00056,Home Loan,142,2022-12-21,300,Active,Axis Bank
REC000143,PER00056,Education Loan,26,2010-12-20,84,Repaid,Yes Bank
REC000144,PER00057,Home Loan,483,2011-06-11,360,Active,IDBI Bank
REC000145,PER00057,Education Loan,36,2017-11-22,60,Repaid,SBI
REC000146,PER00058,Two-Wheeler Loan,5,2010-02-01,12,Active,Tata Capital
REC000147,PER00058,Home Loan,165,2011-06-07,180,Defaulted,HDFC Bank
REC000148,PER00059,Gold Loan,28,2024-09-18,48,Active,HDFC Bank
REC000149,PER00059,Car Loan,94,2013-11-07,60,Active,Axis Bank
REC000150,PER00059,Car Loan,52,2024-09-28,48,Repaid,HDFC Bank
REC000151,PER00059,Home Loan,383,2016-12-13,120,Active,Canara Bank
REC000152,PER00059,Personal Loan,90,2022-07-21,36,Repaid,Bank of Baroda
REC000153,PER00059,Education Loan,40,2015-05-24,36,Repaid,IDBI Bank
REC000154,PER00060,Education Loan,37,2022-08-20,36,Defaulted,IDBI Bank
REC000155,PER00060,Education Loan,150,2012-09-04,48,Active,Axis Bank
REC000156,PER00061,Home Loan,95,2011-08-21,120,Repaid,IndusInd Bank
REC000157,PER00061,Personal Loan,13,2023-07-10,48,Defaulted,HDFC Bank
REC000158,PER00061,Home Loan,178,2023-06-28,360,Defaulted,IndusInd Bank
REC000159,PER00062,Two-Wheeler Loan,11,2024-01-08,48,Repaid,Bajaj Finserv
REC000160,PER00064,Home Loan,335,2013-12-25,240,Active,PNB
REC000161,PER00064,Personal Loan,50,2017-12-15,48,Defaulted,Axis Bank
REC000162,PER00064,Home Loan,294,2011-09-05,300,Repaid,SBI
REC000163,PER00065,Personal Loan,43,2011-08-27,36,Repaid,Yes Bank
REC000164,PER00065,Car Loan,51,2024-11-18,60,Defaulted,Axis Bank
REC000165,PER00065,Home Loan,311,2023-04-16,180,Repaid,Kotak Mahindra
REC000166,PER00066,Car Loan,66,2016-10-11,48,Repaid,HDFC Bank
REC000167,PER00066,Car Loan,59,2021-11-08,36,Defaulted,SBI
REC000168,PER00066,Car Loan,83,2024-05-16,36,Repaid,Tata Capital
REC000169,PER00066,Car Loan,53,2025-09-21,36,Repaid,Union Bank
REC000170,PER00066,Business Loan,113,2022-06-14,48,Defaulted,Bank of Baroda
REC000171,PER00066,Gold Loan,10,2022-11-01,12,Repaid,SBI
REC000172,PER00066,Personal Loan,52,2016-05-19,48,Repaid,SBI
REC000173,PER00067,Personal Loan,60,2017-02-06,48,Repaid,Canara Bank
REC000174,PER00067,Home Loan,189,2024-12-04,240,Active,Bank of Baroda
REC000175,PER00067,Education Loan,24,2021-11-11,36,Active,Union Bank
REC000176,PER00067,Home Loan,264,2018-04-11,240,Repaid,PNB
REC000177,PER00068,Home Loan,294,2012-08-16,180,Defaulted,HDFC Bank
REC000178,PER00068,Personal Loan,22,2022-04-26,12,Repaid,Kotak Mahindra
REC000179,PER00069,Gold Loan,13,2013-04-22,12,Repaid,Bajaj Finserv
REC000180,PER00069,Car Loan,57,2015-05-22,84,Repaid,Yes Bank
REC000181,PER00069,Car Loan,67,2017-10-25,36,Active,IndusInd Bank
REC000182,PER00069,Personal Loan,51,2011-08-19,48,Repaid,Canara Bank
REC000183,PER00070,Home Loan,248,2016-05-17,360,Defaulted,IDBI Bank
REC000184,PER00070,Home Loan,222,2020-10-09,360,Repaid,Tata Capital
REC000185,PER00071,Home Loan,411,2017-12-14,240,Defaulted,Bank of Baroda
REC000186,PER00071,Car Loan,46,2017-05-01,84,Repaid,IndusInd Bank
REC000187,PER00073,Home Loan,83,2019-03-22,180,Active,HDFC Bank
REC000188,PER00073,Personal Loan,32,2013-08-22,48,Repaid,PNB
REC000189,PER00073,Home Loan,191,2024-09-23,180,Repaid,Yes Bank
REC000190,PER00074,Consumer Durable Loan,5,2017-08-12,12,Active,PNB
REC000191,PER00074,Home Loan,272,2025-01-21,300,Active,HDFC Bank
REC000192,PER00075,Personal Loan,34,2012-04-23,24,Defaulted,Kotak Mahindra
REC000193,PER00075,Home Loan,81,2015-11-15,300,Active,Canara Bank
REC000194,PER00076,Business Loan,144,2025-07-20,12,Defaulted,ICICI Bank
REC000195,PER00076,Home Loan,107,2013-02-10,120,Defaulted,Bajaj Finserv
REC000196,PER00076,Business Loan,225,2013-01-14,60,Defaulted,ICICI Bank
REC000197,PER00076,Personal Loan,26,2017-05-02,48,Repaid,Axis Bank
REC000198,PER00076,Home Loan,110,2021-12-13,300,Defaulted,IDBI Bank
REC000199,PER00077,Education Loan,39,2019-09-02,48,Active,Bajaj Finserv
REC000200,PER00078,Home Loan,159,2025-12-01,300,Defaulted,IndusInd Bank
REC000201,PER00079,Personal Loan,100,2025-03-07,36,Repaid,Tata Capital
REC000202,PER00079,Home Loan,223,2016-02-27,360,Repaid,LIC Housing Finance
REC000203,PER00079,Car Loan,52,2016-10-24,60,Defaulted,Bajaj Finserv
REC000204,PER00079,Home Loan,110,2021-11-21,300,Repaid,PNB
REC000205,PER00080,Business Loan,182,2019-05-10,60,Repaid,SBI
REC000206,PER00081,Business Loan,407,2011-08-27,12,Defaulted,IDBI Bank
REC000207,PER00081,Personal Loan,23,2022-03-05,48,Repaid,PNB
REC000208,PER00082,Personal Loan,36,2017-10-14,48,Repaid,LIC Housing Finance
REC000209,PER00083,Home Loan,60,2025-12-17,120,Active,LIC Housing Finance
REC000210,PER00083,Home Loan,208,2023-09-09,120,Repaid,Tata Capital
REC000211,PER00083,Gold Loan,7,2019-05-04,48,Repaid,HDFC Bank
REC000212,PER00083,Car Loan,100,2025-12-02,60,Repaid,SBI
REC000213,PER00084,Car Loan,49,2023-01-24,36,Repaid,Tata Capital
REC000214,PER00084,Business Loan,74,2010-12-09,24,Defaulted,Tata Capital
REC000215,PER00087,Personal Loan,45,2022-01-24,36,Repaid,ICICI Bank
REC000216,PER00087,Home Loan,196,2018-05-15,180,Defaulted,IndusInd Bank
REC000217,PER00087,Home Loan,118,2014-03-01,300,Repaid,Canara Bank
REC000218,PER00087,Car Loan,84,2023-07-27,60,Defaulted,Bajaj Finserv
REC000219,PER00087,Personal Loan,19,2013-06-10,24,Active,IDBI Bank
REC000220,PER00088,Business Loan,197,2014-10-04,60,Defaulted,Canara Bank
REC000221,PER00089,Home Loan,75,2021-09-13,300,Repaid,Kotak Mahindra
REC000222,PER00090,Personal Loan,21,2023-02-19,48,Active,SBI
REC000223,PER00090,Car Loan,65,2021-10-06,36,Active,ICICI Bank
REC000224,PER00090,Personal Loan,20,2013-07-17,12,Repaid,Axis Bank
REC000225,PER00091,Car Loan,114,2024-12-11,60,Repaid,PNB
REC000226,PER00091,Home Loan,89,2022-11-17,360,Repaid,Union Bank
REC000227,PER00092,Business Loan,128,2019-05-04,24,Repaid,Kotak Mahindra
REC000228,PER00092,Gold Loan,9,2012-01-24,12,Repaid,Yes Bank
REC000229,PER00094,Home Loan,155,2022-06-12,120,Repaid,IndusInd Bank
REC000230,PER00094,Home Loan,397,2011-10-11,120,Repaid,HDFC Bank
REC000231,PER00094,Personal Loan,51,2011-08-11,48,Repaid,Kotak Mahindra
REC000232,PER00094,Personal Loan,27,2019-12-24,12,Repaid,PNB
REC000233,PER00094,Home Loan,104,2017-01-19,240,Active,IDBI Bank
REC000234,PER00095,Home Loan,229,2017-02-28,180,Repaid,Kotak Mahindra
REC000235,PER00095,Education Loan,116,2010-02-06,48,Repaid,SBI
REC000236,PER00095,Personal Loan,42,2018-02-10,24,Active,ICICI Bank
REC000237,PER00095,Car Loan,38,2015-12-24,60,Repaid,IDBI Bank
REC000238,PER00096,Education Loan,29,2024-08-08,36,Defaulted,Axis Bank
REC000239,PER00096,Business Loan,73,2019-12-26,12,Repaid,Yes Bank
REC000240,PER00096,Home Loan,82,2012-08-12,120,Repaid,ICICI Bank
REC000241,PER00097,Personal Loan,29,2017-12-28,12,Repaid,PNB
REC000242,PER00097,Personal Loan,16,2023-08-18,24,Repaid,Bank of Baroda
REC000243,PER00097,Education Loan,58,2016-03-13,60,Active,Union Bank
REC000244,PER00097,Consumer Durable Loan,6,2025-08-05,48,Active,PNB
REC000245,PER00097,Personal Loan,25,2015-06-19,12,Active,Tata Capital
REC000246,PER00097,Personal Loan,32,2014-05-13,24,Repaid,Bank of Baroda
REC000247,PER00097,Consumer Durable Loan,8,2020-07-27,60,Repaid,SBI
REC000248,PER00098,Gold Loan,6,2015-03-28,48,Active,HDFC Bank
REC000249,PER00098,Business Loan,20,2011-06-03,48,Repaid,Canara Bank
REC000250,PER00099,Gold Loan,8,2020-09-23,12,Active,Union Bank
REC000251,PER00099,Business Loan,137,2020-03-01,48,Active,HDFC Bank
REC000252,PER00099,Personal Loan,25,2016-06-09,48,Repaid,IndusInd Bank
REC000253,PER00099,Home Loan,200,2025-03-04,180,Repaid,Bank of Baroda
REC000254,PER00100,Education Loan,92,2012-12-13,60,Defaulted,SBI
REC000255,PER00100,Business Loan,30,2023-04-21,36,Defaulted,LIC Housing Finance
REC000256,PER00100,Home Loan,88,2013-01-25,180,Active,Bank of Baroda
REC000257,PER00100,Business Loan,128,2019-03-09,48,Repaid,Kotak Mahindra
REC000258,PER00100,Car Loan,49,2018-11-28,60,Defaulted,ICICI Bank
REC000259,PER00100,Business Loan,114,2022-04-08,12,Repaid,SBI
REC000260,PER00102,Home Loan,269,2022-01-16,300,Repaid,Tata Capital
REC000261,PER00102,Business Loan,53,2013-05-03,48,Repaid,Bajaj Finserv
REC000262,PER00102,Personal Loan,33,2018-04-03,12,Repaid,SBI
REC000263,PER00102,Home Loan,139,2015-12-14,120,Repaid,Axis Bank
REC000264,PER00102,Personal Loan,38,2017-05-19,48,Active,ICICI Bank
REC000265,PER00103,Personal Loan,19,2018-01-08,12,Repaid,Bajaj Finserv
REC000266,PER00103,Personal Loan,29,2017-03-16,60,Repaid,SBI
REC000267,PER00105,Home Loan,88,2017-05-17,120,Active,PNB
REC000268,PER00105,Personal Loan,63,2022-11-14,36,Repaid,LIC Housing Finance
REC000269,PER00106,Car Loan,76,2010-10-07,84,Active,IndusInd Bank
REC000270,PER00106,Business Loan,39,2023-07-13,12,Defaulted,HDFC Bank
REC000271,PER00106,Home Loan,310,2013-02-05,240,Defaulted,IndusInd Bank
REC000272,PER00106,Education Loan,60,2010-12-26,60,Defaulted,Kotak Mahindra
REC000273,PER00108,Gold Loan,12,2017-02-17,12,Repaid,ICICI Bank
REC000274,PER00108,Personal Loan,21,2016-10-05,60,Active,LIC Housing Finance
REC000275,PER00108,Personal Loan,55,2021-05-22,36,Repaid,ICICI Bank
REC000276,PER00108,Home Loan,345,2018-05-06,180,Repaid,IDBI Bank
REC000277,PER00110,Car Loan,51,2019-12-18,84,Repaid,LIC Housing Finance
REC000278,PER00110,Home Loan,224,2023-11-17,120,Repaid,PNB
REC000279,PER00110,Personal Loan,38,2015-01-04,12,Repaid,PNB
REC000280,PER00111,Home Loan,104,2011-06-27,360,Repaid,Tata Capital
REC000281,PER00111,Home Loan,151,2019-05-10,300,Repaid,Kotak Mahindra
REC000282,PER00112,Consumer Durable Loan,9,2018-01-13,24,Repaid,PNB
REC000283,PER00112,Business Loan,25,2025-03-26,12,Defaulted,LIC Housing Finance
REC000284,PER00112,Home Loan,138,2021-11-07,300,Repaid,IDBI Bank
REC000285,PER00112,Car Loan,44,2022-01-03,84,Repaid,Bank of Baroda
REC000286,PER00112,Car Loan,68,2019-03-05,60,Repaid,IDBI Bank
REC000287,PER00112,Business Loan,129,2024-11-21,24,Active,Bajaj Finserv
REC000288,PER00112,Personal Loan,38,2015-05-22,36,Defaulted,PNB
REC000289,PER00113,Car Loan,34,2019-04-06,60,Repaid,IndusInd Bank
REC000290,PER00113,Personal Loan,51,2012-02-17,36,Active,Union Bank
REC000291,PER00114,Consumer Durable Loan,3,2017-03-06,36,Repaid,Bajaj Finserv
REC000292,PER00114,Consumer Durable Loan,13,2022-07-16,24,Repaid,Bajaj Finserv
REC000293,PER00114,Home Loan,188,2025-05-16,300,Active,IndusInd Bank
REC000294,PER00114,Education Loan,76,2023-09-15,60,Active,IndusInd Bank
REC000295,PER00115,Education Loan,21,2025-09-01,84,Active,LIC Housing Finance
REC000296,PER00117,Home Loan,220,2010-07-02,180,Repaid,Bank of Baroda
REC000297,PER00117,Home Loan,269,2011-10-13,300,Active,ICICI Bank
REC000298,PER00117,Business Loan,80,2020-06-07,60,Active,SBI
REC000299,PER00118,Home Loan,254,2019-10-04,300,Defaulted,HDFC Bank
REC000300,PER00118,Home Loan,222,2021-04-21,300,Repaid,Kotak Mahindra
REC000301,PER00119,Personal Loan,25,2018-01-26,60,Repaid,Bank of Baroda
REC000302,PER00119,Education Loan,29,2020-09-01,60,Repaid,Union Bank
REC000303,PER00119,Business Loan,197,2013-04-18,36,Repaid,SBI
REC000304,PER00119,Personal Loan,36,2010-10-23,24,Repaid,IDBI Bank
REC000305,PER00120,Home Loan,130,2013-09-09,360,Defaulted,ICICI Bank
REC000306,PER00121,Business Loan,44,2025-03-12,12,Repaid,Yes Bank
REC000307,PER00121,Home Loan,175,2014-04-02,120,Defaulted,Union Bank
REC000308,PER00122,Car Loan,73,2011-03-28,48,Repaid,PNB
REC000309,PER00122,Car Loan,146,2014-12-11,60,Repaid,SBI
REC000310,PER00123,Personal Loan,28,2018-03-15,12,Active,Axis Bank
REC000311,PER00123,Home Loan,110,2020-09-04,180,Repaid,Bank of Baroda
REC000312,PER00123,Education Loan,19,2010-08-28,48,Active,Bank of Baroda
REC000313,PER00123,Home Loan,153,2020-09-02,360,Repaid,PNB
REC000314,PER00124,Business Loan,93,2016-09-24,60,Repaid,Axis Bank
REC000315,PER00124,Gold Loan,14,2011-12-13,48,Repaid,Canara Bank
REC000316,PER00124,Car Loan,57,2017-09-23,36,Repaid,Axis Bank
REC000317,PER00125,Business Loan,57,2020-03-11,60,Active,IndusInd Bank
REC000318,PER00125,Gold Loan,15,2010-01-15,48,Defaulted,Bank of Baroda
REC000319,PER00125,Personal Loan,17,2024-09-14,24,Defaulted,HDFC Bank
REC000320,PER00126,Personal Loan,23,2014-05-06,24,Repaid,Tata Capital
REC000321,PER00126,Personal Loan,14,2020-12-01,12,Active,Bajaj Finserv
REC000322,PER00126,Personal Loan,28,2024-12-12,12,Repaid,ICICI Bank
REC000323,PER00127,Home Loan,80,2015-04-12,240,Repaid,Bajaj Finserv
REC000324,PER00128,Education Loan,45,2013-01-11,60,Active,Axis Bank
REC000325,PER00128,Car Loan,54,2018-05-10,84,Defaulted,IDBI Bank
REC000326,PER00129,Education Loan,41,2018-03-12,36,Repaid,Axis Bank
REC000327,PER00129,Home Loan,117,2017-07-27,180,Active,Yes Bank
REC000328,PER00131,Personal Loan,20,2010-01-22,24,Defaulted,Yes Bank
REC000329,PER00131,Two-Wheeler Loan,11,2014-11-24,36,Repaid,IDBI Bank
REC000330,PER00132,Education Loan,38,2016-10-20,60,Repaid,Bajaj Finserv
REC000331,PER00132,Car Loan,43,2016-12-14,36,Repaid,Canara Bank
REC000332,PER00132,Two-Wheeler Loan,3,2014-01-03,36,Active,Bajaj Finserv
REC000333,PER00132,Education Loan,32,2013-03-02,36,Repaid,PNB
REC000334,PER00132,Home Loan,332,2016-05-21,120,Repaid,Yes Bank
REC000335,PER00133,Home Loan,250,2012-06-15,300,Active,Bank of Baroda
REC000336,PER00133,Education Loan,25,2022-07-26,48,Active,PNB
REC000337,PER00134,Business Loan,250,2010-11-23,24,Active,Union Bank
REC000338,PER00134,Home Loan,76,2023-09-17,240,Defaulted,Bank of Baroda
REC000339,PER00135,Education Loan,27,2012-04-17,36,Repaid,HDFC Bank
REC000340,PER00135,Car Loan,48,2010-07-26,60,Active,Yes Bank
REC000341,PER00135,Home Loan,444,2020-09-09,360,Repaid,Axis Bank
REC000342,PER00136,Personal Loan,58,2019-04-04,24,Repaid,Union Bank
REC000343,PER00136,Business Loan,86,2013-08-27,60,Active,Yes Bank
REC000344,PER00137,Business Loan,127,2012-03-12,36,Active,Yes Bank
REC000345,PER00137,Home Loan,139,2013-12-23,180,Active,ICICI Bank
REC000346,PER00138,Home Loan,165,2025-08-28,120,Defaulted,Tata Capital
REC000347,PER00138,Personal Loan,26,2015-01-05,12,Active,PNB
REC000348,PER00138,Home Loan,95,2020-01-18,120,Defaulted,PNB
REC000349,PER00138,Home Loan,140,2010-04-22,240,Active,Bajaj Finserv
REC000350,PER00139,Home Loan,221,2011-06-26,360,Active,Yes Bank
REC000351,PER00139,Education Loan,43,2019-04-09,36,Defaulted,IDBI Bank
REC000352,PER00139,Home Loan,220,2012-02-28,180,Defaulted,Canara Bank
REC000353,PER00139,Car Loan,145,2016-11-15,48,Repaid,Yes Bank
REC000354,PER00139,Home Loan,418,2024-02-21,180,Active,Bank of Baroda
REC000355,PER00139,Home Loan,354,2019-09-01,120,Defaulted,Union Bank
REC000356,PER00140,Personal Loan,40,2022-12-01,12,Repaid,Kotak Mahindra
REC000357,PER00140,Home Loan,241,2013-09-13,180,Active,Bank of Baroda
REC000358,PER00140,Consumer Durable Loan,7,2010-10-18,36,Repaid,ICICI Bank
REC000359,PER00140,Gold Loan,13,2020-09-27,24,Active,IDBI Bank
REC000360,PER00141,Home Loan,216,2024-01-25,360,Repaid,HDFC Bank
REC000361,PER00141,Home Loan,240,2022-02-03,180,Repaid,HDFC Bank
REC000362,PER00141,Personal Loan,52,2024-03-04,36,Repaid,IndusInd Bank
REC000363,PER00141,Home Loan,153,2019-06-01,240,Repaid,ICICI Bank
REC000364,PER00142,Gold Loan,9,2018-02-24,36,Repaid,Bajaj Finserv
REC000365,PER00142,Business Loan,188,2017-04-18,48,Repaid,LIC Housing Finance
REC000366,PER00143,Personal Loan,21,2015-08-04,48,Repaid,Kotak Mahindra
REC000367,PER00143,Education Loan,44,2015-02-25,36,Active,PNB
REC000368,PER00144,Personal Loan,17,2013-05-01,48,Active,Union Bank
REC000369,PER00144,Personal Loan,9,2024-10-20,12,Active,Tata Capital
REC000370,PER00144,Gold Loan,15,2025-05-04,24,Repaid,Canara Bank
REC000371,PER00144,Two-Wheeler Loan,13,2012-07-22,12,Active,Canara Bank
REC000372,PER00145,Home Loan,110,2023-04-15,360,Repaid,IndusInd Bank
REC000373,PER00145,Business Loan,130,2014-06-12,24,Repaid,Bank of Baroda
REC000374,PER00146,Home Loan,215,2018-10-28,240,Repaid,Kotak Mahindra
REC000375,PER00146,Home Loan,117,2023-12-24,240,Repaid,LIC Housing Finance
REC000376,PER00147,Home Loan,50,2015-01-02,360,Defaulted,Bajaj Finserv
REC000377,PER00147,Car Loan,54,2014-07-24,48,Defaulted,Bajaj Finserv
REC000378,PER00147,Personal Loan,30,2010-07-21,12,Repaid,SBI
REC000379,PER00148,Home Loan,337,2018-06-16,120,Defaulted,ICICI Bank
REC000380,PER00148,Home Loan,193,2016-03-19,180,Repaid,LIC Housing Finance
REC000381,PER00148,Personal Loan,29,2017-02-19,24,Repaid,Bank of Baroda
REC000382,PER00150,Home Loan,355,2015-08-27,300,Repaid,Axis Bank
REC000383,PER00150,Home Loan,242,2023-11-02,120,Repaid,LIC Housing Finance
REC000384,PER00150,Business Loan,78,2022-08-15,12,Repaid,Yes Bank
REC000385,PER00151,Home Loan,247,2021-11-07,300,Repaid,IDBI Bank
REC000386,PER00151,Personal Loan,24,2024-03-21,24,Active,PNB
REC000387,PER00151,Personal Loan,21,2023-10-12,24,Repaid,Union Bank
REC000388,PER00151,Home Loan,132,2017-11-02,300,Repaid,Union Bank
REC000389,PER00152,Personal Loan,31,2023-06-25,36,Active,Tata Capital
REC000390,PER00153,Home Loan,84,2016-05-15,300,Defaulted,Kotak Mahindra
REC000391,PER00154,Personal Loan,23,2025-03-15,60,Repaid,Tata Capital
REC000392,PER00155,Education Loan,115,2011-02-08,60,Active,Bajaj Finserv
REC000393,PER00156,Business Loan,44,2013-11-27,60,Active,Union Bank
REC000394,PER00156,Home Loan,160,2021-05-03,180,Active,Axis Bank
REC000395,PER00157,Education Loan,20,2020-02-10,36,Defaulted,Axis Bank
REC000396,PER00157,Car Loan,48,2011-07-28,36,Defaulted,PNB
REC000397,PER00157,Consumer Durable Loan,13,2021-02-04,12,Defaulted,Bank of Baroda
REC000398,PER00158,Gold Loan,9,2021-05-23,12,Repaid,Yes Bank
REC000399,PER00158,Car Loan,40,2025-07-04,36,Repaid,IDBI Bank
REC000400,PER00158,Home Loan,142,2011-01-14,180,Repaid,SBI
REC000401,PER00158,Car Loan,76,2015-04-06,60,Repaid,Canara Bank
REC000402,PER00158,Personal Loan,44,2022-02-05,12,Repaid,Axis Bank
REC000403,PER00160,Business Loan,80,2014-07-24,12,Active,Axis Bank
REC000404,PER00160,Home Loan,201,2010-07-25,360,Repaid,Axis Bank
REC000405,PER00160,Personal Loan,9,2010-10-19,36,Active,Kotak Mahindra
REC000406,PER00161,Home Loan,77,2017-11-14,360,Repaid,IDBI Bank
REC000407,PER00161,Business Loan,65,2021-01-04,60,Repaid,Axis Bank
REC000408,PER00162,Home Loan,114,2024-07-11,300,Defaulted,Tata Capital
REC000409,PER00162,Home Loan,198,2023-08-03,300,Repaid,Tata Capital
REC000410,PER00162,Business Loan,500,2010-07-10,12,Active,PNB
REC000411,PER00162,Personal Loan,94,2025-02-19,48,Active,LIC Housing Finance
REC000412,PER00162,Home Loan,154,2024-07-07,360,Active,Yes Bank
REC000413,PER00162,Two-Wheeler Loan,7,2022-09-12,48,Defaulted,IDBI Bank
REC000414,PER00162,Personal Loan,26,2012-02-16,48,Repaid,Tata Capital
REC000415,PER00163,Personal Loan,74,2021-07-08,12,Active,Union Bank
REC000416,PER00163,Home Loan,95,2023-03-28,240,Repaid,HDFC Bank
REC000417,PER00163,Gold Loan,14,2025-06-08,12,Active,ICICI Bank
REC000418,PER00164,Home Loan,409,2023-05-26,300,Repaid,Bank of Baroda
REC000419,PER00165,Car Loan,89,2022-01-24,48,Repaid,Union Bank
REC000420,PER00166,Education Loan,30,2022-07-02,48,Repaid,SBI
REC000421,PER00166,Education Loan,40,2023-02-13,60,Repaid,PNB
REC000422,PER00166,Home Loan,245,2010-08-19,300,Repaid,Axis Bank
REC000423,PER00167,Home Loan,272,2012-11-02,120,Repaid,IDBI Bank
REC000424,PER00167,Education Loan,50,2017-11-12,36,Defaulted,Canara Bank
REC000425,PER00168,Car Loan,59,2017-06-22,48,Repaid,Bajaj Finserv
REC000426,PER00168,Business Loan,104,2015-08-09,12,Repaid,Union Bank
REC000427,PER00168,Home Loan,97,2017-03-07,300,Repaid,Bank of Baroda
REC000428,PER00169,Personal Loan,49,2013-10-13,48,Defaulted,SBI
REC000429,PER00169,Education Loan,39,2016-12-14,60,Repaid,ICICI Bank
REC000430,PER00169,Home Loan,277,2019-02-16,120,Active,IndusInd Bank
REC000431,PER00171,Education Loan,10,2025-08-10,60,Active,PNB
REC000432,PER00171,Home Loan,315,2021-10-15,180,Active,HDFC Bank
REC000433,PER00172,Personal Loan,36,2014-09-20,12,Active,PNB
REC000434,PER00172,Education Loan,46,2010-04-06,36,Repaid,Canara Bank
REC000435,PER00173,Personal Loan,98,2024-07-04,36,Active,IDBI Bank
REC000436,PER00173,Business Loan,339,2017-02-10,12,Active,IndusInd Bank
REC000437,PER00173,Business Loan,104,2022-05-26,60,Repaid,PNB
REC000438,PER00174,Home Loan,244,2016-10-13,240,Active,Bajaj Finserv
REC000439,PER00174,Home Loan,359,2016-10-21,180,Repaid,Axis Bank
REC000440,PER00174,Home Loan,151,2010-07-22,360,Defaulted,SBI
REC000441,PER00175,Business Loan,121,2010-06-26,60,Repaid,SBI
REC000442,PER00175,Personal Loan,35,2023-08-15,60,Repaid,SBI
REC000443,PER00176,Personal Loan,32,2013-06-06,36,Defaulted,HDFC Bank
REC000444,PER00176,Personal Loan,24,2018-07-12,36,Active,LIC Housing Finance
REC000445,PER00176,Car Loan,50,2013-03-26,84,Repaid,IndusInd Bank
REC000446,PER00176,Car Loan,42,2010-07-11,48,Repaid,Axis Bank
REC000447,PER00176,Personal Loan,66,2025-04-08,36,Repaid,Tata Capital
REC000448,PER00176,Home Loan,344,2019-12-13,180,Defaulted,Bank of Baroda
REC000449,PER00177,Gold Loan,6,2019-09-16,36,Repaid,Bank of Baroda
REC000450,PER00177,Personal Loan,21,2021-02-11,60,Defaulted,Tata Capital
REC000451,PER00177,Personal Loan,98,2019-12-04,60,Active,Canara Bank
REC000452,PER00177,Business Loan,466,2014-10-20,36,Defaulted,Canara Bank
REC000453,PER00177,Home Loan,50,2010-04-04,120,Active,PNB
REC000454,PER00178,Education Loan,59,2018-12-12,60,Repaid,HDFC Bank
REC000455,PER00178,Home Loan,94,2024-04-23,120,Repaid,Bajaj Finserv
REC000456,PER00178,Car Loan,68,2024-09-10,48,Active,Tata Capital
REC000457,PER00180,Business Loan,81,2015-11-11,12,Repaid,ICICI Bank
REC000458,PER00181,Home Loan,111,2013-07-22,180,Repaid,Union Bank
REC000459,PER00181,Education Loan,90,2024-08-07,60,Repaid,Tata Capital
REC000460,PER00181,Home Loan,165,2020-01-17,300,Active,PNB
REC000461,PER00181,Home Loan,119,2013-12-22,360,Defaulted,PNB
REC000462,PER00182,Car Loan,46,2022-10-21,84,Repaid,Kotak Mahindra
REC000463,PER00182,Home Loan,144,2013-02-22,180,Repaid,Axis Bank
REC000464,PER00183,Home Loan,109,2012-06-06,300,Defaulted,Yes Bank
REC000465,PER00184,Education Loan,90,2022-12-02,36,Active,Canara Bank
REC000466,PER00184,Personal Loan,16,2013-03-10,36,Repaid,Bajaj Finserv
REC000467,PER00185,Personal Loan,95,2025-07-21,36,Repaid,Union Bank
REC000468,PER00185,Car Loan,37,2019-07-02,48,Active,IDBI Bank
REC000469,PER00185,Home Loan,129,2020-08-18,240,Active,ICICI Bank
REC000470,PER00187,Home Loan,359,2019-05-22,360,Defaulted,Axis Bank
REC000471,PER00188,Personal Loan,67,2025-04-07,48,Active,ICICI Bank
REC000472,PER00189,Home Loan,198,2022-07-24,360,Repaid,Tata Capital
REC000473,PER00189,Business Loan,173,2017-02-26,48,Repaid,Bank of Baroda
REC000474,PER00189,Education Loan,50,2025-04-24,36,Defaulted,Bajaj Finserv
REC000475,PER00190,Home Loan,162,2012-07-14,300,Repaid,Bajaj Finserv
REC000476,PER00191,Personal Loan,9,2020-04-23,36,Defaulted,Union Bank
REC000477,PER00191,Home Loan,180,2024-03-17,300,Defaulted,Bank of Baroda
REC000478,PER00191,Home Loan,352,2024-06-02,360,Active,Union Bank
REC000479,PER00191,Home Loan,203,2016-01-20,300,Repaid,Union Bank
REC000480,PER00192,Personal Loan,34,2024-01-17,24,Defaulted,Bank of Baroda
REC000481,PER00192,Car Loan,36,2021-03-05,60,Repaid,Axis Bank
REC000482,PER00192,Education Loan,90,2018-07-04,60,Defaulted,Bank of Baroda
REC000483,PER00193,Business Loan,150,2012-08-20,24,Defaulted,ICICI Bank
REC000484,PER00193,Personal Loan,64,2013-08-19,36,Defaulted,LIC Housing Finance
REC000485,PER00194,Personal Loan,17,2015-01-10,48,Active,IndusInd Bank
REC000486,PER00194,Personal Loan,54,2013-06-15,36,Active,Axis Bank
REC000487,PER00194,Home Loan,233,2020-03-21,360,Repaid,IndusInd Bank
REC000488,PER00194,Gold Loan,29,2022-09-22,12,Active,Axis Bank
REC000489,PER00195,Personal Loan,16,2020-09-26,12,Repaid,ICICI Bank
REC000490,PER00195,Home Loan,111,2023-04-13,120,Repaid,Canara Bank
REC000491,PER00195,Car Loan,54,2014-06-20,48,Repaid,Kotak Mahindra
REC000492,PER00196,Car Loan,47,2015-11-20,36,Repaid,PNB
REC000493,PER00196,Car Loan,57,2015-10-04,36,Repaid,HDFC Bank
REC000494,PER00197,Personal Loan,56,2018-02-28,48,Active,ICICI Bank
REC000495,PER00198,Education Loan,81,2023-06-11,48,Defaulted,Tata Capital
REC000496,PER00199,Consumer Durable Loan,10,2017-08-22,36,Defaulted,LIC Housing Finance
REC000497,PER00200,Home Loan,134,2023-05-15,180,Defaulted,PNB
REC000498,PER00200,Home Loan,276,2011-03-07,240,Defaulted,Bank of Baroda
REC000499,PER00200,Home Loan,133,2019-11-04,240,Defaulted,SBI
REC000500,PER00200,Personal Loan,31,2017-06-02,48,Active,Canara Bank
REC000501,PER00201,Car Loan,57,2022-06-05,60,Active,PNB
REC000502,PER00202,Home Loan,88,2024-03-06,300,Repaid,Bajaj Finserv
REC000503,PER00204,Home Loan,50,2019-11-16,120,Repaid,IDBI Bank
REC000504,PER00205,Home Loan,315,2018-02-13,240,Repaid,HDFC Bank
REC000505,PER00205,Car Loan,78,2024-09-28,60,Repaid,LIC Housing Finance
REC000506,PER00205,Personal Loan,58,2013-09-02,36,Active,Bank of Baroda
REC000507,PER00206,Home Loan,96,2019-07-13,180,Repaid,IDBI Bank
REC000508,PER00206,Home Loan,233,2011-09-23,240,Active,Kotak Mahindra
REC000509,PER00207,Car Loan,69,2017-06-19,48,Active,IDBI Bank
REC000510,PER00207,Personal Loan,68,2020-04-17,60,Defaulted,HDFC Bank
REC000511,PER00207,Car Loan,61,2017-06-13,48,Defaulted,Bank of Baroda
REC000512,PER00208,Personal Loan,100,2025-07-11,36,Repaid,Tata Capital
REC000513,PER00208,Two-Wheeler Loan,3,2014-09-07,36,Repaid,HDFC Bank
REC000514,PER00208,Home Loan,125,2024-08-19,180,Repaid,Axis Bank
REC000515,PER00208,Car Loan,87,2018-05-26,84,Repaid,Bajaj Finserv
REC000516,PER00208,Personal Loan,20,2013-05-22,60,Repaid,IDBI Bank
REC000517,PER00208,Personal Loan,10,2015-06-13,36,Repaid,IndusInd Bank
REC000518,PER00208,Home Loan,178,2014-03-01,240,Repaid,SBI
REC000519,PER00208,Personal Loan,26,2010-04-25,60,Repaid,Tata Capital
REC000520,PER00209,Car Loan,36,2019-03-01,48,Repaid,IndusInd Bank
REC000521,PER00209,Home Loan,117,2011-09-13,360,Repaid,Yes Bank
REC000522,PER00209,Home Loan,86,2021-08-20,360,Active,LIC Housing Finance
REC000523,PER00210,Home Loan,573,2011-02-13,300,Active,Canara Bank
REC000524,PER00210,Home Loan,86,2018-08-03,120,Repaid,Union Bank
REC000525,PER00210,Home Loan,505,2019-12-24,120,Active,HDFC Bank
REC000526,PER00210,Car Loan,54,2021-07-07,84,Active,PNB
REC000527,PER00211,Home Loan,261,2022-02-25,360,Repaid,IDBI Bank
REC000528,PER00212,Personal Loan,11,2021-03-15,12,Repaid,Yes Bank
REC000529,PER00212,Personal Loan,23,2012-06-04,36,Active,LIC Housing Finance
REC000530,PER00213,Personal Loan,21,2015-08-18,60,Repaid,Kotak Mahindra
REC000531,PER00213,Personal Loan,56,2017-11-26,36,Repaid,IDBI Bank
REC000532,PER00213,Business Loan,82,2017-07-27,36,Active,Bank of Baroda
REC000533,PER00214,Car Loan,98,2022-08-07,60,Active,Bank of Baroda
REC000534,PER00214,Home Loan,352,2016-09-27,240,Repaid,SBI
REC000535,PER00214,Home Loan,189,2024-01-03,360,Active,ICICI Bank
REC000536,PER00215,Home Loan,122,2011-02-22,180,Repaid,Bank of Baroda
REC000537,PER00215,Personal Loan,25,2011-04-23,36,Defaulted,Bajaj Finserv
REC000538,PER00215,Home Loan,139,2025-04-17,360,Active,Tata Capital
REC000539,PER00216,Home Loan,162,2023-08-27,180,Repaid,Tata Capital
REC000540,PER00217,Gold Loan,15,2020-01-16,24,Repaid,Axis Bank
REC000541,PER00217,Personal Loan,56,2011-06-17,12,Repaid,Axis Bank
REC000542,PER00219,Business Loan,47,2010-08-04,48,Repaid,Union Bank
REC000543,PER00219,Personal Loan,52,2025-01-28,24,Repaid,Axis Bank
REC000544,PER00219,Gold Loan,10,2011-10-24,12,Repaid,HDFC Bank
REC000545,PER00219,Personal Loan,26,2010-05-11,60,Defaulted,LIC Housing Finance
REC000546,PER00220,Home Loan,179,2010-04-14,120,Active,Union Bank
REC000547,PER00220,Home Loan,320,2024-12-10,240,Repaid,Bank of Baroda
REC000548,PER00220,Personal Loan,35,2017-11-06,12,Active,SBI
REC000549,PER00220,Home Loan,74,2012-06-11,300,Active,ICICI Bank
REC000550,PER00220,Personal Loan,43,2011-01-16,24,Repaid,SBI
REC000551,PER00220,Personal Loan,57,2017-06-03,36,Repaid,HDFC Bank
REC000552,PER00220,Gold Loan,15,2022-01-20,60,Defaulted,PNB
REC000553,PER00221,Personal Loan,42,2010-04-10,36,Repaid,Union Bank
REC000554,PER00221,Gold Loan,8,2024-02-14,60,Repaid,Tata Capital
REC000555,PER00221,Personal Loan,19,2025-03-02,24,Repaid,SBI
REC000556,PER00221,Personal Loan,49,2013-01-22,60,Repaid,ICICI Bank
REC000557,PER00221,Personal Loan,53,2022-01-23,24,Repaid,LIC Housing Finance
REC000558,PER00222,Personal Loan,30,2015-07-16,60,Repaid,LIC Housing Finance
REC000559,PER00222,Car Loan,39,2018-07-07,60,Active,LIC Housing Finance
REC000560,PER00223,Gold Loan,21,2023-04-21,48,Repaid,Canara Bank
REC000561,PER00223,Two-Wheeler Loan,9,2024-10-19,48,Defaulted,Yes Bank
REC000562,PER00223,Personal Loan,53,2025-11-18,24,Repaid,Axis Bank
REC000563,PER00224,Car Loan,47,2014-11-21,48,Repaid,IndusInd Bank
REC000564,PER00224,Home Loan,168,2017-01-17,360,Active,Yes Bank
REC000565,PER00224,Home Loan,138,2010-05-18,180,Repaid,PNB
REC000566,PER00225,Home Loan,160,2018-01-04,180,Repaid,IndusInd Bank
REC000567,PER00225,Car Loan,69,2020-12-09,36,Repaid,LIC Housing Finance
REC000568,PER00225,Home Loan,481,2023-12-17,180,Active,ICICI Bank
REC000569,PER00226,Personal Loan,55,2019-03-08,48,Active,Bank of Baroda
REC000570,PER00226,Car Loan,71,2023-04-16,84,Active,Tata Capital
REC000571,PER00227,Car Loan,42,2025-07-09,48,Repaid,Canara Bank
REC000572,PER00227,Car Loan,45,2013-03-20,84,Active,Union Bank
REC000573,PER00227,Car Loan,54,2021-01-12,48,Repaid,Bajaj Finserv
REC000574,PER00227,Car Loan,86,2014-12-16,84,Repaid,Canara Bank
REC000575,PER00228,Education Loan,116,2025-04-14,84,Repaid,IDBI Bank
REC000576,PER00228,Car Loan,53,2015-04-22,48,Repaid,Union Bank
REC000577,PER00229,Education Loan,89,2020-05-11,60,Repaid,Canara Bank
REC000578,PER00229,Education Loan,37,2012-06-17,48,Repaid,PNB
REC000579,PER00229,Business Loan,107,2015-08-10,60,Repaid,Tata Capital
REC000580,PER00229,Home Loan,112,2016-02-09,180,Repaid,SBI
REC000581,PER00229,Education Loan,60,2024-03-01,84,Repaid,Canara Bank
REC000582,PER00230,Car Loan,56,2017-03-11,60,Repaid,IDBI Bank
REC000583,PER00230,Personal Loan,9,2014-04-10,60,Active,IndusInd Bank
REC000584,PER00230,Education Loan,53,2019-12-14,84,Repaid,PNB
REC000585,PER00230,Business Loan,75,2018-01-26,60,Defaulted,IDBI Bank
REC000586,PER00230,Business Loan,164,2023-10-06,12,Defaulted,Bank of Baroda
REC000587,PER00230,Personal Loan,100,2023-07-24,12,Repaid,IndusInd Bank
REC000588,PER00231,Education Loan,47,2020-07-02,36,Repaid,Tata Capital
REC000589,PER00232,Home Loan,400,2012-02-22,180,Repaid,IndusInd Bank
REC000590,PER00232,Car Loan,30,2023-12-21,48,Repaid,SBI
REC000591,PER00232,Two-Wheeler Loan,19,2013-10-19,24,Repaid,ICICI Bank
REC000592,PER00232,Home Loan,270,2020-06-16,120,Repaid,HDFC Bank
REC000593,PER00232,Home Loan,280,2014-10-22,360,Repaid,ICICI Bank
REC000594,PER00232,Business Loan,88,2020-10-26,48,Active,IDBI Bank
REC000595,PER00233,Personal Loan,36,2016-08-28,12,Defaulted,PNB
REC000596,PER00233,Personal Loan,47,2018-05-14,24,Active,IndusInd Bank
REC000597,PER00234,Home Loan,97,2021-10-05,360,Defaulted,Bajaj Finserv
REC000598,PER00234,Home Loan,138,2020-07-08,360,Repaid,Tata Capital
REC000599,PER00236,Personal Loan,29,2023-02-13,24,Defaulted,Canara Bank
REC000600,PER00236,Personal Loan,36,2019-06-04,60,Defaulted,IndusInd Bank
REC000601,PER00236,Car Loan,38,2015-03-10,84,Active,LIC Housing Finance
REC000602,PER00237,Personal Loan,29,2012-09-23,24,Active,Axis Bank
REC000603,PER00237,Personal Loan,38,2024-02-15,48,Repaid,IDBI Bank
REC000604,PER00238,Car Loan,34,2019-06-07,48,Repaid,Bank of Baroda
REC000605,PER00238,Education Loan,40,2013-07-23,48,Active,IndusInd Bank
REC000606,PER00239,Personal Loan,31,2019-09-15,60,Active,Axis Bank
REC000607,PER00239,Two-Wheeler Loan,14,2023-12-04,36,Defaulted,Bank of Baroda
REC000608,PER00239,Business Loan,139,2019-07-22,60,Repaid,Kotak Mahindra
REC000609,PER00239,Consumer Durable Loan,9,2014-05-15,12,Repaid,Bajaj Finserv
REC000610,PER00240,Home Loan,93,2014-04-27,180,Active,Kotak Mahindra
REC000611,PER00240,Consumer Durable Loan,3,2014-10-10,24,Repaid,IDBI Bank
REC000612,PER00240,Education Loan,43,2014-08-01,84,Active,Tata Capital
REC000613,PER00240,Home Loan,142,2024-04-08,240,Repaid,Axis Bank
REC000614,PER00240,Car Loan,63,2022-08-01,48,Repaid,SBI
REC000615,PER00240,Consumer Durable Loan,7,2018-01-07,24,Repaid,IDBI Bank
REC000616,PER00240,Gold Loan,5,2017-07-20,48,Repaid,Yes Bank
REC000617,PER00241,Home Loan,170,2014-03-09,240,Active,Bajaj Finserv
REC000618,PER00241,Personal Loan,19,2022-02-21,36,Defaulted,SBI
REC000619,PER00242,Home Loan,185,2010-11-15,180,Repaid,Axis Bank
REC000620,PER00242,Education Loan,59,2014-07-18,36,Active,Kotak Mahindra
REC000621,PER00242,Personal Loan,16,2015-09-05,48,Active,Bajaj Finserv
REC000622,PER00242,Home Loan,153,2012-08-14,360,Repaid,Yes Bank
REC000623,PER00242,Car Loan,58,2020-03-13,84,Repaid,PNB
REC000624,PER00242,Home Loan,63,2010-10-15,240,Repaid,Tata Capital
REC000625,PER00243,Car Loan,91,2023-02-07,84,Repaid,Bank of Baroda
REC000626,PER00243,Home Loan,411,2017-03-03,180,Repaid,IDBI Bank
REC000627,PER00243,Car Loan,69,2016-04-25,84,Defaulted,Union Bank
REC000628,PER00245,Personal Loan,31,2019-12-26,12,Repaid,Tata Capital
REC000629,PER00245,Home Loan,217,2012-12-27,180,Repaid,Bank of Baroda
REC000630,PER00246,Home Loan,241,2019-03-03,360,Repaid,SBI
REC000631,PER00246,Car Loan,35,2016-08-17,84,Repaid,PNB
REC000632,PER00247,Consumer Durable Loan,3,2021-09-08,60,Active,Tata Capital
REC000633,PER00247,Home Loan,115,2015-01-04,120,Repaid,Yes Bank
REC000634,PER00248,Business Loan,42,2021-10-12,60,Repaid,Kotak Mahindra
REC000635,PER00248,Home Loan,196,2022-08-10,120,Repaid,Bank of Baroda
REC000636,PER00249,Gold Loan,32,2011-03-08,36,Repaid,Bajaj Finserv
REC000637,PER00249,Personal Loan,61,2018-04-25,24,Repaid,Yes Bank
REC000638,PER00250,Business Loan,80,2015-04-25,48,Repaid,IndusInd Bank
REC000639,PER00251,Personal Loan,52,2024-10-15,24,Repaid,IDBI Bank
REC000640,PER00251,Education Loan,13,2020-05-23,84,Active,Bajaj Finserv
REC000641,PER00251,Education Loan,124,2022-11-26,36,Repaid,Kotak Mahindra
REC000642,PER00252,Car Loan,69,2025-06-26,60,Repaid,Tata Capital
REC000643,PER00252,Home Loan,212,2010-06-26,240,Active,PNB
REC000644,PER00254,Home Loan,206,2012-02-18,300,Repaid,Canara Bank
REC000645,PER00254,Home Loan,106,2022-10-18,300,Repaid,PNB
REC000646,PER00254,Home Loan,51,2015-01-03,180,Defaulted,Canara Bank
REC000647,PER00254,Car Loan,90,2021-10-08,36,Repaid,Union Bank
REC000648,PER00254,Home Loan,290,2025-05-03,300,Active,Bajaj Finserv
REC000649,PER00255,Business Loan,137,2020-08-08,12,Repaid,Bank of Baroda
REC000650,PER00256,Home Loan,213,2019-10-22,300,Repaid,Bank of Baroda
REC000651,PER00256,Personal Loan,30,2022-06-28,60,Repaid,Yes Bank
REC000652,PER00257,Business Loan,178,2019-07-10,48,Repaid,Canara Bank
REC000653,PER00257,Home Loan,319,2018-09-21,240,Active,Canara Bank
REC000654,PER00258,Business Loan,174,2021-06-05,48,Active,Axis Bank
REC000655,PER00258,Car Loan,59,2013-09-15,60,Active,Union Bank
REC000656,PER00258,Home Loan,174,2025-12-13,180,Defaulted,IndusInd Bank
REC000657,PER00258,Home Loan,181,2025-08-16,240,Defaulted,Bank of Baroda
REC000658,PER00259,Gold Loan,11,2021-07-17,24,Repaid,LIC Housing Finance
REC000659,PER00259,Home Loan,339,2024-07-04,300,Repaid,Axis Bank
REC000660,PER00259,Home Loan,50,2012-06-04,120,Repaid,Canara Bank
REC000661,PER00259,Personal Loan,97,2014-03-22,36,Active,PNB
REC000662,PER00260,Home Loan,96,2024-07-22,180,Repaid,IDBI Bank
REC000663,PER00261,Home Loan,330,2013-02-19,120,Active,PNB
REC000664,PER00261,Business Loan,58,2023-07-12,36,Defaulted,Canara Bank
REC000665,PER00261,Two-Wheeler Loan,1,2019-11-17,60,Active,Yes Bank
REC000666,PER00261,Car Loan,83,2023-09-18,48,Repaid,Bank of Baroda
REC000667,PER00261,Education Loan,43,2022-04-18,48,Repaid,IDBI Bank
REC000668,PER00261,Gold Loan,11,2015-10-18,24,Repaid,Canara Bank
REC000669,PER00261,Home Loan,199,2018-06-13,300,Repaid,SBI
REC000670,PER00262,Home Loan,182,2010-03-18,300,Active,Canara Bank
REC000671,PER00262,Personal Loan,28,2023-03-14,48,Repaid,Bajaj Finserv
REC000672,PER00262,Gold Loan,8,2012-07-23,12,Repaid,Bank of Baroda
REC000673,PER00262,Home Loan,201,2011-02-13,360,Repaid,IDBI Bank
REC000674,PER00262,Car Loan,36,2017-11-25,48,Defaulted,Kotak Mahindra
REC000675,PER00262,Home Loan,77,2012-10-25,360,Repaid,IDBI Bank
REC000676,PER00262,Car Loan,72,2019-12-17,84,Defaulted,Kotak Mahindra
REC000677,PER00263,Home Loan,188,2024-12-08,180,Repaid,Yes Bank
REC000678,PER00263,Home Loan,289,2020-08-19,240,Repaid,Canara Bank
REC000679,PER00263,Personal Loan,69,2012-02-10,60,Repaid,Yes Bank
REC000680,PER00263,Home Loan,151,2025-07-07,180,Repaid,IndusInd Bank
REC000681,PER00263,Home Loan,244,2021-05-05,120,Repaid,Bank of Baroda
REC000682,PER00264,Personal Loan,34,2016-01-26,12,Repaid,HDFC Bank
REC000683,PER00265,Home Loan,149,2023-10-06,180,Defaulted,ICICI Bank
REC000684,PER00265,Car Loan,52,2017-02-25,36,Defaulted,Canara Bank
REC000685,PER00265,Education Loan,71,2020-09-15,84,Repaid,Bajaj Finserv
REC000686,PER00265,Two-Wheeler Loan,6,2020-06-23,12,Active,HDFC Bank
REC000687,PER00266,Car Loan,77,2022-09-02,36,Repaid,IndusInd Bank
REC000688,PER00266,Personal Loan,38,2013-11-23,24,Repaid,ICICI Bank
REC000689,PER00266,Car Loan,50,2010-03-02,84,Repaid,Bank of Baroda
REC000690,PER00266,Business Loan,141,2017-10-03,24,Active,Yes Bank
REC000691,PER00267,Two-Wheeler Loan,12,2015-07-12,48,Repaid,SBI
REC000692,PER00267,Gold Loan,15,2017-06-23,60,Repaid,Union Bank
REC000693,PER00267,Home Loan,238,2020-01-02,120,Repaid,Tata Capital
REC000694,PER00267,Home Loan,260,2016-05-21,180,Repaid,Bajaj Finserv
REC000695,PER00268,Education Loan,24,2010-01-19,36,Active,IDBI Bank
REC000696,PER00268,Car Loan,53,2018-03-03,84,Active,HDFC Bank
REC000697,PER00268,Car Loan,74,2012-12-21,84,Repaid,IndusInd Bank
REC000698,PER00269,Home Loan,314,2016-09-14,300,Repaid,HDFC Bank
REC000699,PER00269,Home Loan,159,2011-12-27,180,Defaulted,SBI
REC000700,PER00269,Car Loan,74,2017-02-17,48,Active,Canara Bank
REC000701,PER00270,Business Loan,52,2014-01-23,12,Repaid,Canara Bank
REC000702,PER00271,Business Loan,66,2017-02-09,12,Active,Bank of Baroda
REC000703,PER00271,Car Loan,51,2020-06-03,84,Repaid,Axis Bank
REC000704,PER00271,Car Loan,59,2022-01-16,60,Repaid,Canara Bank
REC000705,PER00271,Home Loan,155,2023-12-03,120,Defaulted,Union Bank
REC000706,PER00272,Car Loan,28,2015-03-20,48,Repaid,Kotak Mahindra
REC000707,PER00272,Car Loan,71,2024-10-25,48,Repaid,Kotak Mahindra
REC000708,PER00272,Personal Loan,20,2019-08-27,60,Repaid,SBI
REC000709,PER00272,Personal Loan,25,2017-06-27,12,Repaid,Axis Bank
REC000710,PER00273,Home Loan,201,2023-05-28,240,Repaid,Union Bank
REC000711,PER00273,Business Loan,305,2025-07-04,36,Repaid,LIC Housing Finance
REC000712,PER00275,Personal Loan,40,2023-02-14,24,Defaulted,ICICI Bank
REC000713,PER00275,Home Loan,142,2021-12-03,360,Active,IndusInd Bank
REC000714,PER00275,Home Loan,129,2015-05-28,300,Repaid,HDFC Bank
REC000715,PER00275,Education Loan,55,2014-04-28,48,Repaid,Yes Bank
REC000716,PER00275,Consumer Durable Loan,8,2025-01-11,24,Active,Tata Capital
REC000717,PER00276,Personal Loan,18,2023-12-17,36,Repaid,Union Bank
REC000718,PER00276,Home Loan,181,2014-08-24,180,Active,LIC Housing Finance
REC000719,PER00277,Car Loan,66,2012-04-10,84,Defaulted,Tata Capital
REC000720,PER00277,Personal Loan,33,2022-05-08,48,Defaulted,PNB
REC000721,PER00278,Home Loan,250,2021-07-07,300,Repaid,PNB
REC000722,PER00278,Home Loan,288,2013-10-18,300,Repaid,Kotak Mahindra
REC000723,PER00279,Personal Loan,33,2016-07-23,60,Repaid,HDFC Bank
REC000724,PER00280,Home Loan,155,2012-07-23,240,Repaid,LIC Housing Finance
REC000725,PER00280,Personal Loan,31,2015-03-05,12,Defaulted,HDFC Bank
REC000726,PER00280,Home Loan,302,2015-11-27,300,Defaulted,Tata Capital
REC000727,PER00280,Car Loan,43,2019-02-12,60,Active,Bank of Baroda
REC000728,PER00281,Personal Loan,30,2023-08-05,12,Repaid,Yes Bank
REC000729,PER00281,Home Loan,133,2018-08-23,240,Active,LIC Housing Finance
REC000730,PER00281,Personal Loan,22,2017-02-14,36,Active,Kotak Mahindra
REC000731,PER00282,Home Loan,335,2024-01-01,300,Active,Bajaj Finserv
REC000732,PER00282,Home Loan,78,2021-01-13,360,Repaid,PNB
REC000733,PER00282,Home Loan,199,2010-04-25,180,Defaulted,Yes Bank
REC000734,PER00283,Personal Loan,23,2023-07-24,12,Repaid,Axis Bank
REC000735,PER00284,Business Loan,103,2022-11-24,12,Repaid,Union Bank
REC000736,PER00284,Home Loan,197,2016-11-23,180,Repaid,Canara Bank
REC000737,PER00284,Personal Loan,49,2016-07-04,12,Defaulted,SBI
REC000738,PER00285,Home Loan,345,2021-05-09,240,Repaid,Kotak Mahindra
REC000739,PER00285,Education Loan,45,2024-05-16,48,Active,PNB
REC000740,PER00285,Home Loan,305,2024-07-07,240,Active,Kotak Mahindra
REC000741,PER00286,Car Loan,50,2023-11-16,84,Repaid,Canara Bank
REC000742,PER00286,Personal Loan,16,2025-11-18,48,Active,ICICI Bank
REC000743,PER00286,Personal Loan,31,2022-09-04,24,Repaid,IDBI Bank
REC000744,PER00287,Education Loan,67,2015-10-12,60,Repaid,HDFC Bank
REC000745,PER00287,Home Loan,251,2015-09-05,180,Defaulted,Yes Bank
REC000746,PER00289,Home Loan,189,2011-02-11,120,Repaid,Bank of Baroda
REC000747,PER00290,Gold Loan,15,2012-11-06,48,Repaid,IDBI Bank
REC000748,PER00290,Car Loan,33,2023-01-27,48,Repaid,HDFC Bank
REC000749,PER00291,Personal Loan,67,2024-02-04,60,Defaulted,IndusInd Bank
REC000750,PER00291,Personal Loan,38,2011-05-19,36,Active,IndusInd Bank
REC000751,PER00292,Home Loan,109,2010-04-21,360,Active,Kotak Mahindra
REC000752,PER00293,Business Loan,95,2013-04-28,12,Defaulted,ICICI Bank
REC000753,PER00293,Car Loan,49,2016-08-16,36,Active,Kotak Mahindra
REC000754,PER00293,Home Loan,217,2024-02-07,120,Repaid,Kotak Mahindra
REC000755,PER00294,Education Loan,37,2017-05-02,36,Active,IndusInd Bank
REC000756,PER00294,Personal Loan,37,2019-07-25,36,Defaulted,Bajaj Finserv
REC000757,PER00294,Home Loan,275,2015-01-25,360,Defaulted,Tata Capital
REC000758,PER00295,Education Loan,29,2014-04-01,84,Repaid,Yes Bank
REC000759,PER00295,Education Loan,78,2020-01-23,48,Defaulted,PNB
REC000760,PER00295,Gold Loan,28,2011-07-22,60,Repaid,Bank of Baroda
REC000761,PER00296,Home Loan,202,2025-08-20,360,Repaid,IndusInd Bank
REC000762,PER00296,Personal Loan,25,2012-01-02,48,Repaid,Bank of Baroda
REC000763,PER00297,Personal Loan,78,2012-12-28,48,Active,SBI
REC000764,PER00297,Personal Loan,49,2025-11-25,12,Defaulted,Canara Bank
REC000765,PER00297,Home Loan,188,2015-04-24,300,Repaid,Kotak Mahindra
REC000766,PER00298,Personal Loan,48,2015-06-22,36,Repaid,IDBI Bank
REC000767,PER00298,Consumer Durable Loan,5,2021-10-18,36,Active,LIC Housing Finance
REC000768,PER00300,Home Loan,155,2020-04-28,180,Repaid,Yes Bank
REC000769,PER00300,Business Loan,45,2017-04-02,36,Repaid,Bank of Baroda
REC000770,PER00300,Home Loan,138,2014-11-01,180,Repaid,ICICI Bank
REC000771,PER00301,Home Loan,163,2010-08-14,300,Repaid,IndusInd Bank
REC000772,PER00301,Business Loan,349,2022-08-22,24,Repaid,Bank of Baroda
REC000773,PER00301,Car Loan,91,2010-11-19,60,Repaid,PNB
REC000774,PER00301,Personal Loan,12,2022-11-03,48,Active,Canara Bank
REC000775,PER00302,Education Loan,83,2019-02-17,48,Repaid,Kotak Mahindra
REC000776,PER00302,Personal Loan,12,2018-06-02,12,Active,Axis Bank
REC000777,PER00303,Business Loan,20,2018-06-19,60,Defaulted,ICICI Bank
REC000778,PER00303,Home Loan,158,2010-10-22,360,Defaulted,HDFC Bank
REC000779,PER00303,Business Loan,213,2013-12-18,36,Active,IndusInd Bank
REC000780,PER00304,Home Loan,239,2012-09-28,240,Active,Bajaj Finserv
REC000781,PER00305,Personal Loan,25,2016-07-24,48,Repaid,Yes Bank
REC000782,PER00305,Home Loan,174,2022-01-01,240,Repaid,PNB
REC000783,PER00305,Home Loan,277,2018-10-14,300,Repaid,LIC Housing Finance
REC000784,PER00305,Home Loan,190,2013-06-12,240,Repaid,Canara Bank
REC000785,PER00306,Car Loan,29,2013-10-23,36,Active,Tata Capital
REC000786,PER00307,Home Loan,104,2021-07-16,360,Repaid,SBI
REC000787,PER00307,Home Loan,279,2023-11-28,180,Repaid,Bajaj Finserv
REC000788,PER00308,Home Loan,401,2024-01-11,300,Active,HDFC Bank
REC000789,PER00308,Home Loan,224,2016-12-10,180,Active,Tata Capital
REC000790,PER00308,Education Loan,64,2011-02-02,84,Repaid,IDBI Bank
REC000791,PER00309,Home Loan,305,2024-06-27,240,Repaid,Axis Bank
REC000792,PER00309,Car Loan,103,2011-10-09,48,Repaid,Canara Bank
REC000793,PER00309,Personal Loan,49,2022-06-14,48,Repaid,Kotak Mahindra
REC000794,PER00309,Gold Loan,21,2023-09-08,36,Defaulted,Canara Bank
REC000795,PER00309,Home Loan,86,2018-03-26,180,Defaulted,Kotak Mahindra
REC000796,PER00310,Car Loan,45,2015-02-08,60,Repaid,HDFC Bank
REC000797,PER00310,Home Loan,465,2014-09-01,120,Repaid,Axis Bank
REC000798,PER00311,Business Loan,397,2018-03-18,48,Repaid,HDFC Bank
REC000799,PER00311,Personal Loan,28,2024-10-08,24,Active,HDFC Bank
REC000800,PER00311,Personal Loan,21,2021-08-03,36,Defaulted,Bank of Baroda
REC000801,PER00311,Home Loan,133,2010-03-09,360,Repaid,Union Bank
REC000802,PER00311,Gold Loan,6,2013-08-04,36,Repaid,Bank of Baroda
REC000803,PER00311,Personal Loan,82,2021-11-21,48,Repaid,Axis Bank
REC000804,PER00312,Personal Loan,60,2019-03-24,36,Repaid,Bajaj Finserv
REC000805,PER00312,Personal Loan,32,2015-10-09,12,Defaulted,Axis Bank
REC000806,PER00312,Home Loan,400,2010-01-24,360,Active,LIC Housing Finance
REC000807,PER00312,Home Loan,166,2017-04-03,360,Active,Tata Capital
REC000808,PER00312,Personal Loan,88,2014-01-11,12,Defaulted,SBI
REC000809,PER00313,Car Loan,82,2016-04-10,48,Repaid,Tata Capital
REC000810,PER00313,Personal Loan,8,2024-09-20,12,Defaulted,Bank of Baroda
REC000811,PER00313,Personal Loan,86,2017-09-14,12,Active,Kotak Mahindra
REC000812,PER00313,Business Loan,180,2022-01-22,36,Repaid,Tata Capital
REC000813,PER00313,Gold Loan,10,2024-09-18,36,Active,Kotak Mahindra
REC000814,PER00314,Personal Loan,15,2014-07-12,48,Repaid,Yes Bank
REC000815,PER00314,Business Loan,49,2016-11-21,12,Active,Union Bank
REC000816,PER00315,Education Loan,31,2021-04-01,84,Repaid,Yes Bank
REC000817,PER00315,Home Loan,166,2013-09-13,300,Active,Tata Capital
REC000818,PER00316,Home Loan,229,2011-09-03,300,Active,Tata Capital
REC000819,PER00316,Home Loan,307,2014-09-03,240,Repaid,Bank of Baroda
REC000820,PER00316,Personal Loan,32,2025-01-02,12,Repaid,Yes Bank
REC000821,PER00317,Personal Loan,50,2011-11-10,36,Repaid,IndusInd Bank
REC000822,PER00317,Personal Loan,22,2019-01-04,12,Repaid,SBI
REC000823,PER00318,Car Loan,29,2018-11-28,36,Active,IDBI Bank
REC000824,PER00318,Personal Loan,58,2024-12-10,60,Active,HDFC Bank
REC000825,PER00318,Car Loan,51,2018-10-10,84,Active,IDBI Bank
REC000826,PER00319,Gold Loan,16,2024-08-12,36,Repaid,Tata Capital
REC000827,PER00320,Gold Loan,23,2016-06-10,36,Active,Yes Bank
REC000828,PER00321,Education Loan,49,2012-08-06,48,Repaid,SBI
REC000829,PER00321,Personal Loan,30,2012-01-28,60,Active,LIC Housing Finance
REC000830,PER00321,Business Loan,20,2013-09-05,48,Repaid,Canara Bank
REC000831,PER00321,Business Loan,233,2022-07-19,12,Repaid,PNB
REC000832,PER00321,Business Loan,27,2017-11-12,36,Repaid,Union Bank
REC000833,PER00321,Personal Loan,27,2017-10-13,48,Repaid,HDFC Bank
REC000834,PER00322,Personal Loan,13,2012-02-25,12,Repaid,Canara Bank
REC000835,PER00322,Gold Loan,14,2010-07-03,48,Repaid,ICICI Bank
REC000836,PER00323,Home Loan,160,2014-07-07,240,Defaulted,Canara Bank
REC000837,PER00323,Two-Wheeler Loan,9,2011-09-23,60,Defaulted,Bank of Baroda
REC000838,PER00323,Education Loan,55,2022-11-28,36,Active,IDBI Bank
REC000839,PER00324,Car Loan,69,2021-12-25,60,Defaulted,Tata Capital
REC000840,PER00324,Car Loan,47,2024-02-24,48,Active,Kotak Mahindra
REC000841,PER00324,Car Loan,78,2023-11-07,60,Repaid,SBI
REC000842,PER00325,Personal Loan,22,2024-10-16,60,Defaulted,Union Bank
REC000843,PER00325,Personal Loan,34,2010-06-06,60,Defaulted,LIC Housing Finance
REC000844,PER00326,Home Loan,54,2025-07-10,180,Active,Tata Capital
REC000845,PER00326,Personal Loan,25,2022-11-28,12,Repaid,Yes Bank
REC000846,PER00326,Personal Loan,36,2010-08-17,12,Repaid,IndusInd Bank
REC000847,PER00326,Home Loan,179,2025-10-10,240,Repaid,IDBI Bank
REC000848,PER00326,Personal Loan,18,2011-02-09,12,Repaid,Axis Bank
REC000849,PER00327,Home Loan,162,2019-01-16,240,Repaid,Bank of Baroda
REC000850,PER00327,Car Loan,56,2011-01-24,84,Active,IDBI Bank
REC000851,PER00328,Education Loan,24,2021-09-27,36,Repaid,Bajaj Finserv
REC000852,PER00329,Two-Wheeler Loan,7,2015-06-23,12,Repaid,Tata Capital
REC000853,PER00329,Home Loan,101,2015-06-21,240,Defaulted,Union Bank
REC000854,PER00329,Personal Loan,33,2025-05-26,12,Defaulted,Canara Bank
REC000855,PER00329,Home Loan,134,2019-06-23,180,Repaid,IDBI Bank
REC000856,PER00329,Personal Loan,67,2010-08-06,60,Repaid,Bajaj Finserv
REC000857,PER00329,Personal Loan,35,2025-11-02,24,Repaid,Union Bank
REC000858,PER00330,Car Loan,39,2015-08-22,48,Active,HDFC Bank
REC000859,PER00331,Car Loan,27,2023-12-21,60,Active,SBI
REC000860,PER00332,Personal Loan,95,2012-10-24,12,Repaid,Canara Bank
REC000861,PER00332,Personal Loan,38,2012-05-20,24,Active,ICICI Bank
REC000862,PER00333,Personal Loan,19,2013-01-12,36,Repaid,Canara Bank
REC000863,PER00334,Home Loan,167,2022-09-01,300,Repaid,Canara Bank
REC000864,PER00335,Education Loan,19,2014-05-11,60,Repaid,Yes Bank
REC000865,PER00335,Personal Loan,41,2015-08-11,12,Repaid,Kotak Mahindra
REC000866,PER00335,Car Loan,31,2012-01-22,48,Defaulted,Union Bank
REC000867,PER00336,Business Loan,42,2014-06-16,12,Defaulted,SBI
REC000868,PER00336,Personal Loan,61,2019-08-10,12,Active,ICICI Bank
REC000869,PER00336,Home Loan,183,2012-07-13,360,Defaulted,SBI
REC000870,PER00336,Business Loan,86,2017-03-28,60,Repaid,Tata Capital
REC000871,PER00336,Home Loan,230,2010-05-17,300,Active,LIC Housing Finance
REC000872,PER00337,Home Loan,103,2025-10-01,120,Repaid,PNB
REC000873,PER00337,Personal Loan,54,2017-10-23,24,Active,Axis Bank
REC000874,PER00338,Two-Wheeler Loan,14,2022-03-02,12,Defaulted,Yes Bank
REC000875,PER00338,Car Loan,47,2012-09-15,48,Defaulted,PNB
REC000876,PER00338,Education Loan,40,2013-08-10,36,Defaulted,Yes Bank
REC000877,PER00339,Two-Wheeler Loan,5,2013-03-23,36,Repaid,IndusInd Bank
REC000878,PER00339,Car Loan,132,2022-09-01,60,Repaid,Bank of Baroda
REC000879,PER00340,Education Loan,72,2017-08-25,48,Repaid,HDFC Bank
REC000880,PER00340,Personal Loan,33,2013-08-14,12,Repaid,Tata Capital
REC000881,PER00340,Home Loan,179,2020-04-01,240,Repaid,Yes Bank
REC000882,PER00341,Business Loan,42,2018-07-05,36,Active,SBI
REC000883,PER00341,Home Loan,521,2012-06-08,240,Repaid,Canara Bank
REC000884,PER00342,Business Loan,37,2024-06-09,36,Repaid,Yes Bank
REC000885,PER00342,Business Loan,60,2022-12-17,60,Active,Yes Bank
REC000886,PER00342,Home Loan,178,2017-05-12,120,Active,SBI
REC000887,PER00342,Personal Loan,53,2018-02-18,60,Active,Axis Bank
REC000888,PER00342,Home Loan,211,2017-02-14,240,Active,ICICI Bank
REC000889,PER00343,Home Loan,195,2016-05-22,120,Defaulted,Axis Bank
REC000890,PER00343,Personal Loan,62,2011-05-27,36,Active,Union Bank
REC000891,PER00343,Business Loan,146,2021-04-21,60,Active,Yes Bank
REC000892,PER00343,Car Loan,57,2014-05-17,48,Defaulted,Yes Bank
REC000893,PER00343,Home Loan,147,2014-02-10,360,Defaulted,Bajaj Finserv
REC000894,PER00344,Home Loan,183,2012-03-07,300,Repaid,IndusInd Bank
REC000895,PER00344,Education Loan,18,2020-01-28,48,Repaid,Bajaj Finserv
REC000896,PER00344,Home Loan,180,2018-03-03,300,Repaid,SBI
REC000897,PER00344,Car Loan,108,2013-01-20,36,Active,PNB
REC000898,PER00344,Home Loan,123,2016-08-04,300,Repaid,Bank of Baroda
REC000899,PER00344,Education Loan,82,2014-07-28,48,Repaid,LIC Housing Finance
REC000900,PER00344,Two-Wheeler Loan,8,2020-06-26,24,Repaid,Bajaj Finserv
REC000901,PER00345,Home Loan,117,2020-08-09,180,Repaid,LIC Housing Finance
REC000902,PER00345,Car Loan,43,2025-12-05,84,Active,IndusInd Bank
REC000903,PER00346,Personal Loan,18,2018-04-09,48,Defaulted,Canara Bank
REC000904,PER00347,Home Loan,194,2020-12-25,120,Repaid,Bank of Baroda
REC000905,PER00347,Personal Loan,20,2018-07-22,60,Active,Bajaj Finserv
REC000906,PER00347,Personal Loan,63,2012-10-02,48,Active,IDBI Bank
REC000907,PER00348,Home Loan,352,2021-01-04,180,Defaulted,Axis Bank
REC000908,PER00348,Home Loan,547,2021-06-06,120,Repaid,Tata Capital
REC000909,PER00349,Personal Loan,43,2012-12-18,12,Repaid,LIC Housing Finance
REC000910,PER00349,Personal Loan,36,2025-02-17,24,Repaid,Canara Bank
REC000911,PER00349,Car Loan,77,2012-12-03,60,Repaid,Yes Bank
REC000912,PER00349,Personal Loan,18,2024-04-22,60,Repaid,SBI
REC000913,PER00349,Home Loan,160,2015-01-14,120,Repaid,Canara Bank
REC000914,PER00350,Gold Loan,15,2018-10-09,48,Repaid,Union Bank
REC000915,PER00350,Home Loan,69,2017-09-11,240,Repaid,LIC Housing Finance
REC000916,PER00350,Home Loan,378,2022-08-12,120,Repaid,IDBI Bank
REC000917,PER00350,Home Loan,96,2016-02-08,240,Repaid,IndusInd Bank
REC000918,PER00350,Gold Loan,6,2011-02-16,48,Repaid,Yes Bank
REC000919,PER00351,Education Loan,17,2024-11-18,60,Repaid,Tata Capital
REC000920,PER00351,Home Loan,368,2013-06-03,300,Active,Bank of Baroda
REC000921,PER00351,Personal Loan,33,2024-05-20,36,Repaid,ICICI Bank
REC000922,PER00352,Personal Loan,32,2024-11-24,36,Defaulted,SBI
REC000923,PER00353,Personal Loan,82,2024-06-20,36,Repaid,ICICI Bank
REC000924,PER00353,Business Loan,116,2010-04-14,48,Defaulted,Bajaj Finserv
REC000925,PER00353,Consumer Durable Loan,9,2024-06-01,36,Repaid,Bajaj Finserv
REC000926,PER00354,Personal Loan,23,2021-12-14,24,Active,Bajaj Finserv
REC000927,PER00354,Personal Loan,60,2015-02-28,36,Repaid,Kotak Mahindra
REC000928,PER00354,Car Loan,71,2017-04-07,84,Active,IDBI Bank
REC000929,PER00354,Home Loan,285,2020-03-21,240,Active,Union Bank
REC000930,PER00354,Gold Loan,11,2010-09-09,60,Repaid,Bajaj Finserv
REC000931,PER00355,Education Loan,98,2012-06-08,36,Repaid,Tata Capital
REC000932,PER00355,Home Loan,113,2018-02-02,240,Repaid,Axis Bank
REC000933,PER00356,Gold Loan,4,2025-04-13,24,Repaid,Union Bank
REC000934,PER00356,Home Loan,295,2023-04-17,360,Repaid,IDBI Bank
REC000935,PER00356,Car Loan,51,2024-06-10,84,Active,Canara Bank
REC000936,PER00357,Personal Loan,24,2017-07-06,36,Repaid,HDFC Bank
REC000937,PER00357,Personal Loan,48,2018-09-21,36,Repaid,LIC Housing Finance
REC000938,PER00360,Personal Loan,38,2013-05-25,48,Active,Axis Bank
REC000939,PER00360,Home Loan,64,2010-04-26,180,Repaid,SBI
REC000940,PER00360,Education Loan,39,2022-07-09,48,Repaid,IDBI Bank
REC000941,PER00360,Car Loan,49,2016-11-17,84,Repaid,Axis Bank
REC000942,PER00361,Home Loan,517,2015-10-11,360,Active,Canara Bank
REC000943,PER00361,Home Loan,90,2023-01-20,240,Active,IDBI Bank
REC000944,PER00361,Personal Loan,15,2019-04-02,24,Active,Tata Capital
REC000945,PER00361,Home Loan,225,2015-11-10,120,Defaulted,Axis Bank
REC000946,PER00361,Home Loan,115,2025-06-25,180,Active,PNB
REC000947,PER00361,Home Loan,271,2018-04-25,360,Repaid,Yes Bank
REC000948,PER00362,Personal Loan,100,2022-09-22,36,Repaid,Canara Bank
REC000949,PER00362,Personal Loan,25,2023-01-05,24,Repaid,Union Bank
REC000950,PER00362,Gold Loan,11,2024-09-27,36,Repaid,Axis Bank
REC000951,PER00362,Home Loan,241,2013-06-11,240,Active,HDFC Bank
REC000952,PER00363,Home Loan,132,2020-01-04,300,Active,IndusInd Bank
REC000953,PER00363,Home Loan,452,2016-12-25,120,Repaid,ICICI Bank
REC000954,PER00365,Personal Loan,28,2014-02-26,12,Repaid,IndusInd Bank
REC000955,PER00365,Car Loan,80,2022-08-16,60,Defaulted,Union Bank
REC000956,PER00365,Personal Loan,29,2014-10-14,12,Repaid,LIC Housing Finance
REC000957,PER00365,Personal Loan,47,2016-10-20,60,Active,IDBI Bank
REC000958,PER00365,Personal Loan,100,2019-12-21,24,Active,Bajaj Finserv
REC000959,PER00365,Home Loan,210,2016-03-15,120,Repaid,Yes Bank
REC000960,PER00366,Personal Loan,10,2020-05-04,24,Repaid,HDFC Bank
REC000961,PER00366,Car Loan,53,2015-05-03,36,Repaid,ICICI Bank
REC000962,PER00366,Gold Loan,10,2013-07-28,48,Active,HDFC Bank
REC000963,PER00367,Home Loan,164,2019-12-16,300,Repaid,Canara Bank
REC000964,PER00367,Car Loan,92,2016-04-22,48,Repaid,Kotak Mahindra
REC000965,PER00367,Home Loan,82,2022-09-04,180,Repaid,LIC Housing Finance
REC000966,PER00367,Home Loan,100,2017-09-07,240,Repaid,HDFC Bank
REC000967,PER00368,Personal Loan,30,2014-12-12,24,Defaulted,IndusInd Bank
REC000968,PER00368,Car Loan,56,2011-09-13,60,Repaid,Tata Capital
REC000969,PER00368,Education Loan,34,2012-03-03,60,Repaid,HDFC Bank
REC000970,PER00368,Car Loan,44,2019-02-03,48,Active,ICICI Bank
REC000971,PER00368,Business Loan,138,2020-04-07,12,Defaulted,IndusInd Bank
REC000972,PER00369,Car Loan,48,2014-10-18,36,Defaulted,IndusInd Bank
REC000973,PER00369,Home Loan,96,2010-02-21,120,Defaulted,IDBI Bank
REC000974,PER00369,Home Loan,246,2011-12-21,240,Active,Canara Bank
REC000975,PER00370,Home Loan,218,2018-04-16,360,Repaid,HDFC Bank
REC000976,PER00370,Car Loan,46,2018-12-17,48,Repaid,ICICI Bank
REC000977,PER00371,Personal Loan,100,2016-08-19,24,Repaid,IndusInd Bank
REC000978,PER00371,Car Loan,45,2021-06-12,84,Repaid,Yes Bank
REC000979,PER00372,Education Loan,62,2015-08-27,36,Active,LIC Housing Finance
REC000980,PER00373,Home Loan,55,2010-04-19,300,Repaid,Kotak Mahindra
REC000981,PER00373,Education Loan,49,2019-04-28,84,Repaid,Yes Bank
REC000982,PER00373,Home Loan,82,2025-10-15,240,Active,IndusInd Bank
REC000983,PER00374,Education Loan,11,2022-03-04,84,Repaid,Axis Bank
REC000984,PER00374,Personal Loan,31,2023-11-21,60,Repaid,Yes Bank
REC000985,PER00374,Home Loan,83,2023-08-16,120,Active,Kotak Mahindra
REC000986,PER00374,Gold Loan,16,2010-03-23,60,Active,IndusInd Bank
REC000987,PER00374,Education Loan,55,2025-08-23,36,Active,SBI
REC000988,PER00375,Home Loan,144,2022-08-27,360,Defaulted,Bank of Baroda
REC000989,PER00375,Car Loan,27,2014-07-15,36,Repaid,Bajaj Finserv
REC000990,PER00376,Home Loan,178,2021-04-20,360,Repaid,IndusInd Bank
REC000991,PER00377,Car Loan,59,2025-10-22,36,Defaulted,Bank of Baroda
REC000992,PER00377,Home Loan,267,2022-01-21,240,Defaulted,IndusInd Bank
REC000993,PER00377,Business Loan,102,2016-05-12,60,Active,HDFC Bank
REC000994,PER00377,Home Loan,108,2021-07-21,360,Repaid,Canara Bank
REC000995,PER00377,Personal Loan,25,2017-09-27,48,Repaid,PNB
REC000996,PER00378,Home Loan,152,2023-04-21,300,Repaid,SBI
REC000997,PER00378,Car Loan,82,2020-08-07,84,Repaid,Axis Bank
REC000998,PER00378,Business Loan,136,2016-12-12,60,Repaid,Tata Capital
REC000999,PER00379,Business Loan,100,2014-04-09,60,Defaulted,Axis Bank
REC001000,PER00379,Personal Loan,54,2014-05-11,12,Active,Yes Bank
REC001001,PER00379,Personal Loan,34,2013-02-14,36,Active,Bank of Baroda
REC001002,PER00380,Home Loan,165,2024-01-17,180,Active,PNB
REC001003,PER00381,Personal Loan,22,2014-01-09,12,Defaulted,ICICI Bank
REC001004,PER00381,Home Loan,413,2023-10-08,300,Defaulted,Bank of Baroda
REC001005,PER00381,Car Loan,54,2018-08-25,48,Active,LIC Housing Finance
REC001006,PER00381,Personal Loan,92,2012-08-06,48,Active,Bajaj Finserv
REC001007,PER00381,Home Loan,72,2014-01-28,240,Defaulted,ICICI Bank
REC001008,PER00382,Home Loan,146,2022-01-06,360,Repaid,Union Bank
REC001009,PER00382,Car Loan,54,2020-10-27,84,Repaid,PNB
REC001010,PER00383,Car Loan,109,2021-03-26,84,Defaulted,HDFC Bank
REC001011,PER00383,Personal Loan,17,2022-04-20,24,Repaid,Bajaj Finserv
REC001012,PER00384,Personal Loan,33,2011-03-07,24,Repaid,SBI
REC001013,PER00384,Personal Loan,24,2024-01-22,24,Repaid,Axis Bank
REC001014,PER00384,Car Loan,65,2016-05-07,48,Repaid,Canara Bank
REC001015,PER00384,Car Loan,144,2012-07-12,84,Repaid,ICICI Bank
REC001016,PER00384,Personal Loan,43,2018-10-22,12,Repaid,IDBI Bank
REC001017,PER00384,Personal Loan,33,2023-11-08,60,Active,IDBI Bank
REC001018,PER00385,Home Loan,226,2013-01-24,360,Repaid,IDBI Bank
REC001019,PER00385,Personal Loan,28,2021-12-12,36,Repaid,Axis Bank
REC001020,PER00385,Home Loan,116,2020-08-10,300,Repaid,Kotak Mahindra
REC001021,PER00385,Personal Loan,100,2011-09-11,60,Repaid,IDBI Bank
REC001022,PER00385,Home Loan,112,2022-03-12,120,Repaid,ICICI Bank
REC001023,PER00386,Education Loan,35,2012-04-06,84,Repaid,Bank of Baroda
REC001024,PER00386,Personal Loan,62,2024-05-28,12,Repaid,Union Bank
REC001025,PER00386,Business Loan,69,2023-09-17,60,Active,Union Bank
REC001026,PER00386,Car Loan,61,2021-07-06,36,Repaid,PNB
REC001027,PER00387,Personal Loan,25,2024-08-23,60,Repaid,LIC Housing Finance
REC001028,PER00387,Home Loan,259,2010-06-26,300,Repaid,IndusInd Bank
REC001029,PER00388,Personal Loan,19,2015-08-24,48,Repaid,PNB
REC001030,PER00389,Home Loan,86,2013-05-15,300,Repaid,ICICI Bank
REC001031,PER00389,Home Loan,279,2017-06-06,180,Repaid,Bajaj Finserv
REC001032,PER00389,Personal Loan,39,2012-12-24,36,Repaid,HDFC Bank
REC001033,PER00390,Personal Loan,45,2022-09-02,48,Active,ICICI Bank
REC001034,PER00390,Personal Loan,11,2023-09-21,24,Active,Bank of Baroda
REC001035,PER00390,Personal Loan,35,2014-03-28,12,Defaulted,Union Bank
REC001036,PER00390,Business Loan,89,2017-06-28,36,Defaulted,LIC Housing Finance
REC001037,PER00391,Gold Loan,10,2019-11-11,36,Active,LIC Housing Finance
REC001038,PER00392,Personal Loan,100,2017-06-06,48,Repaid,Axis Bank
REC001039,PER00392,Home Loan,266,2024-08-12,300,Repaid,Yes Bank
REC001040,PER00392,Home Loan,139,2010-07-21,300,Repaid,Bajaj Finserv
REC001041,PER00392,Personal Loan,32,2025-11-14,60,Defaulted,Yes Bank
REC001042,PER00392,Home Loan,172,2011-02-23,180,Repaid,Tata Capital
REC001043,PER00393,Car Loan,71,2025-09-06,60,Repaid,Kotak Mahindra
REC001044,PER00393,Car Loan,46,2020-12-13,84,Repaid,Bank of Baroda
REC001045,PER00393,Car Loan,81,2025-02-20,84,Repaid,IndusInd Bank
REC001046,PER00394,Home Loan,122,2012-06-05,360,Repaid,Axis Bank
REC001047,PER00394,Home Loan,101,2011-07-06,360,Active,HDFC Bank
REC001048,PER00395,Personal Loan,28,2018-09-17,60,Repaid,Bank of Baroda
REC001049,PER00395,Personal Loan,32,2016-01-04,60,Defaulted,Bank of Baroda
REC001050,PER00395,Home Loan,404,2013-12-22,360,Defaulted,IDBI Bank
REC001051,PER00395,Home Loan,64,2018-09-24,180,Repaid,IDBI Bank
REC001052,PER00395,Car Loan,68,2011-05-17,60,Repaid,ICICI Bank
REC001053,PER00396,Home Loan,439,2018-02-06,120,Repaid,Yes Bank
REC001054,PER00396,Car Loan,59,2020-05-23,36,Repaid,Tata Capital
REC001055,PER00398,Personal Loan,18,2016-07-18,48,Active,Bank of Baroda
REC001056,PER00398,Car Loan,58,2022-04-10,36,Repaid,Bank of Baroda
REC001057,PER00399,Personal Loan,26,2018-03-22,24,Repaid,IDBI Bank
REC001058,PER00399,Two-Wheeler Loan,16,2016-11-18,12,Repaid,Bank of Baroda
REC001059,PER00400,Education Loan,47,2016-06-02,48,Defaulted,LIC Housing Finance
REC001060,PER00400,Personal Loan,7,2024-02-17,36,Defaulted,Union Bank
REC001061,PER00400,Personal Loan,75,2025-12-23,12,Repaid,Kotak Mahindra
REC001062,PER00400,Education Loan,30,2022-02-03,36,Defaulted,Bajaj Finserv
REC001063,PER00400,Home Loan,207,2025-03-21,300,Repaid,Bank of Baroda
REC001064,PER00400,Car Loan,53,2017-05-25,84,Defaulted,Union Bank
REC001065,PER00401,Home Loan,393,2011-08-17,360,Active,PNB
REC001066,PER00401,Personal Loan,57,2021-07-15,36,Repaid,Union Bank
REC001067,PER00402,Gold Loan,34,2022-01-06,60,Active,Union Bank
REC001068,PER00402,Car Loan,46,2016-04-17,36,Defaulted,IDBI Bank
REC001069,PER00402,Personal Loan,56,2010-11-26,24,Active,Union Bank
REC001070,PER00402,Car Loan,40,2021-10-26,48,Active,HDFC Bank
REC001071,PER00402,Home Loan,103,2023-09-05,360,Active,Kotak Mahindra
REC001072,PER00402,Personal Loan,100,2021-02-10,48,Defaulted,Bajaj Finserv
REC001073,PER00403,Two-Wheeler Loan,14,2023-08-17,48,Repaid,Canara Bank
REC001074,PER00403,Business Loan,61,2014-04-07,60,Repaid,Tata Capital
REC001075,PER00403,Home Loan,123,2014-04-03,360,Repaid,ICICI Bank
REC001076,PER00404,Education Loan,36,2014-09-13,36,Active,LIC Housing Finance
REC001077,PER00404,Personal Loan,67,2018-06-27,48,Defaulted,ICICI Bank
REC001078,PER00404,Personal Loan,37,2019-07-04,36,Repaid,Tata Capital
REC001079,PER00405,Personal Loan,22,2025-11-16,36,Active,IndusInd Bank
REC001080,PER00405,Education Loan,58,2013-01-13,84,Active,Union Bank
REC001081,PER00405,Gold Loan,36,2021-11-06,48,Repaid,Yes Bank
REC001082,PER00405,Personal Loan,91,2020-08-06,48,Repaid,IDBI Bank
REC001083,PER00405,Home Loan,153,2021-02-13,240,Repaid,IDBI Bank
REC001084,PER00405,Personal Loan,32,2023-05-21,12,Active,IDBI Bank
REC001085,PER00406,Education Loan,28,2022-11-03,48,Defaulted,SBI
REC001086,PER00407,Home Loan,318,2025-07-14,360,Active,Axis Bank
REC001087,PER00407,Home Loan,266,2017-01-15,300,Repaid,Bajaj Finserv
REC001088,PER00407,Personal Loan,43,2025-10-09,48,Defaulted,Axis Bank
REC001089,PER00407,Business Loan,123,2019-04-18,60,Active,LIC Housing Finance
REC001090,PER00407,Personal Loan,48,2018-05-06,36,Active,Axis Bank
REC001091,PER00407,Home Loan,189,2010-05-27,240,Repaid,PNB
REC001092,PER00408,Education Loan,57,2010-09-10,84,Defaulted,Union Bank
REC001093,PER00408,Business Loan,248,2020-04-18,36,Active,HDFC Bank
REC001094,PER00409,Home Loan,307,2024-01-11,240,Active,Yes Bank
REC001095,PER00409,Personal Loan,23,2022-12-21,24,Defaulted,Union Bank
REC001096,PER00409,Car Loan,88,2017-03-26,84,Active,Axis Bank
REC001097,PER00409,Business Loan,99,2018-05-22,36,Repaid,Canara Bank
REC001098,PER00409,Home Loan,137,2014-10-09,300,Defaulted,Bank of Baroda
REC001099,PER00409,Business Loan,166,2010-10-27,36,Defaulted,PNB
REC001100,PER00410,Car Loan,57,2019-08-13,84,Repaid,Canara Bank
REC001101,PER00410,Car Loan,69,2022-04-17,60,Repaid,Kotak Mahindra
REC001102,PER00410,Education Loan,49,2016-10-07,84,Active,ICICI Bank
REC001103,PER00411,Home Loan,126,2020-06-17,300,Repaid,ICICI Bank
REC001104,PER00411,Car Loan,67,2010-10-17,48,Repaid,SBI
REC001105,PER00411,Personal Loan,11,2014-07-06,48,Repaid,Yes Bank
REC001106,PER00411,Home Loan,167,2025-03-02,360,Repaid,IndusInd Bank
REC001107,PER00413,Consumer Durable Loan,9,2025-06-05,48,Repaid,Bank of Baroda
REC001108,PER00413,Home Loan,59,2024-07-20,360,Repaid,Yes Bank
REC001109,PER00414,Home Loan,67,2022-12-10,120,Active,Union Bank
REC001110,PER00414,Car Loan,38,2024-02-10,48,Repaid,SBI
REC001111,PER00414,Personal Loan,12,2023-03-13,48,Defaulted,Bajaj Finserv
REC001112,PER00414,Personal Loan,27,2015-05-08,12,Repaid,Bank of Baroda
REC001113,PER00415,Home Loan,165,2019-09-13,240,Repaid,LIC Housing Finance
REC001114,PER00418,Car Loan,63,2015-03-05,84,Repaid,Bajaj Finserv
REC001115,PER00418,Home Loan,285,2022-11-20,180,Repaid,HDFC Bank
REC001116,PER00419,Home Loan,136,2021-12-02,360,Repaid,HDFC Bank
REC001117,PER00419,Home Loan,61,2023-04-13,360,Active,SBI
REC001118,PER00419,Personal Loan,70,2016-03-19,48,Repaid,Kotak Mahindra
REC001119,PER00419,Education Loan,60,2023-02-28,60,Repaid,Kotak Mahindra
REC001120,PER00419,Home Loan,245,2024-01-03,240,Active,Tata Capital
REC001121,PER00419,Two-Wheeler Loan,7,2014-01-10,48,Defaulted,PNB
REC001122,PER00419,Education Loan,20,2023-11-12,48,Defaulted,Canara Bank
REC001123,PER00420,Home Loan,106,2019-02-15,120,Repaid,ICICI Bank
REC001124,PER00420,Home Loan,356,2014-06-03,120,Repaid,Bajaj Finserv
REC001125,PER00420,Two-Wheeler Loan,5,2015-04-22,60,Repaid,IndusInd Bank
REC001126,PER00420,Home Loan,231,2011-01-06,360,Repaid,Tata Capital
REC001127,PER00420,Personal Loan,15,2022-12-09,48,Defaulted,Bajaj Finserv
REC001128,PER00421,Home Loan,184,2022-08-21,300,Repaid,Union Bank
REC001129,PER00421,Consumer Durable Loan,7,2010-05-06,24,Repaid,Kotak Mahindra
REC001130,PER00421,Personal Loan,28,2018-05-03,36,Active,Bank of Baroda
REC001131,PER00421,Home Loan,74,2013-08-19,360,Repaid,HDFC Bank
REC001132,PER00422,Car Loan,47,2011-12-23,48,Repaid,Kotak Mahindra
REC001133,PER00422,Education Loan,150,2014-05-23,36,Repaid,Tata Capital
REC001134,PER00422,Personal Loan,54,2024-05-24,24,Repaid,PNB
REC001135,PER00422,Home Loan,314,2014-09-10,300,Repaid,Yes Bank
REC001136,PER00424,Personal Loan,25,2011-12-27,48,Repaid,Kotak Mahindra
REC001137,PER00424,Education Loan,13,2024-03-01,48,Repaid,ICICI Bank
REC001138,PER00424,Personal Loan,17,2022-02-14,60,Repaid,ICICI Bank
REC001139,PER00425,Business Loan,65,2022-06-16,48,Defaulted,Canara Bank
REC001140,PER00426,Personal Loan,16,2014-03-04,48,Defaulted,IDBI Bank
REC001141,PER00427,Car Loan,78,2019-06-16,84,Repaid,Union Bank
REC001142,PER00428,Personal Loan,79,2024-08-06,48,Defaulted,LIC Housing Finance
REC001143,PER00428,Car Loan,78,2015-09-07,84,Repaid,Axis Bank
REC001144,PER00428,Personal Loan,16,2019-12-03,48,Active,ICICI Bank
REC001145,PER00430,Education Loan,31,2018-05-27,84,Active,LIC Housing Finance
REC001146,PER00431,Personal Loan,85,2022-09-28,24,Active,Axis Bank
REC001147,PER00431,Car Loan,38,2017-01-17,36,Repaid,Bajaj Finserv
REC001148,PER00432,Personal Loan,31,2013-01-14,12,Repaid,Axis Bank
REC001149,PER00432,Personal Loan,22,2012-07-07,24,Defaulted,HDFC Bank
REC001150,PER00432,Personal Loan,11,2013-08-14,24,Repaid,Union Bank
REC001151,PER00432,Home Loan,213,2018-03-26,300,Repaid,LIC Housing Finance
REC001152,PER00432,Car Loan,65,2019-05-22,84,Active,Bajaj Finserv
REC001153,PER00432,Education Loan,150,2025-01-16,48,Repaid,Kotak Mahindra
REC001154,PER00433,Gold Loan,18,2025-03-15,24,Repaid,Canara Bank
REC001155,PER00434,Car Loan,132,2015-10-21,84,Repaid,LIC Housing Finance
REC001156,PER00434,Two-Wheeler Loan,7,2014-02-08,60,Repaid,PNB
REC001157,PER00434,Business Loan,152,2013-10-07,12,Defaulted,PNB
REC001158,PER00434,Home Loan,184,2022-08-11,300,Repaid,Yes Bank
REC001159,PER00434,Home Loan,227,2022-07-25,300,Repaid,SBI
REC001160,PER00435,Two-Wheeler Loan,8,2019-04-07,60,Repaid,IndusInd Bank
REC001161,PER00435,Business Loan,68,2021-02-16,48,Repaid,Canara Bank
REC001162,PER00435,Car Loan,65,2022-04-09,60,Repaid,IDBI Bank
REC001163,PER00436,Car Loan,52,2025-06-08,60,Defaulted,Canara Bank
REC001164,PER00436,Two-Wheeler Loan,7,2015-12-17,48,Repaid,HDFC Bank
REC001165,PER00436,Personal Loan,26,2010-09-26,36,Repaid,IDBI Bank
REC001166,PER00436,Car Loan,55,2010-09-16,60,Repaid,SBI
REC001167,PER00436,Home Loan,130,2023-09-13,360,Defaulted,IDBI Bank
REC001168,PER00437,Home Loan,175,2018-10-19,180,Repaid,IDBI Bank
REC001169,PER00438,Consumer Durable Loan,11,2019-02-24,48,Defaulted,Bajaj Finserv
REC001170,PER00438,Car Loan,72,2011-05-18,60,Defaulted,Union Bank
REC001171,PER00438,Two-Wheeler Loan,7,2013-02-03,24,Active,LIC Housing Finance
REC001172,PER00438,Car Loan,41,2012-04-24,84,Defaulted,Bank of Baroda
REC001173,PER00440,Home Loan,138,2022-08-07,300,Repaid,Tata Capital
REC001174,PER00440,Education Loan,106,2012-09-06,36,Repaid,Axis Bank
REC001175,PER00440,Education Loan,52,2017-11-02,60,Defaulted,IndusInd Bank
REC001176,PER00440,Home Loan,240,2015-05-21,180,Repaid,IndusInd Bank
REC001177,PER00440,Two-Wheeler Loan,6,2020-09-13,48,Defaulted,Bank of Baroda
REC001178,PER00441,Two-Wheeler Loan,4,2013-08-06,60,Active,SBI
REC001179,PER00441,Home Loan,109,2019-08-11,240,Repaid,Bajaj Finserv
REC001180,PER00441,Home Loan,166,2014-07-05,300,Defaulted,HDFC Bank
REC001181,PER00442,Home Loan,88,2024-06-20,360,Active,ICICI Bank
REC001182,PER00442,Gold Loan,15,2012-05-26,48,Active,Kotak Mahindra
REC001183,PER00443,Car Loan,66,2024-06-14,48,Active,HDFC Bank
REC001184,PER00443,Home Loan,210,2016-04-28,300,Active,Tata Capital
REC001185,PER00443,Two-Wheeler Loan,4,2024-10-17,12,Repaid,SBI
REC001186,PER00444,Personal Loan,27,2012-03-02,12,Repaid,Bajaj Finserv
REC001187,PER00444,Home Loan,174,2023-02-07,120,Repaid,Bank of Baroda
REC001188,PER00447,Home Loan,213,2017-08-07,180,Repaid,IndusInd Bank
REC001189,PER00447,Gold Loan,8,2021-04-14,48,Active,IndusInd Bank
REC001190,PER00448,Personal Loan,42,2025-12-22,36,Active,Yes Bank
REC001191,PER00448,Personal Loan,43,2012-06-27,12,Repaid,SBI
REC001192,PER00450,Education Loan,78,2012-07-10,84,Repaid,Bank of Baroda
REC001193,PER00450,Car Loan,88,2013-09-09,36,Defaulted,SBI
REC001194,PER00451,Car Loan,75,2020-03-08,84,Active,PNB
REC001195,PER00451,Two-Wheeler Loan,4,2017-11-16,60,Defaulted,Kotak Mahindra
REC001196,PER00451,Business Loan,143,2023-07-06,60,Defaulted,SBI
REC001197,PER00451,Education Loan,52,2024-07-10,60,Repaid,Bajaj Finserv
REC001198,PER00452,Personal Loan,27,2014-08-27,36,Repaid,IDBI Bank
REC001199,PER00453,Personal Loan,32,2013-03-06,12,Active,Axis Bank
REC001200,PER00453,Education Loan,40,2017-05-12,48,Active,Yes Bank
REC001201,PER00453,Home Loan,231,2017-06-14,240,Repaid,SBI
REC001202,PER00454,Gold Loan,13,2019-10-12,48,Defaulted,ICICI Bank
REC001203,PER00456,Home Loan,166,2016-04-14,240,Defaulted,Union Bank
REC001204,PER00456,Personal Loan,18,2021-06-02,60,Active,Axis Bank
REC001205,PER00456,Personal Loan,25,2024-11-24,36,Repaid,Canara Bank
REC001206,PER00456,Home Loan,131,2023-09-18,240,Repaid,LIC Housing Finance
REC001207,PER00456,Car Loan,27,2010-05-16,36,Repaid,IndusInd Bank
REC001208,PER00456,Personal Loan,21,2011-08-12,60,Active,Kotak Mahindra
REC001209,PER00457,Car Loan,40,2011-12-26,36,Repaid,HDFC Bank
REC001210,PER00457,Home Loan,126,2019-09-25,180,Active,SBI
REC001211,PER00457,Personal Loan,12,2017-10-08,24,Repaid,SBI
REC001212,PER00457,Car Loan,40,2015-06-26,84,Repaid,Axis Bank
REC001213,PER00458,Personal Loan,9,2013-06-16,48,Repaid,LIC Housing Finance
REC001214,PER00458,Gold Loan,8,2018-12-03,36,Repaid,Tata Capital
REC001215,PER00458,Home Loan,263,2011-01-03,180,Repaid,Yes Bank
REC001216,PER00458,Personal Loan,22,2024-03-16,60,Active,IDBI Bank
REC001217,PER00459,Personal Loan,47,2018-08-08,12,Active,Yes Bank
REC001218,PER00459,Home Loan,143,2015-11-18,120,Active,Axis Bank
REC001219,PER00459,Two-Wheeler Loan,4,2010-04-04,48,Active,HDFC Bank
REC001220,PER00459,Personal Loan,42,2015-03-07,36,Defaulted,Tata Capital
REC001221,PER00459,Home Loan,109,2023-06-20,240,Active,HDFC Bank
REC001222,PER00459,Personal Loan,48,2025-09-14,36,Active,Bank of Baroda
REC001223,PER00460,Car Loan,69,2011-08-08,48,Active,Union Bank
REC001224,PER00460,Car Loan,64,2023-09-15,36,Repaid,IDBI Bank
REC001225,PER00461,Personal Loan,28,2014-05-09,36,Repaid,LIC Housing Finance
REC001226,PER00461,Home Loan,495,2023-08-25,240,Repaid,Bank of Baroda
REC001227,PER00461,Personal Loan,17,2010-06-28,36,Repaid,Axis Bank
REC001228,PER00462,Business Loan,156,2021-10-13,24,Repaid,ICICI Bank
REC001229,PER00462,Home Loan,138,2023-11-15,180,Repaid,Bajaj Finserv
REC001230,PER00462,Personal Loan,26,2016-11-17,48,Repaid,Yes Bank
REC001231,PER00463,Home Loan,60,2018-10-17,360,Repaid,Kotak Mahindra
REC001232,PER00463,Personal Loan,47,2015-12-13,24,Active,LIC Housing Finance
REC001233,PER00463,Car Loan,25,2015-04-11,36,Repaid,HDFC Bank
REC001234,PER00464,Education Loan,66,2014-01-09,60,Active,Kotak Mahindra
REC001235,PER00464,Personal Loan,38,2013-01-20,12,Active,ICICI Bank
REC001236,PER00465,Personal Loan,17,2020-07-04,48,Repaid,Tata Capital
REC001237,PER00466,Home Loan,268,2024-06-16,180,Defaulted,Union Bank
REC001238,PER00467,Car Loan,45,2024-01-12,60,Active,HDFC Bank
REC001239,PER00467,Car Loan,73,2022-05-10,84,Repaid,Bank of Baroda
REC001240,PER00468,Business Loan,51,2020-06-28,48,Defaulted,Canara Bank
REC001241,PER00468,Personal Loan,23,2023-01-13,24,Repaid,HDFC Bank
REC001242,PER00469,Personal Loan,23,2014-05-11,48,Defaulted,IndusInd Bank
REC001243,PER00469,Home Loan,222,2013-02-25,240,Defaulted,Kotak Mahindra
REC001244,PER00469,Home Loan,149,2016-10-17,300,Defaulted,Tata Capital
REC001245,PER00469,Car Loan,55,2024-05-16,36,Defaulted,Axis Bank
REC001246,PER00470,Personal Loan,52,2025-10-28,24,Defaulted,IDBI Bank
REC001247,PER00470,Business Loan,106,2014-04-28,48,Defaulted,IndusInd Bank
REC001248,PER00470,Personal Loan,66,2019-10-26,24,Active,Tata Capital
REC001249,PER00471,Education Loan,26,2010-04-07,60,Active,IDBI Bank
REC001250,PER00471,Business Loan,38,2016-06-25,12,Active,Kotak Mahindra
REC001251,PER00472,Home Loan,131,2015-12-10,180,Active,Tata Capital
REC001252,PER00472,Business Loan,151,2014-05-24,48,Repaid,Kotak Mahindra
REC001253,PER00473,Personal Loan,15,2012-07-14,24,Repaid,IndusInd Bank
REC001254,PER00473,Car Loan,85,2011-02-25,48,Repaid,Tata Capital
REC001255,PER00474,Personal Loan,50,2022-12-27,12,Repaid,Axis Bank
REC001256,PER00474,Car Loan,45,2025-05-02,84,Repaid,HDFC Bank
REC001257,PER00475,Home Loan,174,2025-08-24,360,Defaulted,Bank of Baroda
REC001258,PER00475,Business Loan,81,2018-06-10,24,Defaulted,Bajaj Finserv
REC001259,PER00476,Personal Loan,31,2014-09-08,60,Repaid,IDBI Bank
REC001260,PER00477,Consumer Durable Loan,18,2024-12-03,60,Repaid,Bajaj Finserv
REC001261,PER00477,Personal Loan,32,2023-02-03,12,Repaid,Yes Bank
REC001262,PER00477,Car Loan,32,2020-05-10,48,Repaid,Yes Bank
REC001263,PER00477,Personal Loan,48,2014-08-11,12,Repaid,SBI
REC001264,PER00477,Car Loan,81,2014-06-16,60,Active,Kotak Mahindra
REC001265,PER00477,Car Loan,94,2024-12-19,84,Repaid,ICICI Bank
REC001266,PER00478,Car Loan,62,2024-05-08,84,Defaulted,HDFC Bank
REC001267,PER00479,Home Loan,125,2015-05-19,360,Repaid,PNB
REC001268,PER00479,Home Loan,235,2024-07-14,360,Active,IndusInd Bank
REC001269,PER00480,Home Loan,220,2011-02-15,180,Repaid,Tata Capital
REC001270,PER00480,Car Loan,39,2017-05-11,36,Active,Axis Bank
REC001271,PER00480,Business Loan,132,2010-12-25,12,Repaid,LIC Housing Finance
REC001272,PER00481,Home Loan,340,2021-02-10,360,Repaid,ICICI Bank
REC001273,PER00481,Business Loan,318,2012-06-14,48,Repaid,HDFC Bank
REC001274,PER00481,Home Loan,375,2017-03-12,240,Repaid,Axis Bank
REC001275,PER00482,Personal Loan,10,2019-02-19,12,Active,LIC Housing Finance
REC001276,PER00482,Car Loan,61,2016-04-20,84,Defaulted,PNB
REC001277,PER00482,Home Loan,243,2022-11-23,240,Repaid,IDBI Bank
REC001278,PER00483,Car Loan,79,2023-02-12,84,Active,SBI
REC001279,PER00484,Business Loan,38,2020-07-02,60,Defaulted,Canara Bank
REC001280,PER00484,Personal Loan,23,2022-10-21,12,Defaulted,HDFC Bank
REC001281,PER00484,Gold Loan,17,2020-11-28,48,Defaulted,Axis Bank
REC001282,PER00485,Personal Loan,44,2022-03-05,48,Active,Union Bank
REC001283,PER00485,Gold Loan,20,2025-10-18,48,Repaid,Kotak Mahindra
REC001284,PER00485,Personal Loan,16,2013-10-24,24,Active,Axis Bank
REC001285,PER00485,Personal Loan,27,2023-10-04,12,Repaid,IDBI Bank
REC001286,PER00485,Personal Loan,18,2013-11-26,12,Repaid,Bank of Baroda
REC001287,PER00485,Car Loan,41,2020-08-09,60,Repaid,Yes Bank
REC001288,PER00486,Home Loan,412,2019-03-11,180,Defaulted,ICICI Bank
REC001289,PER00486,Car Loan,66,2018-07-10,36,Active,Axis Bank
REC001290,PER00486,Home Loan,153,2025-10-13,180,Repaid,Axis Bank
REC001291,PER00488,Car Loan,60,2020-06-27,48,Defaulted,LIC Housing Finance
REC001292,PER00488,Home Loan,168,2018-02-07,120,Defaulted,PNB
REC001293,PER00488,Personal Loan,16,2011-01-05,24,Repaid,Canara Bank
REC001294,PER00488,Personal Loan,27,2013-01-23,60,Defaulted,SBI
REC001295,PER00489,Home Loan,212,2016-06-02,240,Repaid,PNB
REC001296,PER00489,Gold Loan,9,2023-04-02,48,Repaid,Kotak Mahindra
REC001297,PER00489,Home Loan,169,2020-12-03,360,Repaid,IndusInd Bank
REC001298,PER00490,Two-Wheeler Loan,6,2018-12-14,36,Defaulted,IndusInd Bank
REC001299,PER00490,Education Loan,58,2024-04-14,84,Active,Bank of Baroda
REC001300,PER00491,Personal Loan,59,2025-11-10,12,Repaid,PNB
REC001301,PER00492,Education Loan,99,2024-12-19,36,Defaulted,PNB
REC001302,PER00492,Gold Loan,10,2014-06-09,12,Active,Tata Capital
REC001303,PER00492,Business Loan,53,2012-10-06,48,Repaid,Canara Bank
REC001304,PER00492,Gold Loan,19,2017-10-23,24,Repaid,IDBI Bank
REC001305,PER00492,Home Loan,151,2021-03-22,120,Repaid,Axis Bank
REC001306,PER00492,Education Loan,123,2024-02-19,84,Defaulted,PNB
REC001307,PER00493,Home Loan,328,2019-08-06,120,Repaid,LIC Housing Finance
REC001308,PER00493,Home Loan,231,2016-12-10,180,Defaulted,Bajaj Finserv
REC001309,PER00493,Car Loan,74,2015-09-15,48,Active,Yes Bank
REC001310,PER00494,Business Loan,57,2024-04-05,12,Repaid,LIC Housing Finance
REC001311,PER00494,Business Loan,81,2024-02-20,48,Repaid,Tata Capital
REC001312,PER00494,Education Loan,16,2011-05-06,60,Repaid,Bajaj Finserv
REC001313,PER00495,Home Loan,341,2025-05-18,240,Repaid,HDFC Bank
REC001314,PER00495,Home Loan,476,2016-10-13,240,Repaid,Kotak Mahindra
REC001315,PER00495,Personal Loan,31,2019-11-17,12,Repaid,Union Bank
REC001316,PER00495,Car Loan,53,2025-11-22,48,Defaulted,Bank of Baroda
REC001317,PER00496,Home Loan,193,2020-06-06,120,Active,Yes Bank
REC001318,PER00496,Gold Loan,11,2017-07-07,60,Repaid,Union Bank
REC001319,PER00497,Car Loan,35,2021-11-13,48,Defaulted,Tata Capital
REC001320,PER00497,Personal Loan,53,2016-07-23,36,Repaid,Kotak Mahindra
REC001321,PER00498,Home Loan,162,2016-04-18,180,Repaid,Bank of Baroda
REC001322,PER00498,Home Loan,208,2014-05-02,360,Active,Kotak Mahindra
REC001323,PER00498,Home Loan,281,2016-09-22,120,Repaid,Tata Capital
REC001324,PER00498,Home Loan,140,2011-08-18,240,Repaid,Axis Bank
REC001325,PER00499,Personal Loan,39,2019-11-08,12,Active,SBI
REC001326,PER00500,Two-Wheeler Loan,9,2011-03-23,36,Repaid,Tata Capital
REC001327,PER00501,Car Loan,35,2017-02-27,48,Active,Union Bank
REC001328,PER00501,Gold Loan,12,2025-12-11,48,Repaid,Union Bank
REC001329,PER00501,Two-Wheeler Loan,15,2023-09-21,60,Active,SBI
REC001330,PER00501,Home Loan,173,2020-08-28,300,Repaid,Union Bank
REC001331,PER00503,Two-Wheeler Loan,4,2015-10-10,60,Defaulted,IDBI Bank
REC001332,PER00503,Home Loan,199,2021-04-18,300,Defaulted,Union Bank
REC001333,PER00504,Personal Loan,15,2024-02-19,60,Repaid,LIC Housing Finance
REC001334,PER00504,Consumer Durable Loan,24,2023-06-23,48,Repaid,Canara Bank
REC001335,PER00504,Car Loan,66,2018-07-24,84,Active,Bank of Baroda
REC001336,PER00504,Home Loan,68,2024-05-26,360,Repaid,Yes Bank
REC001337,PER00505,Home Loan,111,2020-07-09,240,Defaulted,IDBI Bank
REC001338,PER00505,Personal Loan,17,2023-11-20,24,Repaid,IndusInd Bank
REC001339,PER00505,Home Loan,281,2013-11-04,360,Defaulted,IDBI Bank
REC001340,PER00505,Personal Loan,27,2010-09-01,24,Repaid,Bank of Baroda
REC001341,PER00506,Car Loan,111,2016-09-24,60,Defaulted,HDFC Bank
REC001342,PER00506,Home Loan,229,2025-07-07,120,Defaulted,IndusInd Bank
REC001343,PER00507,Personal Loan,27,2025-09-28,24,Active,PNB
REC001344,PER00508,Personal Loan,63,2022-10-20,60,Active,IDBI Bank
REC001345,PER00509,Personal Loan,23,2013-11-10,60,Active,Canara Bank
REC001346,PER00509,Two-Wheeler Loan,4,2025-11-10,12,Repaid,Bajaj Finserv
REC001347,PER00509,Personal Loan,12,2011-06-21,12,Active,Axis Bank
REC001348,PER00510,Personal Loan,36,2016-11-23,24,Active,Kotak Mahindra
REC001349,PER00510,Personal Loan,51,2016-07-04,60,Active,SBI
REC001350,PER00510,Personal Loan,75,2016-02-18,12,Repaid,Tata Capital
REC001351,PER00510,Home Loan,200,2010-01-12,180,Repaid,IndusInd Bank
REC001352,PER00510,Education Loan,81,2022-03-22,48,Active,HDFC Bank
REC001353,PER00510,Personal Loan,20,2018-04-07,24,Repaid,IDBI Bank
REC001354,PER00512,Business Loan,210,2014-04-08,60,Repaid,ICICI Bank
REC001355,PER00512,Home Loan,155,2010-12-23,360,Active,LIC Housing Finance
REC001356,PER00512,Personal Loan,20,2017-03-07,48,Active,ICICI Bank
REC001357,PER00513,Personal Loan,48,2014-03-18,48,Repaid,Bajaj Finserv
REC001358,PER00513,Education Loan,38,2022-06-08,60,Repaid,Axis Bank
REC001359,PER00514,Car Loan,84,2020-11-02,60,Repaid,Union Bank
REC001360,PER00515,Business Loan,123,2025-03-22,24,Defaulted,Kotak Mahindra
REC001361,PER00517,Home Loan,164,2017-11-06,120,Repaid,Bajaj Finserv
REC001362,PER00517,Car Loan,47,2010-01-08,48,Repaid,LIC Housing Finance
REC001363,PER00517,Education Loan,143,2017-10-15,60,Repaid,Axis Bank
REC001364,PER00518,Car Loan,20,2024-01-10,60,Defaulted,LIC Housing Finance
REC001365,PER00519,Personal Loan,17,2018-11-01,12,Active,HDFC Bank
REC001366,PER00519,Personal Loan,10,2022-02-02,24,Repaid,Tata Capital
REC001367,PER00519,Home Loan,311,2022-11-25,180,Defaulted,Yes Bank
REC001368,PER00520,Home Loan,78,2022-03-20,240,Active,PNB
REC001369,PER00520,Home Loan,111,2024-07-15,180,Defaulted,Axis Bank
REC001370,PER00520,Consumer Durable Loan,7,2016-01-02,24,Active,SBI
REC001371,PER00520,Personal Loan,9,2022-01-25,24,Defaulted,Bajaj Finserv
REC001372,PER00520,Education Loan,76,2021-10-26,36,Active,Axis Bank
REC001373,PER00521,Personal Loan,41,2014-05-18,60,Active,Bajaj Finserv
REC001374,PER00522,Personal Loan,61,2013-01-08,12,Repaid,LIC Housing Finance
REC001375,PER00522,Home Loan,143,2013-12-13,300,Active,SBI
REC001376,PER00522,Personal Loan,27,2010-02-22,24,Repaid,Bajaj Finserv
REC001377,PER00522,Home Loan,206,2017-07-25,240,Repaid,IDBI Bank
REC001378,PER00523,Home Loan,150,2016-09-17,300,Active,IDBI Bank
REC001379,PER00523,Car Loan,35,2017-12-01,84,Defaulted,Tata Capital
REC001380,PER00523,Car Loan,84,2024-11-10,48,Repaid,Axis Bank
REC001381,PER00523,Education Loan,42,2021-08-23,48,Active,Axis Bank
REC001382,PER00524,Two-Wheeler Loan,4,2024-12-16,48,Repaid,HDFC Bank
REC001383,PER00525,Gold Loan,20,2016-05-13,60,Repaid,IndusInd Bank
REC001384,PER00525,Two-Wheeler Loan,17,2019-02-14,24,Repaid,Canara Bank
REC001385,PER00526,Home Loan,288,2024-09-16,240,Active,ICICI Bank
REC001386,PER00527,Education Loan,27,2017-12-11,48,Defaulted,Yes Bank
REC001387,PER00527,Gold Loan,13,2018-02-13,12,Active,IndusInd Bank
REC001388,PER00527,Car Loan,72,2014-10-20,84,Defaulted,PNB
REC001389,PER00527,Personal Loan,56,2021-09-23,48,Repaid,SBI
REC001390,PER00527,Personal Loan,59,2019-09-12,48,Repaid,Kotak Mahindra
REC001391,PER00528,Car Loan,105,2024-03-25,60,Active,PNB
REC001392,PER00529,Car Loan,62,2022-12-10,60,Active,ICICI Bank
REC001393,PER00529,Education Loan,126,2015-05-24,48,Repaid,Bajaj Finserv
REC001394,PER00529,Car Loan,70,2022-06-23,36,Repaid,Axis Bank
REC001395,PER00531,Personal Loan,97,2014-04-26,24,Active,Canara Bank
REC001396,PER00531,Personal Loan,46,2013-04-07,12,Repaid,Bajaj Finserv
REC001397,PER00531,Personal Loan,25,2017-05-22,24,Defaulted,Union Bank
REC001398,PER00532,Gold Loan,19,2020-05-05,36,Repaid,Axis Bank
REC001399,PER00532,Gold Loan,13,2021-08-17,60,Active,SBI
REC001400,PER00532,Car Loan,96,2024-09-04,60,Repaid,IDBI Bank
REC001401,PER00532,Personal Loan,46,2016-08-20,36,Repaid,PNB
REC001402,PER00532,Personal Loan,62,2016-06-03,60,Repaid,IDBI Bank
REC001403,PER00532,Two-Wheeler Loan,5,2023-06-25,48,Defaulted,Kotak Mahindra
REC001404,PER00533,Personal Loan,30,2012-11-01,24,Active,Yes Bank
REC001405,PER00533,Home Loan,309,2018-07-11,360,Repaid,Tata Capital
REC001406,PER00533,Personal Loan,61,2014-12-11,36,Defaulted,HDFC Bank
REC001407,PER00534,Home Loan,175,2021-03-23,180,Repaid,PNB
REC001408,PER00535,Personal Loan,24,2011-03-07,24,Repaid,Tata Capital
REC001409,PER00535,Personal Loan,20,2020-12-01,48,Repaid,Bank of Baroda
REC001410,PER00535,Car Loan,42,2012-09-19,60,Repaid,Union Bank
REC001411,PER00535,Personal Loan,22,2011-08-06,12,Active,Bajaj Finserv
REC001412,PER00536,Car Loan,49,2015-10-17,60,Repaid,Tata Capital
REC001413,PER00536,Home Loan,163,2012-01-21,360,Defaulted,Tata Capital
REC001414,PER00536,Education Loan,36,2015-06-19,36,Repaid,ICICI Bank
REC001415,PER00537,Home Loan,168,2010-08-02,240,Defaulted,HDFC Bank
REC001416,PER00537,Education Loan,32,2010-04-22,60,Active,Tata Capital
REC001417,PER00537,Business Loan,26,2018-02-13,24,Repaid,Union Bank
REC001418,PER00538,Home Loan,105,2014-03-21,180,Defaulted,Yes Bank
REC001419,PER00538,Home Loan,333,2019-01-02,240,Repaid,Canara Bank
REC001420,PER00539,Home Loan,145,2014-07-07,240,Repaid,IDBI Bank
REC001421,PER00539,Home Loan,82,2016-02-22,180,Defaulted,HDFC Bank
REC001422,PER00540,Personal Loan,16,2015-06-18,12,Repaid,Bajaj Finserv
REC001423,PER00540,Personal Loan,39,2010-08-04,60,Active,ICICI Bank
REC001424,PER00541,Car Loan,17,2016-09-26,48,Active,SBI
REC001425,PER00541,Two-Wheeler Loan,9,2013-08-05,60,Repaid,Canara Bank
REC001426,PER00541,Two-Wheeler Loan,3,2014-12-21,12,Repaid,Bajaj Finserv
REC001427,PER00541,Two-Wheeler Loan,7,2024-03-20,12,Defaulted,Tata Capital
REC001428,PER00542,Personal Loan,5,2024-09-06,24,Repaid,IndusInd Bank
REC001429,PER00542,Education Loan,15,2010-08-17,36,Repaid,IDBI Bank
REC001430,PER00542,Home Loan,165,2012-04-21,120,Repaid,IDBI Bank
REC001431,PER00543,Business Loan,102,2018-09-04,60,Repaid,Bank of Baroda
REC001432,PER00544,Car Loan,69,2023-06-14,84,Defaulted,IDBI Bank
REC001433,PER00544,Consumer Durable Loan,3,2012-07-20,48,Repaid,SBI
REC001434,PER00544,Home Loan,254,2011-02-17,180,Repaid,PNB
REC001435,PER00545,Car Loan,41,2011-03-04,84,Defaulted,Kotak Mahindra
REC001436,PER00545,Home Loan,358,2023-06-14,240,Active,Canara Bank
REC001437,PER00545,Personal Loan,44,2014-10-10,36,Active,LIC Housing Finance
REC001438,PER00546,Home Loan,104,2013-09-04,360,Active,IndusInd Bank
REC001439,PER00546,Business Loan,56,2014-03-23,60,Defaulted,Kotak Mahindra
REC001440,PER00546,Consumer Durable Loan,1,2018-08-21,24,Repaid,Kotak Mahindra
REC001441,PER00547,Consumer Durable Loan,11,2011-06-12,12,Repaid,IDBI Bank
REC001442,PER00548,Two-Wheeler Loan,9,2024-11-18,12,Repaid,IDBI Bank
REC001443,PER00548,Home Loan,168,2018-10-02,300,Repaid,Bank of Baroda
REC001444,PER00549,Car Loan,57,2024-02-24,36,Repaid,Bajaj Finserv
REC001445,PER00549,Education Loan,34,2020-05-05,36,Active,Axis Bank
REC001446,PER00549,Home Loan,200,2023-04-03,120,Defaulted,LIC Housing Finance
REC001447,PER00549,Personal Loan,40,2019-09-28,24,Repaid,SBI
REC001448,PER00550,Car Loan,73,2021-09-07,84,Defaulted,LIC Housing Finance
REC001449,PER00550,Education Loan,120,2016-01-27,48,Defaulted,LIC Housing Finance
REC001450,PER00550,Home Loan,571,2012-10-05,240,Active,PNB
REC001451,PER00551,Home Loan,85,2025-01-17,180,Repaid,Yes Bank
REC001452,PER00552,Car Loan,76,2019-11-24,84,Repaid,PNB
REC001453,PER00552,Gold Loan,5,2025-12-08,24,Repaid,PNB
REC001454,PER00552,Business Loan,119,2019-04-23,60,Repaid,Yes Bank
REC001455,PER00552,Home Loan,191,2016-08-18,300,Active,LIC Housing Finance
REC001456,PER00553,Home Loan,247,2022-11-05,240,Active,Bank of Baroda
REC001457,PER00553,Education Loan,54,2016-06-26,48,Repaid,Kotak Mahindra
REC001458,PER00553,Car Loan,102,2020-02-09,60,Repaid,SBI
REC001459,PER00554,Personal Loan,32,2012-08-23,24,Repaid,Yes Bank
REC001460,PER00554,Car Loan,47,2011-03-24,84,Defaulted,HDFC Bank
REC001461,PER00554,Home Loan,239,2021-12-11,240,Repaid,IDBI Bank
REC001462,PER00554,Home Loan,506,2024-02-22,240,Active,Bajaj Finserv
REC001463,PER00555,Personal Loan,20,2014-02-21,48,Active,Bajaj Finserv
REC001464,PER00555,Business Loan,41,2024-02-12,60,Defaulted,Kotak Mahindra
REC001465,PER00555,Personal Loan,92,2014-09-13,24,Defaulted,Tata Capital
REC001466,PER00557,Personal Loan,26,2016-08-28,12,Defaulted,LIC Housing Finance
REC001467,PER00557,Car Loan,54,2024-10-22,48,Defaulted,Yes Bank
REC001468,PER00558,Personal Loan,75,2013-10-22,60,Active,Bank of Baroda
REC001469,PER00558,Home Loan,76,2022-11-24,240,Repaid,ICICI Bank
REC001470,PER00558,Business Loan,187,2018-12-20,36,Repaid,PNB
REC001471,PER00559,Car Loan,72,2011-09-07,84,Repaid,Kotak Mahindra
REC001472,PER00559,Business Loan,65,2012-06-04,48,Repaid,Yes Bank
REC001473,PER00560,Home Loan,282,2010-08-22,120,Repaid,Kotak Mahindra
REC001474,PER00560,Business Loan,184,2021-12-22,24,Defaulted,IndusInd Bank
REC001475,PER00560,Home Loan,106,2018-06-01,360,Defaulted,Bank of Baroda
REC001476,PER00560,Home Loan,122,2019-11-13,300,Defaulted,IDBI Bank
REC001477,PER00560,Home Loan,214,2017-07-21,120,Defaulted,Canara Bank
REC001478,PER00560,Car Loan,47,2017-01-13,60,Defaulted,HDFC Bank
REC001479,PER00562,Personal Loan,48,2022-11-22,48,Repaid,Union Bank
REC001480,PER00562,Education Loan,53,2019-08-17,60,Repaid,LIC Housing Finance
REC001481,PER00563,Home Loan,123,2023-03-16,360,Defaulted,SBI
REC001482,PER00564,Car Loan,71,2018-02-04,36,Defaulted,Bajaj Finserv
REC001483,PER00567,Home Loan,487,2010-12-15,180,Active,Bajaj Finserv
REC001484,PER00568,Home Loan,240,2019-02-24,240,Repaid,Kotak Mahindra
REC001485,PER00568,Car Loan,44,2021-03-02,60,Repaid,ICICI Bank
REC001486,PER00568,Home Loan,125,2020-08-07,360,Defaulted,SBI
REC001487,PER00568,Gold Loan,10,2023-07-06,48,Repaid,LIC Housing Finance
REC001488,PER00569,Car Loan,88,2011-08-01,36,Active,PNB
REC001489,PER00569,Personal Loan,69,2014-12-20,36,Defaulted,SBI
REC001490,PER00569,Personal Loan,41,2010-11-03,60,Active,Bank of Baroda
REC001491,PER00569,Personal Loan,26,2011-02-22,24,Active,Kotak Mahindra
REC001492,PER00571,Personal Loan,47,2022-11-27,48,Repaid,Yes Bank
REC001493,PER00572,Car Loan,105,2022-02-23,60,Repaid,Bajaj Finserv
REC001494,PER00572,Home Loan,165,2013-07-05,300,Repaid,Union Bank
REC001495,PER00572,Personal Loan,15,2023-04-12,12,Active,Tata Capital
REC001496,PER00572,Education Loan,57,2011-04-06,84,Repaid,Kotak Mahindra
REC001497,PER00573,Two-Wheeler Loan,4,2022-12-10,12,Defaulted,Yes Bank
REC001498,PER00574,Personal Loan,31,2020-07-28,12,Repaid,LIC Housing Finance
REC001499,PER00574,Personal Loan,11,2023-11-17,24,Repaid,IndusInd Bank
REC001500,PER00575,Education Loan,84,2020-11-09,36,Repaid,Canara Bank
REC001501,PER00575,Two-Wheeler Loan,7,2020-05-01,48,Defaulted,LIC Housing Finance
REC001502,PER00575,Personal Loan,33,2023-09-15,48,Active,SBI
REC001503,PER00575,Home Loan,70,2019-09-02,240,Repaid,SBI
REC001504,PER00575,Personal Loan,20,2011-01-28,36,Active,Canara Bank
REC001505,PER00577,Car Loan,61,2018-10-16,48,Active,Canara Bank
REC001506,PER00577,Personal Loan,82,2015-06-15,60,Active,Bank of Baroda
REC001507,PER00577,Education Loan,21,2014-02-23,84,Repaid,ICICI Bank
REC001508,PER00578,Personal Loan,10,2025-12-22,36,Defaulted,IDBI Bank
REC001509,PER00578,Home Loan,110,2024-12-25,120,Active,LIC Housing Finance
REC001510,PER00578,Home Loan,110,2012-05-02,300,Repaid,IndusInd Bank
REC001511,PER00578,Home Loan,324,2014-12-12,120,Repaid,Canara Bank
REC001512,PER00579,Home Loan,146,2012-07-15,120,Defaulted,Bank of Baroda
REC001513,PER00579,Business Loan,31,2025-12-21,60,Active,Bank of Baroda
REC001514,PER00580,Gold Loan,10,2018-06-23,48,Active,Yes Bank
REC001515,PER00580,Personal Loan,20,2012-01-20,12,Active,IndusInd Bank
REC001516,PER00580,Home Loan,184,2013-10-09,180,Active,Axis Bank
REC001517,PER00581,Business Loan,203,2023-12-21,12,Repaid,ICICI Bank
REC001518,PER00581,Two-Wheeler Loan,4,2014-10-18,36,Repaid,Axis Bank
REC001519,PER00581,Personal Loan,20,2015-11-12,24,Repaid,HDFC Bank
REC001520,PER00581,Home Loan,102,2025-06-07,120,Repaid,Kotak Mahindra
REC001521,PER00582,Personal Loan,42,2023-08-08,60,Active,SBI
REC001522,PER00582,Home Loan,184,2011-06-10,360,Active,LIC Housing Finance
REC001523,PER00582,Car Loan,38,2012-12-12,60,Repaid,Union Bank
REC001524,PER00582,Business Loan,67,2018-06-16,24,Repaid,Axis Bank
REC001525,PER00583,Car Loan,40,2010-08-25,36,Repaid,IDBI Bank
REC001526,PER00583,Home Loan,287,2017-04-07,300,Repaid,Canara Bank
REC001527,PER00583,Personal Loan,17,2024-11-14,36,Repaid,IDBI Bank
REC001528,PER00584,Home Loan,103,2011-09-13,360,Defaulted,Axis Bank
REC001529,PER00584,Personal Loan,45,2010-10-01,36,Active,Bajaj Finserv
REC001530,PER00584,Home Loan,250,2010-10-03,120,Defaulted,Bajaj Finserv
REC001531,PER00584,Car Loan,68,2016-03-23,60,Repaid,ICICI Bank
REC001532,PER00584,Home Loan,104,2018-01-07,300,Repaid,HDFC Bank
REC001533,PER00585,Car Loan,82,2015-04-06,60,Repaid,Union Bank
REC001534,PER00585,Home Loan,123,2024-04-02,180,Defaulted,Kotak Mahindra
REC001535,PER00585,Car Loan,49,2017-03-04,84,Repaid,LIC Housing Finance
REC001536,PER00586,Home Loan,168,2017-07-19,180,Defaulted,Bajaj Finserv
REC001537,PER00586,Personal Loan,77,2016-11-13,36,Active,Yes Bank
REC001538,PER00586,Home Loan,500,2017-06-05,240,Repaid,Bajaj Finserv
REC001539,PER00587,Business Loan,23,2015-01-03,48,Active,LIC Housing Finance
REC001540,PER00588,Consumer Durable Loan,2,2011-01-03,36,Repaid,Kotak Mahindra
REC001541,PER00588,Car Loan,48,2016-10-15,60,Defaulted,Bank of Baroda
REC001542,PER00588,Business Loan,58,2016-04-26,36,Repaid,Yes Bank
REC001543,PER00589,Personal Loan,31,2021-05-08,24,Active,Canara Bank
REC001544,PER00589,Home Loan,85,2017-03-10,300,Repaid,Axis Bank
REC001545,PER00589,Home Loan,124,2011-10-02,120,Repaid,HDFC Bank
REC001546,PER00590,Home Loan,290,2015-11-07,300,Repaid,Kotak Mahindra
REC001547,PER00590,Personal Loan,18,2021-12-23,24,Repaid,Axis Bank
REC001548,PER00591,Car Loan,50,2017-09-15,84,Repaid,ICICI Bank
REC001549,PER00591,Personal Loan,37,2019-02-04,48,Repaid,Bajaj Finserv
REC001550,PER00591,Home Loan,96,2013-05-20,360,Active,Bajaj Finserv
REC001551,PER00592,Personal Loan,19,2014-10-25,12,Repaid,Bank of Baroda
REC001552,PER00592,Gold Loan,23,2025-06-14,48,Repaid,HDFC Bank
REC001553,PER00592,Personal Loan,65,2014-04-01,24,Repaid,HDFC Bank
REC001554,PER00593,Car Loan,50,2019-03-06,60,Repaid,ICICI Bank
REC001555,PER00593,Personal Loan,47,2015-08-15,60,Repaid,IndusInd Bank
REC001556,PER00593,Home Loan,161,2011-11-09,120,Active,IDBI Bank
REC001557,PER00594,Personal Loan,22,2020-11-21,48,Repaid,LIC Housing Finance
REC001558,PER00594,Education Loan,118,2013-05-07,48,Active,HDFC Bank
REC001559,PER00595,Education Loan,21,2019-08-16,36,Defaulted,Canara Bank
REC001560,PER00595,Home Loan,184,2017-10-15,120,Active,HDFC Bank
REC001561,PER00595,Business Loan,80,2020-05-17,24,Repaid,Canara Bank
REC001562,PER00595,Home Loan,58,2022-04-28,180,Defaulted,PNB
REC001563,PER00595,Education Loan,42,2024-07-07,48,Defaulted,IDBI Bank
REC001564,PER00596,Home Loan,735,2021-04-04,120,Repaid,Yes Bank
REC001565,PER00596,Car Loan,62,2012-01-28,36,Defaulted,Axis Bank
REC001566,PER00596,Home Loan,204,2010-05-06,360,Repaid,PNB
REC001567,PER00596,Personal Loan,29,2014-12-05,24,Repaid,Union Bank
REC001568,PER00597,Personal Loan,36,2015-01-13,36,Repaid,Bank of Baroda
REC001569,PER00597,Business Loan,24,2018-03-18,24,Repaid,Yes Bank
REC001570,PER00597,Education Loan,53,2014-02-14,60,Active,PNB
REC001571,PER00597,Car Loan,49,2016-12-28,60,Repaid,Bajaj Finserv
REC001572,PER00598,Personal Loan,21,2013-09-02,48,Repaid,Union Bank
REC001573,PER00598,Car Loan,39,2017-01-21,36,Active,HDFC Bank
REC001574,PER00600,Personal Loan,27,2016-05-18,12,Repaid,Yes Bank
REC001575,PER00600,Home Loan,356,2017-05-15,240,Repaid,Kotak Mahindra
REC001576,PER00600,Personal Loan,25,2020-04-02,60,Repaid,Tata Capital
REC001577,PER00601,Home Loan,152,2024-11-02,240,Active,IDBI Bank
REC001578,PER00601,Home Loan,86,2015-10-13,120,Active,ICICI Bank
REC001579,PER00601,Business Loan,62,2012-12-19,48,Active,Yes Bank
REC001580,PER00601,Personal Loan,12,2016-05-17,24,Repaid,PNB
REC001581,PER00603,Home Loan,262,2018-11-23,360,Repaid,Bajaj Finserv
REC001582,PER00603,Car Loan,52,2018-05-14,48,Repaid,IDBI Bank
REC001583,PER00603,Personal Loan,25,2016-01-18,48,Active,IDBI Bank
REC001584,PER00604,Two-Wheeler Loan,15,2025-04-24,60,Repaid,HDFC Bank
REC001585,PER00604,Education Loan,43,2013-02-09,36,Repaid,Union Bank
REC001586,PER00605,Home Loan,212,2012-04-27,180,Active,Bank of Baroda
REC001587,PER00605,Car Loan,41,2017-09-06,36,Repaid,SBI
REC001588,PER00605,Home Loan,385,2011-03-09,240,Repaid,Bajaj Finserv
REC001589,PER00605,Education Loan,27,2011-05-12,84,Repaid,SBI
REC001590,PER00605,Home Loan,155,2015-07-09,120,Repaid,Axis Bank
REC001591,PER00605,Car Loan,53,2016-07-08,48,Repaid,IndusInd Bank
REC001592,PER00605,Home Loan,162,2018-03-22,360,Active,LIC Housing Finance
REC001593,PER00606,Car Loan,52,2024-11-20,48,Repaid,Tata Capital
REC001594,PER00606,Education Loan,27,2025-03-02,36,Repaid,IDBI Bank
REC001595,PER00607,Personal Loan,12,2025-07-27,36,Repaid,Bank of Baroda
REC001596,PER00607,Car Loan,48,2020-12-02,48,Repaid,Bajaj Finserv
REC001597,PER00607,Education Loan,118,2014-07-07,36,Repaid,SBI
REC001598,PER00607,Education Loan,27,2021-09-19,48,Repaid,SBI
REC001599,PER00607,Business Loan,110,2012-07-18,60,Active,Kotak Mahindra
REC001600,PER00607,Personal Loan,65,2010-12-17,24,Repaid,LIC Housing Finance
REC001601,PER00607,Two-Wheeler Loan,7,2010-05-05,48,Repaid,IDBI Bank
REC001602,PER00608,Personal Loan,31,2023-11-14,48,Defaulted,Yes Bank
REC001603,PER00608,Home Loan,208,2020-04-18,240,Repaid,Canara Bank
REC001604,PER00608,Home Loan,88,2014-06-04,300,Defaulted,LIC Housing Finance
REC001605,PER00608,Home Loan,275,2018-08-25,360,Defaulted,Tata Capital
REC001606,PER00608,Education Loan,90,2023-10-13,48,Active,LIC Housing Finance
REC001607,PER00609,Home Loan,248,2019-06-20,300,Defaulted,IndusInd Bank
REC001608,PER00609,Home Loan,269,2011-03-06,120,Repaid,Canara Bank
REC001609,PER00609,Car Loan,26,2023-12-01,60,Repaid,Kotak Mahindra
REC001610,PER00610,Education Loan,29,2016-01-04,48,Active,IDBI Bank
REC001611,PER00611,Consumer Durable Loan,6,2019-08-22,24,Repaid,Kotak Mahindra
REC001612,PER00611,Home Loan,142,2010-05-27,120,Repaid,IDBI Bank
REC001613,PER00611,Two-Wheeler Loan,8,2018-02-23,48,Repaid,IDBI Bank
REC001614,PER00611,Car Loan,53,2023-09-26,60,Repaid,PNB
REC001615,PER00612,Personal Loan,40,2015-10-28,48,Repaid,Bajaj Finserv
REC001616,PER00612,Two-Wheeler Loan,3,2025-04-09,48,Active,IDBI Bank
REC001617,PER00612,Home Loan,186,2020-03-22,300,Repaid,Tata Capital
REC001618,PER00612,Business Loan,55,2016-12-09,12,Repaid,SBI
REC001619,PER00613,Home Loan,341,2025-07-19,360,Defaulted,PNB
REC001620,PER00614,Business Loan,136,2010-08-03,24,Repaid,Union Bank
REC001621,PER00615,Home Loan,152,2021-11-13,360,Defaulted,Bank of Baroda
REC001622,PER00615,Personal Loan,21,2020-10-11,36,Defaulted,IDBI Bank
REC001623,PER00615,Personal Loan,22,2024-07-08,60,Active,IDBI Bank
REC001624,PER00616,Two-Wheeler Loan,6,2011-01-03,36,Repaid,HDFC Bank
REC001625,PER00616,Home Loan,264,2014-08-28,180,Repaid,HDFC Bank
REC001626,PER00616,Personal Loan,23,2012-08-02,36,Active,Union Bank
REC001627,PER00616,Home Loan,290,2012-09-05,300,Repaid,PNB
REC001628,PER00617,Education Loan,24,2014-05-12,84,Active,Tata Capital
REC001629,PER00618,Business Loan,197,2013-09-18,60,Repaid,Union Bank
REC001630,PER00618,Two-Wheeler Loan,2,2010-05-18,60,Repaid,IndusInd Bank
REC001631,PER00618,Personal Loan,41,2024-03-27,48,Repaid,LIC Housing Finance
REC001632,PER00619,Personal Loan,68,2019-08-20,48,Repaid,Canara Bank
REC001633,PER00619,Two-Wheeler Loan,5,2012-06-27,60,Repaid,IDBI Bank
REC001634,PER00620,Personal Loan,53,2020-10-19,60,Repaid,LIC Housing Finance
REC001635,PER00621,Personal Loan,21,2013-05-18,24,Repaid,IndusInd Bank
REC001636,PER00621,Education Loan,40,2019-01-14,60,Repaid,LIC Housing Finance
REC001637,PER00622,Car Loan,40,2016-11-07,60,Active,Tata Capital
REC001638,PER00622,Car Loan,48,2015-05-05,36,Defaulted,Bank of Baroda
REC001639,PER00622,Car Loan,92,2010-03-28,36,Defaulted,PNB
REC001640,PER00622,Business Loan,37,2019-10-25,12,Active,IDBI Bank
REC001641,PER00622,Business Loan,20,2019-09-22,36,Active,ICICI Bank
REC001642,PER00622,Personal Loan,12,2022-06-20,12,Active,Tata Capital
REC001643,PER00623,Business Loan,105,2010-08-18,24,Active,Bajaj Finserv
REC001644,PER00623,Personal Loan,58,2011-08-11,12,Repaid,SBI
REC001645,PER00623,Home Loan,192,2017-05-12,180,Defaulted,IndusInd Bank
REC001646,PER00623,Home Loan,333,2012-04-19,180,Repaid,IndusInd Bank
REC001647,PER00623,Car Loan,109,2017-03-26,48,Repaid,Bank of Baroda
REC001648,PER00624,Personal Loan,26,2017-12-14,36,Repaid,Bajaj Finserv
REC001649,PER00624,Consumer Durable Loan,10,2023-02-04,48,Repaid,ICICI Bank
REC001650,PER00624,Education Loan,52,2016-05-18,60,Defaulted,ICICI Bank
REC001651,PER00624,Home Loan,217,2013-08-22,120,Repaid,Bajaj Finserv
REC001652,PER00625,Personal Loan,16,2013-08-07,24,Repaid,LIC Housing Finance
REC001653,PER00626,Home Loan,143,2015-06-22,300,Active,Axis Bank
REC001654,PER00626,Education Loan,52,2019-05-27,36,Repaid,Tata Capital
REC001655,PER00626,Car Loan,74,2012-09-19,84,Repaid,Kotak Mahindra
REC001656,PER00627,Home Loan,151,2010-02-19,120,Defaulted,Canara Bank
REC001657,PER00627,Personal Loan,36,2017-05-24,48,Repaid,Kotak Mahindra
REC001658,PER00627,Education Loan,46,2014-08-07,36,Active,Axis Bank
REC001659,PER00628,Personal Loan,16,2010-10-26,48,Active,ICICI Bank
REC001660,PER00628,Home Loan,458,2021-01-04,120,Active,Bajaj Finserv
REC001661,PER00628,Home Loan,203,2015-07-26,300,Repaid,Union Bank
REC001662,PER00630,Education Loan,25,2021-11-17,60,Repaid,Union Bank
REC001663,PER00631,Education Loan,78,2020-05-02,48,Active,ICICI Bank
REC001664,PER00632,Education Loan,41,2016-04-26,36,Active,Kotak Mahindra
REC001665,PER00632,Personal Loan,58,2019-09-24,48,Active,IndusInd Bank
REC001666,PER00632,Home Loan,165,2015-12-10,180,Active,Yes Bank
REC001667,PER00632,Personal Loan,31,2013-01-16,36,Repaid,Union Bank
REC001668,PER00632,Business Loan,221,2022-03-17,24,Repaid,Bank of Baroda
REC001669,PER00633,Education Loan,77,2018-01-04,84,Defaulted,SBI
REC001670,PER00634,Home Loan,421,2012-07-22,180,Repaid,ICICI Bank
REC001671,PER00634,Home Loan,467,2011-10-21,240,Repaid,Yes Bank
REC001672,PER00634,Home Loan,213,2025-02-15,360,Defaulted,IndusInd Bank
REC001673,PER00634,Business Loan,162,2024-12-09,60,Defaulted,HDFC Bank
REC001674,PER00634,Personal Loan,39,2017-07-11,48,Active,Axis Bank
REC001675,PER00635,Personal Loan,99,2015-07-26,36,Defaulted,IDBI Bank
REC001676,PER00635,Home Loan,122,2015-07-06,120,Repaid,IndusInd Bank
REC001677,PER00635,Personal Loan,17,2023-04-23,36,Active,SBI
REC001678,PER00635,Car Loan,103,2013-04-16,60,Active,LIC Housing Finance
REC001679,PER00635,Home Loan,248,2020-03-08,120,Repaid,HDFC Bank
REC001680,PER00636,Education Loan,54,2024-12-21,60,Active,PNB
REC001681,PER00637,Personal Loan,61,2018-06-17,36,Defaulted,Kotak Mahindra
REC001682,PER00637,Home Loan,303,2016-11-09,120,Repaid,ICICI Bank
REC001683,PER00637,Personal Loan,11,2012-04-16,48,Defaulted,Yes Bank
REC001684,PER00637,Home Loan,205,2013-07-04,360,Repaid,SBI
REC001685,PER00637,Gold Loan,7,2011-06-12,24,Repaid,Union Bank
REC001686,PER00638,Car Loan,93,2014-05-19,84,Repaid,Canara Bank
REC001687,PER00638,Business Loan,167,2018-10-14,24,Repaid,Bajaj Finserv
REC001688,PER00638,Home Loan,505,2022-03-06,300,Repaid,IndusInd Bank
REC001689,PER00638,Consumer Durable Loan,16,2024-11-18,36,Repaid,HDFC Bank
REC001690,PER00639,Business Loan,90,2010-06-27,48,Defaulted,HDFC Bank
REC001691,PER00639,Car Loan,34,2013-02-22,84,Active,Kotak Mahindra
REC001692,PER00640,Home Loan,212,2018-03-03,180,Repaid,IDBI Bank
REC001693,PER00640,Personal Loan,55,2024-05-15,48,Repaid,SBI
REC001694,PER00640,Car Loan,55,2011-04-23,60,Active,Yes Bank
REC001695,PER00640,Home Loan,144,2017-05-14,300,Active,IndusInd Bank
REC001696,PER00640,Home Loan,235,2020-09-05,360,Defaulted,ICICI Bank
REC001697,PER00642,Consumer Durable Loan,12,2015-09-18,48,Repaid,HDFC Bank
REC001698,PER00642,Home Loan,143,2020-03-08,360,Active,PNB
REC001699,PER00642,Education Loan,44,2015-04-03,36,Repaid,Union Bank
REC001700,PER00642,Personal Loan,13,2013-05-07,12,Repaid,LIC Housing Finance
REC001701,PER00642,Education Loan,78,2018-05-09,36,Repaid,Tata Capital
REC001702,PER00642,Home Loan,441,2023-06-02,240,Repaid,Tata Capital
REC001703,PER00643,Car Loan,57,2021-06-16,60,Defaulted,Yes Bank
REC001704,PER00643,Personal Loan,43,2019-09-24,24,Defaulted,ICICI Bank
REC001705,PER00643,Gold Loan,16,2017-09-06,12,Repaid,IDBI Bank
REC001706,PER00644,Home Loan,69,2011-02-13,240,Defaulted,PNB
REC001707,PER00644,Education Loan,53,2011-09-04,60,Active,Canara Bank
REC001708,PER00644,Business Loan,38,2020-03-15,48,Active,PNB
REC001709,PER00644,Personal Loan,52,2018-01-27,24,Active,HDFC Bank
REC001710,PER00644,Business Loan,66,2021-04-20,60,Repaid,Canara Bank
REC001711,PER00644,Personal Loan,32,2022-03-28,60,Repaid,IDBI Bank
REC001712,PER00644,Personal Loan,83,2011-01-08,12,Repaid,IndusInd Bank
REC001713,PER00645,Home Loan,107,2016-07-18,240,Repaid,SBI
REC001714,PER00645,Personal Loan,52,2025-06-10,60,Active,Canara Bank
REC001715,PER00645,Car Loan,74,2023-05-16,60,Repaid,Kotak Mahindra
REC001716,PER00646,Personal Loan,100,2022-07-06,24,Defaulted,Union Bank
REC001717,PER00646,Home Loan,211,2021-04-01,180,Active,Bajaj Finserv
REC001718,PER00646,Home Loan,160,2011-04-04,120,Active,Canara Bank
REC001719,PER00646,Home Loan,101,2019-07-23,240,Repaid,Axis Bank
REC001720,PER00646,Two-Wheeler Loan,14,2011-07-19,36,Repaid,IDBI Bank
REC001721,PER00647,Home Loan,148,2021-10-14,120,Defaulted,PNB
REC001722,PER00648,Personal Loan,25,2019-02-24,60,Active,Union Bank
REC001723,PER00648,Home Loan,321,2025-10-02,120,Active,Bajaj Finserv
REC001724,PER00648,Car Loan,29,2018-10-23,48,Defaulted,HDFC Bank
REC001725,PER00650,Car Loan,52,2020-08-15,36,Active,ICICI Bank
REC001726,PER00650,Home Loan,198,2017-08-19,120,Repaid,SBI
REC001727,PER00651,Home Loan,394,2010-09-22,240,Repaid,PNB
REC001728,PER00651,Consumer Durable Loan,30,2024-02-14,48,Active,Tata Capital
REC001729,PER00651,Two-Wheeler Loan,9,2024-07-28,12,Active,IDBI Bank
REC001730,PER00651,Car Loan,58,2022-02-03,60,Defaulted,Yes Bank
REC001731,PER00652,Personal Loan,10,2018-12-20,36,Defaulted,PNB
REC001732,PER00652,Home Loan,218,2016-07-26,120,Repaid,ICICI Bank
REC001733,PER00652,Two-Wheeler Loan,2,2014-06-16,48,Repaid,Union Bank
REC001734,PER00652,Personal Loan,44,2011-12-08,60,Defaulted,IDBI Bank
REC001735,PER00652,Home Loan,122,2013-12-25,300,Active,PNB
REC001736,PER00652,Home Loan,258,2013-04-26,180,Active,Yes Bank
REC001737,PER00653,Personal Loan,34,2024-10-03,36,Defaulted,ICICI Bank
REC001738,PER00653,Home Loan,97,2025-05-02,120,Active,Bajaj Finserv
REC001739,PER00654,Education Loan,41,2015-05-17,36,Defaulted,Yes Bank
REC001740,PER00654,Business Loan,33,2010-03-08,60,Repaid,Bajaj Finserv
REC001741,PER00654,Home Loan,118,2016-12-23,120,Repaid,Yes Bank
REC001742,PER00654,Home Loan,318,2016-01-08,240,Active,Axis Bank
REC001743,PER00657,Personal Loan,31,2011-02-13,60,Active,IDBI Bank
REC001744,PER00657,Home Loan,252,2011-02-16,120,Repaid,Tata Capital
REC001745,PER00657,Car Loan,38,2023-04-26,60,Repaid,HDFC Bank
REC001746,PER00657,Car Loan,37,2014-01-20,36,Repaid,IDBI Bank
REC001747,PER00657,Education Loan,39,2024-08-05,60,Repaid,Tata Capital
REC001748,PER00658,Gold Loan,11,2023-02-22,60,Defaulted,HDFC Bank
REC001749,PER00658,Education Loan,36,2021-04-19,60,Repaid,SBI
REC001750,PER00658,Two-Wheeler Loan,13,2025-06-20,12,Repaid,Tata Capital
REC001751,PER00659,Car Loan,52,2017-05-19,48,Defaulted,Tata Capital
REC001752,PER00659,Home Loan,56,2012-12-08,120,Repaid,Bank of Baroda
REC001753,PER00659,Personal Loan,55,2014-01-11,24,Defaulted,SBI
REC001754,PER00659,Gold Loan,18,2023-10-28,24,Defaulted,IDBI Bank
REC001755,PER00660,Consumer Durable Loan,16,2021-09-11,60,Active,IndusInd Bank
REC001756,PER00661,Personal Loan,17,2015-04-04,36,Repaid,ICICI Bank
REC001757,PER00661,Home Loan,153,2015-09-01,360,Defaulted,ICICI Bank
REC001758,PER00661,Home Loan,179,2013-08-01,240,Active,SBI
REC001759,PER00662,Gold Loan,12,2010-10-04,24,Repaid,Yes Bank
REC001760,PER00662,Personal Loan,18,2020-03-27,48,Repaid,SBI
REC001761,PER00663,Car Loan,52,2019-03-22,60,Repaid,Kotak Mahindra
REC001762,PER00663,Personal Loan,66,2015-07-04,36,Repaid,ICICI Bank
REC001763,PER00663,Gold Loan,17,2013-08-18,48,Repaid,ICICI Bank
REC001764,PER00663,Business Loan,73,2014-05-28,24,Active,Bajaj Finserv
REC001765,PER00663,Car Loan,39,2018-01-01,36,Repaid,IDBI Bank
REC001766,PER00663,Home Loan,153,2016-10-14,300,Repaid,HDFC Bank
REC001767,PER00663,Home Loan,188,2014-09-25,300,Repaid,Axis Bank
REC001768,PER00664,Car Loan,35,2015-10-21,36,Repaid,Union Bank
REC001769,PER00664,Personal Loan,100,2025-06-27,60,Repaid,Canara Bank
REC001770,PER00666,Gold Loan,18,2015-05-10,24,Repaid,Tata Capital
REC001771,PER00666,Home Loan,114,2019-01-20,180,Active,Kotak Mahindra
REC001772,PER00667,Two-Wheeler Loan,17,2015-05-15,36,Defaulted,Union Bank
REC001773,PER00667,Education Loan,23,2022-12-15,36,Active,Union Bank
REC001774,PER00668,Home Loan,163,2021-09-15,120,Defaulted,Kotak Mahindra
REC001775,PER00668,Home Loan,129,2017-02-13,180,Defaulted,ICICI Bank
REC001776,PER00668,Home Loan,69,2013-03-18,120,Active,Yes Bank
REC001777,PER00668,Consumer Durable Loan,17,2025-07-26,24,Defaulted,PNB
REC001778,PER00668,Personal Loan,31,2013-08-25,60,Defaulted,Kotak Mahindra
REC001779,PER00669,Home Loan,446,2014-12-11,360,Active,ICICI Bank
REC001780,PER00669,Business Loan,400,2013-02-07,36,Repaid,Union Bank
REC001781,PER00669,Home Loan,253,2018-09-23,360,Repaid,Yes Bank
REC001782,PER00669,Home Loan,188,2020-01-26,360,Active,IndusInd Bank
REC001783,PER00670,Two-Wheeler Loan,5,2022-03-23,36,Defaulted,Kotak Mahindra
REC001784,PER00670,Gold Loan,7,2012-08-20,24,Active,Bajaj Finserv
REC001785,PER00671,Home Loan,660,2018-10-16,120,Repaid,Axis Bank
REC001786,PER00671,Home Loan,89,2010-05-14,180,Defaulted,LIC Housing Finance
REC001787,PER00671,Home Loan,188,2018-10-03,300,Defaulted,Tata Capital
REC001788,PER00671,Car Loan,38,2023-06-11,84,Active,Bank of Baroda
REC001789,PER00672,Education Loan,26,2013-07-09,48,Repaid,HDFC Bank
REC001790,PER00672,Business Loan,116,2020-11-11,12,Repaid,Bajaj Finserv
REC001791,PER00672,Education Loan,34,2018-09-24,36,Repaid,Bank of Baroda
REC001792,PER00672,Car Loan,20,2012-10-15,84,Repaid,Axis Bank
REC001793,PER00672,Home Loan,91,2018-04-25,120,Repaid,Yes Bank
REC001794,PER00673,Home Loan,215,2012-09-01,240,Defaulted,Kotak Mahindra
REC001795,PER00673,Car Loan,47,2019-01-04,60,Active,SBI
REC001796,PER00673,Car Loan,35,2018-02-02,36,Active,SBI
REC001797,PER00673,Gold Loan,15,2015-02-06,12,Repaid,Yes Bank
REC001798,PER00673,Personal Loan,14,2019-06-03,48,Repaid,Tata Capital
REC001799,PER00673,Consumer Durable Loan,3,2024-07-07,24,Repaid,HDFC Bank
REC001800,PER00674,Car Loan,64,2016-07-10,36,Repaid,IDBI Bank
REC001801,PER00674,Personal Loan,52,2010-08-03,12,Active,Bank of Baroda
REC001802,PER00675,Home Loan,225,2010-10-19,360,Active,Axis Bank
REC001803,PER00675,Home Loan,302,2018-01-28,120,Active,Yes Bank
REC001804,PER00676,Business Loan,34,2024-04-13,36,Repaid,Yes Bank
REC001805,PER00676,Personal Loan,60,2010-02-11,24,Defaulted,IDBI Bank
REC001806,PER00676,Home Loan,384,2016-10-11,240,Repaid,Kotak Mahindra
REC001807,PER00676,Car Loan,47,2017-08-19,60,Repaid,Axis Bank
REC001808,PER00677,Home Loan,214,2011-11-12,300,Repaid,Axis Bank
REC001809,PER00677,Gold Loan,13,2023-01-17,36,Active,Bajaj Finserv
REC001810,PER00678,Personal Loan,15,2020-03-10,48,Repaid,IndusInd Bank
REC001811,PER00678,Home Loan,181,2015-07-15,180,Active,Yes Bank
REC001812,PER00678,Home Loan,210,2022-04-20,300,Defaulted,IndusInd Bank
REC001813,PER00678,Personal Loan,55,2025-10-23,24,Repaid,Kotak Mahindra
REC001814,PER00680,Home Loan,108,2015-02-08,180,Repaid,IDBI Bank
REC001815,PER00681,Personal Loan,32,2024-05-13,12,Repaid,Bank of Baroda
REC001816,PER00681,Personal Loan,36,2022-08-18,48,Repaid,Tata Capital
REC001817,PER00681,Education Loan,56,2015-08-24,36,Repaid,LIC Housing Finance
REC001818,PER00681,Education Loan,29,2017-10-25,60,Defaulted,HDFC Bank
REC001819,PER00683,Education Loan,112,2013-05-11,48,Repaid,Axis Bank
REC001820,PER00683,Personal Loan,60,2023-04-28,36,Defaulted,Yes Bank
REC001821,PER00683,Car Loan,35,2025-02-16,84,Repaid,Kotak Mahindra
REC001822,PER00683,Personal Loan,64,2022-01-04,60,Active,IDBI Bank
REC001823,PER00683,Home Loan,137,2021-06-02,360,Repaid,Yes Bank
REC001824,PER00684,Home Loan,197,2017-05-03,240,Defaulted,IndusInd Bank
REC001825,PER00684,Car Loan,124,2023-12-27,48,Active,Bank of Baroda
REC001826,PER00684,Personal Loan,24,2019-09-13,48,Defaulted,HDFC Bank
REC001827,PER00684,Personal Loan,65,2018-09-02,36,Repaid,IDBI Bank
REC001828,PER00685,Two-Wheeler Loan,16,2025-02-24,24,Defaulted,Yes Bank
REC001829,PER00686,Personal Loan,99,2019-10-19,12,Defaulted,Axis Bank
REC001830,PER00686,Gold Loan,15,2012-05-03,60,Defaulted,Bajaj Finserv
REC001831,PER00687,Home Loan,53,2021-06-19,180,Defaulted,Kotak Mahindra
REC001832,PER00688,Business Loan,134,2012-05-12,12,Repaid,PNB
REC001833,PER00688,Education Loan,36,2023-11-09,36,Active,IDBI Bank
REC001834,PER00688,Home Loan,229,2023-08-13,120,Repaid,IndusInd Bank
REC001835,PER00688,Education Loan,75,2024-02-17,48,Defaulted,Canara Bank
REC001836,PER00688,Car Loan,51,2020-09-22,48,Active,Yes Bank
REC001837,PER00688,Personal Loan,49,2017-03-27,36,Active,Kotak Mahindra
REC001838,PER00689,Car Loan,38,2020-11-16,84,Repaid,Bank of Baroda
REC001839,PER00689,Car Loan,55,2018-05-27,60,Repaid,SBI
REC001840,PER00689,Two-Wheeler Loan,11,2017-01-06,36,Repaid,Union Bank
REC001841,PER00689,Personal Loan,31,2014-04-09,60,Active,Axis Bank
REC001842,PER00689,Home Loan,128,2011-11-10,240,Defaulted,Yes Bank
REC001843,PER00690,Personal Loan,50,2011-08-23,36,Defaulted,HDFC Bank
REC001844,PER00690,Personal Loan,20,2015-02-02,60,Repaid,Tata Capital
REC001845,PER00691,Personal Loan,100,2024-08-17,12,Repaid,Union Bank
REC001846,PER00692,Personal Loan,55,2019-08-17,48,Repaid,Kotak Mahindra
REC001847,PER00692,Personal Loan,69,2025-04-22,24,Repaid,SBI
REC001848,PER00692,Education Loan,66,2023-08-23,36,Repaid,Axis Bank
REC001849,PER00692,Car Loan,61,2019-07-25,60,Defaulted,IDBI Bank
REC001850,PER00692,Personal Loan,22,2020-08-16,24,Repaid,Kotak Mahindra
REC001851,PER00693,Home Loan,93,2022-01-10,120,Repaid,Tata Capital
REC001852,PER00693,Car Loan,73,2014-02-13,60,Repaid,IDBI Bank
REC001853,PER00693,Personal Loan,11,2015-02-22,12,Repaid,ICICI Bank
REC001854,PER00693,Home Loan,366,2021-06-23,360,Active,Axis Bank
REC001855,PER00693,Home Loan,95,2013-05-07,360,Repaid,Axis Bank
REC001856,PER00694,Personal Loan,27,2024-11-19,48,Repaid,Bajaj Finserv
REC001857,PER00694,Personal Loan,25,2020-03-11,24,Repaid,IDBI Bank
REC001858,PER00694,Personal Loan,30,2023-01-02,24,Repaid,IndusInd Bank
REC001859,PER00695,Personal Loan,22,2021-08-16,12,Defaulted,Bank of Baroda
REC001860,PER00695,Consumer Durable Loan,5,2025-06-27,48,Repaid,Bank of Baroda
REC001861,PER00696,Car Loan,59,2016-12-01,60,Repaid,Tata Capital
REC001862,PER00696,Home Loan,206,2022-02-27,120,Active,Kotak Mahindra
REC001863,PER00696,Car Loan,46,2014-05-24,48,Defaulted,Tata Capital
REC001864,PER00697,Car Loan,34,2022-01-16,48,Repaid,IDBI Bank
REC001865,PER00697,Home Loan,178,2013-07-20,360,Active,Yes Bank
REC001866,PER00697,Car Loan,37,2013-01-06,84,Repaid,ICICI Bank
REC001867,PER00697,Home Loan,169,2015-05-13,120,Active,Kotak Mahindra
REC001868,PER00697,Consumer Durable Loan,7,2013-10-26,36,Repaid,Bajaj Finserv
REC001869,PER00697,Home Loan,175,2018-05-20,120,Repaid,ICICI Bank
REC001870,PER00697,Education Loan,25,2012-10-22,84,Repaid,Bank of Baroda
REC001871,PER00699,Consumer Durable Loan,5,2018-10-13,24,Repaid,Tata Capital
REC001872,PER00700,Gold Loan,18,2013-10-16,60,Repaid,Canara Bank
REC001873,PER00700,Business Loan,216,2015-06-17,12,Active,SBI
REC001874,PER00701,Education Loan,141,2018-05-18,48,Repaid,Canara Bank
REC001875,PER00701,Home Loan,613,2016-03-01,240,Active,Kotak Mahindra
REC001876,PER00702,Business Loan,31,2012-09-26,60,Repaid,SBI
REC001877,PER00702,Personal Loan,100,2019-08-24,12,Defaulted,HDFC Bank
REC001878,PER00702,Education Loan,42,2015-11-03,84,Active,Bank of Baroda
REC001879,PER00702,Two-Wheeler Loan,6,2013-12-16,12,Active,Axis Bank
REC001880,PER00704,Education Loan,26,2015-09-16,48,Active,SBI
REC001881,PER00704,Education Loan,35,2017-10-26,48,Repaid,Yes Bank
REC001882,PER00704,Car Loan,86,2012-02-06,60,Repaid,Bank of Baroda
REC001883,PER00705,Home Loan,125,2015-09-11,360,Repaid,Yes Bank
REC001884,PER00705,Home Loan,176,2015-05-18,300,Repaid,LIC Housing Finance
REC001885,PER00705,Business Loan,39,2015-11-26,48,Repaid,Yes Bank
REC001886,PER00705,Personal Loan,23,2025-07-12,60,Repaid,IndusInd Bank
REC001887,PER00705,Car Loan,21,2010-05-08,48,Active,Union Bank
REC001888,PER00706,Gold Loan,6,2010-07-25,48,Active,LIC Housing Finance
REC001889,PER00706,Home Loan,193,2013-08-20,120,Repaid,Bajaj Finserv
REC001890,PER00707,Personal Loan,40,2024-07-10,12,Repaid,Bajaj Finserv
REC001891,PER00707,Personal Loan,21,2014-03-26,24,Active,Yes Bank
REC001892,PER00708,Home Loan,229,2017-09-14,300,Repaid,IDBI Bank
REC001893,PER00708,Personal Loan,67,2011-11-22,24,Active,Bajaj Finserv
REC001894,PER00709,Education Loan,31,2012-04-26,84,Active,IDBI Bank
REC001895,PER00709,Home Loan,136,2014-05-03,180,Active,LIC Housing Finance
REC001896,PER00709,Business Loan,74,2023-05-27,12,Defaulted,HDFC Bank
REC001897,PER00709,Personal Loan,31,2014-01-12,36,Defaulted,Union Bank
REC001898,PER00710,Personal Loan,40,2015-08-11,48,Repaid,Kotak Mahindra
REC001899,PER00710,Home Loan,218,2015-01-17,120,Repaid,Bank of Baroda
REC001900,PER00711,Education Loan,46,2015-07-20,48,Defaulted,IDBI Bank
REC001901,PER00711,Home Loan,223,2019-04-26,300,Active,Canara Bank
REC001902,PER00712,Personal Loan,25,2015-05-10,12,Repaid,SBI
REC001903,PER00712,Car Loan,85,2012-09-23,60,Repaid,LIC Housing Finance
REC001904,PER00712,Car Loan,39,2016-10-22,60,Active,PNB
REC001905,PER00713,Education Loan,75,2011-10-24,36,Defaulted,IndusInd Bank
REC001906,PER00713,Car Loan,74,2012-05-23,36,Defaulted,IndusInd Bank
REC001907,PER00713,Car Loan,59,2010-10-02,60,Repaid,Yes Bank
REC001908,PER00713,Home Loan,242,2025-12-12,360,Active,Axis Bank
REC001909,PER00713,Home Loan,267,2020-11-09,180,Repaid,Tata Capital
REC001910,PER00713,Car Loan,29,2021-03-23,48,Repaid,Kotak Mahindra
REC001911,PER00714,Home Loan,182,2014-10-19,120,Repaid,ICICI Bank
REC001912,PER00714,Two-Wheeler Loan,3,2019-01-27,48,Repaid,IndusInd Bank
REC001913,PER00714,Gold Loan,8,2013-05-22,12,Repaid,Yes Bank
REC001914,PER00714,Car Loan,42,2013-12-05,36,Repaid,Axis Bank
REC001915,PER00714,Personal Loan,47,2017-08-22,36,Repaid,IndusInd Bank
REC001916,PER00715,Home Loan,442,2025-03-17,300,Repaid,IDBI Bank
REC001917,PER00715,Gold Loan,7,2019-07-10,24,Repaid,Bank of Baroda
REC001918,PER00715,Personal Loan,48,2024-02-14,36,Repaid,SBI
REC001919,PER00715,Business Loan,66,2025-06-03,48,Repaid,Axis Bank
REC001920,PER00718,Home Loan,213,2024-06-21,120,Repaid,IDBI Bank
REC001921,PER00718,Personal Loan,43,2013-07-26,48,Repaid,Axis Bank
REC001922,PER00719,Home Loan,104,2024-10-26,180,Active,SBI
REC001923,PER00719,Personal Loan,39,2015-01-07,36,Active,Yes Bank
REC001924,PER00719,Education Loan,44,2013-02-22,60,Active,Tata Capital
REC001925,PER00720,Education Loan,32,2017-11-10,48,Active,IDBI Bank
REC001926,PER00720,Car Loan,74,2024-05-20,60,Repaid,Canara Bank
REC001927,PER00720,Business Loan,51,2024-12-28,48,Active,Union Bank
REC001928,PER00721,Consumer Durable Loan,14,2013-03-19,48,Active,IndusInd Bank
REC001929,PER00721,Home Loan,269,2023-12-14,240,Active,IndusInd Bank
REC001930,PER00721,Home Loan,115,2021-07-08,180,Repaid,Canara Bank
REC001931,PER00721,Home Loan,269,2016-03-17,240,Repaid,Canara Bank
REC001932,PER00722,Home Loan,139,2020-12-20,240,Repaid,IndusInd Bank
REC001933,PER00722,Home Loan,81,2010-10-28,240,Defaulted,IndusInd Bank
REC001934,PER00723,Personal Loan,53,2010-12-18,48,Active,Axis Bank
REC001935,PER00723,Car Loan,56,2024-03-07,48,Repaid,Bank of Baroda
REC001936,PER00724,Personal Loan,43,2025-06-14,36,Active,Canara Bank
REC001937,PER00724,Education Loan,21,2015-10-17,60,Defaulted,IDBI Bank
REC001938,PER00725,Personal Loan,39,2023-04-10,12,Repaid,HDFC Bank
REC001939,PER00725,Home Loan,399,2025-07-25,240,Repaid,PNB
REC001940,PER00725,Gold Loan,10,2017-09-11,48,Repaid,ICICI Bank
REC001941,PER00725,Business Loan,102,2021-10-27,12,Active,IndusInd Bank
REC001942,PER00726,Business Loan,60,2018-11-16,24,Repaid,SBI
REC001943,PER00726,Personal Loan,28,2018-07-06,12,Defaulted,IDBI Bank
REC001944,PER00726,Business Loan,107,2014-11-09,48,Defaulted,Axis Bank
REC001945,PER00726,Personal Loan,28,2016-06-22,36,Repaid,Canara Bank
REC001946,PER00726,Car Loan,51,2010-07-13,84,Repaid,Kotak Mahindra
REC001947,PER00726,Gold Loan,3,2021-04-03,24,Repaid,Bajaj Finserv
REC001948,PER00726,Car Loan,38,2025-10-11,84,Repaid,PNB
REC001949,PER00727,Car Loan,27,2012-12-25,48,Defaulted,LIC Housing Finance
REC001950,PER00727,Home Loan,172,2015-01-01,180,Active,Bank of Baroda
REC001951,PER00728,Car Loan,47,2025-05-16,36,Repaid,LIC Housing Finance
REC001952,PER00728,Car Loan,65,2017-11-21,48,Defaulted,Kotak Mahindra
REC001953,PER00729,Personal Loan,42,2011-11-02,24,Active,LIC Housing Finance
REC001954,PER00729,Personal Loan,11,2023-01-15,48,Defaulted,Kotak Mahindra
REC001955,PER00729,Car Loan,74,2011-02-08,48,Active,Axis Bank
REC001956,PER00730,Personal Loan,20,2025-01-02,24,Repaid,Canara Bank
REC001957,PER00730,Home Loan,105,2015-09-24,180,Active,SBI
REC001958,PER00731,Car Loan,39,2019-02-16,84,Repaid,LIC Housing Finance
REC001959,PER00731,Personal Loan,77,2021-02-04,36,Active,ICICI Bank
REC001960,PER00731,Home Loan,123,2025-11-22,300,Repaid,LIC Housing Finance
REC001961,PER00732,Education Loan,13,2013-12-13,60,Repaid,SBI
REC001962,PER00732,Gold Loan,12,2022-10-15,24,Repaid,Kotak Mahindra
REC001963,PER00732,Gold Loan,13,2025-10-12,60,Active,PNB
REC001964,PER00732,Business Loan,31,2015-11-19,36,Active,Kotak Mahindra
REC001965,PER00733,Education Loan,41,2017-05-17,48,Active,HDFC Bank
REC001966,PER00733,Personal Loan,53,2011-03-02,36,Active,ICICI Bank
REC001967,PER00733,Home Loan,122,2021-02-07,240,Defaulted,Canara Bank
REC001968,PER00733,Personal Loan,31,2012-07-17,24,Repaid,IDBI Bank
REC001969,PER00734,Two-Wheeler Loan,5,2022-08-10,24,Defaulted,Bajaj Finserv
REC001970,PER00734,Home Loan,190,2025-07-23,300,Defaulted,Bank of Baroda
REC001971,PER00734,Personal Loan,56,2013-12-09,60,Active,SBI
REC001972,PER00735,Gold Loan,22,2010-03-17,48,Defaulted,Tata Capital
REC001973,PER00735,Personal Loan,11,2025-05-12,48,Defaulted,HDFC Bank
REC001974,PER00735,Personal Loan,36,2025-10-20,48,Active,LIC Housing Finance
REC001975,PER00736,Home Loan,313,2014-12-16,360,Repaid,LIC Housing Finance
REC001976,PER00736,Car Loan,38,2016-08-08,48,Repaid,SBI
REC001977,PER00736,Gold Loan,12,2023-07-25,36,Repaid,Union Bank
REC001978,PER00737,Personal Loan,81,2020-10-27,60,Defaulted,Kotak Mahindra
REC001979,PER00737,Home Loan,91,2021-11-02,240,Active,IDBI Bank
REC001980,PER00738,Education Loan,48,2025-05-28,48,Defaulted,Canara Bank
REC001981,PER00738,Home Loan,239,2021-10-22,120,Active,Union Bank
REC001982,PER00738,Car Loan,31,2011-01-23,48,Active,Bajaj Finserv
REC001983,PER00738,Home Loan,165,2011-02-25,120,Active,Bajaj Finserv
REC001984,PER00740,Car Loan,41,2020-10-23,60,Repaid,SBI
REC001985,PER00740,Personal Loan,29,2012-06-02,36,Repaid,Axis Bank
REC001986,PER00740,Education Loan,42,2016-02-24,84,Repaid,Canara Bank
REC001987,PER00740,Home Loan,185,2016-06-04,180,Active,Canara Bank
REC001988,PER00741,Car Loan,63,2011-08-12,60,Defaulted,HDFC Bank
REC001989,PER00741,Home Loan,208,2016-06-14,240,Defaulted,Axis Bank
REC001990,PER00741,Education Loan,67,2016-02-12,84,Defaulted,Bank of Baroda
REC001991,PER00743,Education Loan,85,2025-12-26,48,Active,Tata Capital
REC001992,PER00744,Personal Loan,23,2011-07-21,12,Repaid,IDBI Bank
REC001993,PER00744,Car Loan,52,2011-07-11,48,Repaid,SBI
REC001994,PER00744,Personal Loan,40,2016-12-20,48,Repaid,PNB
REC001995,PER00744,Business Loan,170,2023-03-25,12,Active,Kotak Mahindra
REC001996,PER00744,Home Loan,135,2019-06-04,300,Repaid,Axis Bank
REC001997,PER00744,Personal Loan,68,2025-04-06,12,Repaid,Bajaj Finserv
REC001998,PER00744,Business Loan,151,2014-05-15,24,Repaid,Kotak Mahindra
REC001999,PER00745,Education Loan,81,2022-10-09,48,Repaid,Bank of Baroda
REC002000,PER00746,Car Loan,112,2017-12-09,84,Repaid,HDFC Bank
REC002001,PER00747,Gold Loan,13,2025-10-27,12,Defaulted,Union Bank
REC002002,PER00748,Education Loan,16,2021-05-12,36,Defaulted,PNB
REC002003,PER00748,Gold Loan,34,2022-10-13,48,Active,Yes Bank
REC002004,PER00748,Home Loan,132,2010-12-05,360,Repaid,PNB
REC002005,PER00748,Car Loan,39,2019-02-28,36,Repaid,Bajaj Finserv
REC002006,PER00749,Home Loan,58,2020-09-19,300,Repaid,Tata Capital
REC002007,PER00749,Home Loan,172,2024-03-03,360,Repaid,Axis Bank
REC002008,PER00749,Business Loan,500,2021-07-11,36,Repaid,LIC Housing Finance
REC002009,PER00750,Consumer Durable Loan,7,2018-10-21,60,Active,Bank of Baroda
REC002010,PER00750,Two-Wheeler Loan,10,2017-12-06,48,Repaid,PNB
REC002011,PER00750,Personal Loan,34,2013-03-02,36,Repaid,Bank of Baroda
REC002012,PER00751,Car Loan,74,2018-08-10,60,Defaulted,ICICI Bank
REC002013,PER00751,Business Loan,101,2016-07-27,24,Repaid,Kotak Mahindra
REC002014,PER00752,Business Loan,133,2011-03-26,48,Repaid,LIC Housing Finance
REC002015,PER00752,Home Loan,146,2015-02-17,240,Repaid,IndusInd Bank
REC002016,PER00753,Personal Loan,24,2022-12-12,36,Active,SBI
REC002017,PER00753,Personal Loan,25,2014-01-04,24,Repaid,Tata Capital
REC002018,PER00754,Car Loan,74,2021-07-28,84,Defaulted,LIC Housing Finance
REC002019,PER00755,Home Loan,191,2025-08-13,240,Active,SBI
REC002020,PER00755,Education Loan,25,2016-04-11,48,Active,SBI
REC002021,PER00755,Home Loan,250,2023-09-14,180,Active,Tata Capital
REC002022,PER00755,Home Loan,245,2011-07-26,180,Active,PNB
REC002023,PER00756,Business Loan,413,2011-07-15,36,Repaid,SBI
REC002024,PER00756,Personal Loan,32,2020-08-16,36,Active,SBI
REC002025,PER00757,Personal Loan,24,2018-12-23,48,Repaid,Bank of Baroda
REC002026,PER00757,Personal Loan,29,2017-08-02,24,Repaid,HDFC Bank
REC002027,PER00757,Gold Loan,2,2014-04-05,48,Repaid,Canara Bank
REC002028,PER00757,Car Loan,46,2010-12-15,48,Repaid,Canara Bank
REC002029,PER00758,Home Loan,436,2021-12-07,180,Repaid,Tata Capital
REC002030,PER00758,Personal Loan,83,2011-12-07,36,Repaid,Bajaj Finserv
REC002031,PER00758,Personal Loan,33,2017-07-06,12,Repaid,IndusInd Bank
REC002032,PER00758,Personal Loan,24,2017-10-12,48,Repaid,PNB
REC002033,PER00759,Car Loan,42,2024-01-18,84,Defaulted,Yes Bank
REC002034,PER00759,Personal Loan,59,2024-10-14,48,Defaulted,Axis Bank
REC002035,PER00759,Home Loan,369,2010-06-26,360,Repaid,Union Bank
REC002036,PER00759,Car Loan,30,2023-05-10,36,Active,IDBI Bank
REC002037,PER00760,Home Loan,102,2011-01-21,360,Active,IDBI Bank
REC002038,PER00760,Education Loan,70,2015-08-06,36,Repaid,Kotak Mahindra
REC002039,PER00760,Education Loan,61,2016-01-19,84,Defaulted,Tata Capital
REC002040,PER00761,Home Loan,264,2024-09-03,120,Repaid,Canara Bank
REC002041,PER00761,Car Loan,72,2017-05-11,48,Repaid,Kotak Mahindra
REC002042,PER00762,Home Loan,257,2025-02-12,240,Active,Tata Capital
REC002043,PER00762,Home Loan,146,2020-12-20,240,Active,ICICI Bank
REC002044,PER00763,Education Loan,34,2016-01-24,36,Repaid,Axis Bank
REC002045,PER00763,Personal Loan,100,2017-10-23,24,Active,Yes Bank
REC002046,PER00764,Personal Loan,100,2017-07-11,60,Repaid,ICICI Bank
REC002047,PER00764,Consumer Durable Loan,6,2025-11-25,36,Repaid,ICICI Bank
REC002048,PER00764,Personal Loan,30,2023-04-21,36,Active,Axis Bank
REC002049,PER00765,Home Loan,155,2016-12-04,240,Defaulted,LIC Housing Finance
REC002050,PER00765,Personal Loan,24,2023-01-18,24,Active,Tata Capital
REC002051,PER00765,Home Loan,613,2016-10-24,300,Defaulted,Yes Bank
REC002052,PER00765,Home Loan,205,2014-05-20,360,Active,PNB
REC002053,PER00765,Personal Loan,52,2012-01-25,24,Defaulted,Tata Capital
REC002054,PER00765,Car Loan,86,2024-12-10,60,Active,HDFC Bank
REC002055,PER00766,Personal Loan,39,2022-06-11,60,Repaid,Axis Bank
REC002056,PER00766,Education Loan,14,2022-01-01,60,Repaid,Kotak Mahindra
REC002057,PER00766,Car Loan,21,2022-10-21,84,Active,PNB
REC002058,PER00767,Home Loan,253,2024-12-09,240,Active,HDFC Bank
REC002059,PER00767,Gold Loan,26,2017-04-09,12,Defaulted,ICICI Bank
REC002060,PER00767,Personal Loan,33,2012-02-09,60,Active,PNB
REC002061,PER00768,Home Loan,131,2018-05-07,120,Active,Canara Bank
REC002062,PER00768,Personal Loan,50,2014-06-04,24,Repaid,Yes Bank
REC002063,PER00769,Car Loan,49,2012-11-25,84,Active,Yes Bank
REC002064,PER00769,Personal Loan,19,2015-06-14,36,Active,HDFC Bank
REC002065,PER00770,Home Loan,199,2016-04-26,360,Repaid,Bajaj Finserv
REC002066,PER00770,Personal Loan,34,2025-09-05,60,Repaid,HDFC Bank
REC002067,PER00770,Personal Loan,26,2014-11-16,60,Repaid,HDFC Bank
REC002068,PER00770,Business Loan,121,2012-12-28,36,Repaid,Kotak Mahindra
REC002069,PER00770,Business Loan,179,2015-02-01,12,Repaid,Yes Bank
REC002070,PER00770,Home Loan,112,2015-04-12,180,Repaid,ICICI Bank
REC002071,PER00771,Car Loan,35,2019-01-21,36,Active,IDBI Bank
REC002072,PER00772,Personal Loan,54,2024-02-15,48,Active,Axis Bank
REC002073,PER00772,Business Loan,180,2019-09-10,60,Active,Bank of Baroda
REC002074,PER00773,Personal Loan,34,2013-10-06,60,Repaid,IndusInd Bank
REC002075,PER00773,Home Loan,99,2024-05-01,360,Repaid,LIC Housing Finance
REC002076,PER00773,Consumer Durable Loan,10,2019-04-04,48,Repaid,Yes Bank
REC002077,PER00773,Gold Loan,9,2017-10-02,48,Repaid,IDBI Bank
REC002078,PER00773,Home Loan,232,2016-05-28,120,Defaulted,Bajaj Finserv
REC002079,PER00773,Home Loan,256,2014-01-03,180,Defaulted,Tata Capital
REC002080,PER00775,Education Loan,52,2021-12-05,36,Repaid,Kotak Mahindra
REC002081,PER00775,Home Loan,76,2010-11-09,360,Repaid,Axis Bank
REC002082,PER00775,Car Loan,44,2019-12-24,60,Defaulted,Axis Bank
REC002083,PER00775,Education Loan,76,2024-11-13,36,Repaid,Bajaj Finserv
REC002084,PER00775,Home Loan,270,2018-03-18,360,Active,Union Bank
REC002085,PER00775,Car Loan,67,2019-03-26,60,Repaid,Bank of Baroda
REC002086,PER00776,Consumer Durable Loan,5,2017-06-19,12,Repaid,Bajaj Finserv
REC002087,PER00776,Car Loan,84,2024-11-10,48,Repaid,Tata Capital
REC002088,PER00776,Personal Loan,21,2010-08-26,24,Repaid,Canara Bank
REC002089,PER00776,Home Loan,171,2014-01-01,300,Repaid,Yes Bank
REC002090,PER00776,Home Loan,163,2010-03-13,300,Repaid,HDFC Bank
REC002091,PER00777,Home Loan,228,2019-11-06,120,Repaid,LIC Housing Finance
REC002092,PER00778,Home Loan,69,2025-04-09,120,Active,SBI
REC002093,PER00778,Home Loan,360,2022-04-24,120,Repaid,Axis Bank
REC002094,PER00778,Two-Wheeler Loan,6,2016-10-19,36,Repaid,ICICI Bank
REC002095,PER00778,Car Loan,58,2014-03-10,36,Repaid,Kotak Mahindra
REC002096,PER00778,Two-Wheeler Loan,13,2018-10-06,48,Repaid,ICICI Bank
REC002097,PER00779,Gold Loan,10,2025-11-26,48,Repaid,IDBI Bank
REC002098,PER00779,Education Loan,32,2017-11-28,84,Defaulted,HDFC Bank
REC002099,PER00779,Home Loan,159,2011-06-02,180,Defaulted,Canara Bank
REC002100,PER00779,Car Loan,99,2017-11-22,48,Repaid,Bajaj Finserv
REC002101,PER00780,Car Loan,43,2021-11-20,84,Active,IndusInd Bank
REC002102,PER00781,Education Loan,75,2019-08-10,36,Repaid,ICICI Bank
REC002103,PER00781,Home Loan,155,2012-01-16,120,Active,Axis Bank
REC002104,PER00781,Two-Wheeler Loan,8,2022-10-05,36,Repaid,Kotak Mahindra
REC002105,PER00782,Home Loan,199,2011-04-16,300,Active,SBI
REC002106,PER00782,Personal Loan,86,2013-12-21,24,Repaid,Canara Bank
REC002107,PER00782,Home Loan,178,2010-04-04,120,Repaid,IDBI Bank
REC002108,PER00784,Education Loan,41,2017-02-24,60,Active,Yes Bank
REC002109,PER00785,Car Loan,51,2012-11-11,48,Active,PNB
REC002110,PER00786,Home Loan,314,2012-09-28,120,Repaid,Bajaj Finserv
REC002111,PER00786,Personal Loan,27,2017-11-14,36,Repaid,Axis Bank
REC002112,PER00786,Home Loan,107,2014-10-07,120,Repaid,Union Bank
REC002113,PER00787,Business Loan,47,2015-06-11,36,Defaulted,Axis Bank
REC002114,PER00787,Car Loan,35,2021-04-22,84,Defaulted,Axis Bank
REC002115,PER00787,Personal Loan,55,2023-10-24,12,Active,Tata Capital
REC002116,PER00789,Education Loan,113,2014-11-04,36,Repaid,HDFC Bank
REC002117,PER00790,Education Loan,101,2018-03-08,48,Repaid,Union Bank
REC002118,PER00790,Personal Loan,22,2020-01-17,24,Repaid,LIC Housing Finance
REC002119,PER00790,Car Loan,22,2013-11-13,36,Repaid,PNB
REC002120,PER00790,Car Loan,37,2017-12-13,84,Repaid,SBI
REC002121,PER00791,Business Loan,52,2014-02-28,12,Defaulted,Canara Bank
REC002122,PER00791,Home Loan,360,2016-06-27,120,Repaid,IndusInd Bank
REC002123,PER00791,Consumer Durable Loan,6,2018-12-18,48,Defaulted,Kotak Mahindra
REC002124,PER00792,Personal Loan,97,2017-07-09,24,Repaid,IndusInd Bank
REC002125,PER00792,Home Loan,156,2017-06-04,360,Repaid,Yes Bank
REC002126,PER00792,Car Loan,73,2018-08-24,84,Repaid,Tata Capital
REC002127,PER00792,Car Loan,66,2016-08-06,60,Active,SBI
REC002128,PER00793,Education Loan,78,2016-04-13,84,Repaid,ICICI Bank
REC002129,PER00793,Home Loan,363,2017-09-17,300,Defaulted,Tata Capital
REC002130,PER00793,Gold Loan,10,2025-07-14,36,Repaid,HDFC Bank
REC002131,PER00794,Personal Loan,38,2021-07-05,48,Defaulted,SBI
REC002132,PER00794,Education Loan,23,2024-08-11,48,Defaulted,Kotak Mahindra
REC002133,PER00794,Education Loan,33,2013-12-04,60,Active,PNB
REC002134,PER00794,Personal Loan,100,2018-03-09,60,Active,Axis Bank
REC002135,PER00794,Personal Loan,35,2013-10-18,12,Repaid,LIC Housing Finance
REC002136,PER00794,Car Loan,30,2015-07-28,36,Active,SBI
REC002137,PER00794,Car Loan,39,2014-08-27,60,Defaulted,Bajaj Finserv
REC002138,PER00795,Home Loan,104,2022-04-01,300,Repaid,IDBI Bank
REC002139,PER00795,Consumer Durable Loan,12,2022-09-07,60,Repaid,SBI
REC002140,PER00795,Business Loan,51,2021-11-27,36,Repaid,Axis Bank
REC002141,PER00795,Education Loan,81,2020-11-02,60,Defaulted,Bank of Baroda
REC002142,PER00796,Home Loan,305,2014-06-13,240,Repaid,IndusInd Bank
REC002143,PER00796,Personal Loan,38,2014-06-05,36,Defaulted,ICICI Bank
REC002144,PER00796,Home Loan,127,2012-11-14,180,Active,Canara Bank
REC002145,PER00796,Home Loan,128,2011-06-01,240,Repaid,ICICI Bank
REC002146,PER00796,Consumer Durable Loan,7,2015-11-04,12,Repaid,Yes Bank
REC002147,PER00796,Personal Loan,70,2023-10-07,12,Active,Union Bank
REC002148,PER00796,Car Loan,51,2018-08-02,48,Repaid,Union Bank
REC002149,PER00796,Business Loan,322,2019-10-26,60,Repaid,Kotak Mahindra
REC002150,PER00797,Two-Wheeler Loan,5,2014-12-13,60,Repaid,IndusInd Bank
REC002151,PER00797,Personal Loan,22,2015-12-02,48,Repaid,Yes Bank
REC002152,PER00798,Consumer Durable Loan,2,2011-03-02,60,Defaulted,IndusInd Bank
REC002153,PER00798,Business Loan,132,2017-09-14,60,Active,IDBI Bank
REC002154,PER00798,Car Loan,50,2010-11-08,48,Repaid,Kotak Mahindra
REC002155,PER00798,Gold Loan,13,2012-09-13,12,Repaid,PNB
REC002156,PER00798,Personal Loan,23,2010-09-13,12,Repaid,Tata Capital
REC002157,PER00798,Education Loan,30,2016-08-17,84,Defaulted,LIC Housing Finance
REC002158,PER00798,Two-Wheeler Loan,9,2018-03-15,48,Active,Canara Bank
REC002159,PER00798,Education Loan,38,2013-09-06,48,Defaulted,Canara Bank
REC002160,PER00800,Car Loan,52,2011-08-06,84,Repaid,SBI
REC002161,PER00801,Personal Loan,61,2013-11-28,12,Active,SBI
REC002162,PER00801,Gold Loan,16,2015-06-25,12,Active,Bajaj Finserv
REC002163,PER00802,Personal Loan,18,2011-12-02,36,Repaid,SBI
REC002164,PER00802,Personal Loan,27,2024-07-16,12,Defaulted,IDBI Bank
REC002165,PER00803,Personal Loan,18,2021-02-06,48,Repaid,Kotak Mahindra
REC002166,PER00803,Home Loan,163,2016-08-19,360,Repaid,Canara Bank
REC002167,PER00803,Car Loan,60,2013-12-20,84,Active,ICICI Bank
REC002168,PER00803,Personal Loan,39,2013-09-25,24,Repaid,HDFC Bank
REC002169,PER00803,Gold Loan,23,2022-06-09,48,Active,LIC Housing Finance
REC002170,PER00804,Car Loan,133,2021-03-14,48,Active,PNB
REC002171,PER00804,Personal Loan,28,2014-02-13,48,Defaulted,Bank of Baroda
REC002172,PER00804,Personal Loan,82,2014-02-08,48,Repaid,IndusInd Bank
REC002173,PER00805,Personal Loan,51,2023-09-13,48,Defaulted,SBI
REC002174,PER00805,Business Loan,240,2013-11-10,60,Repaid,IDBI Bank
REC002175,PER00805,Personal Loan,32,2023-01-01,48,Defaulted,SBI
REC002176,PER00807,Personal Loan,61,2025-07-01,24,Defaulted,SBI
REC002177,PER00807,Personal Loan,19,2010-05-07,60,Repaid,Kotak Mahindra
REC002178,PER00808,Car Loan,41,2024-11-24,84,Active,ICICI Bank
REC002179,PER00808,Home Loan,111,2020-07-13,300,Defaulted,IndusInd Bank
REC002180,PER00808,Gold Loan,10,2020-01-24,60,Repaid,Tata Capital
REC002181,PER00808,Education Loan,57,2018-03-25,36,Repaid,Yes Bank
REC002182,PER00808,Car Loan,39,2020-02-17,60,Repaid,Axis Bank
REC002183,PER00808,Education Loan,60,2012-12-28,60,Repaid,IDBI Bank
REC002184,PER00808,Consumer Durable Loan,4,2024-07-15,36,Repaid,IndusInd Bank
REC002185,PER00808,Home Loan,114,2016-02-14,300,Repaid,PNB
REC002186,PER00809,Education Loan,24,2022-05-21,84,Repaid,Kotak Mahindra
REC002187,PER00809,Personal Loan,57,2025-02-15,48,Defaulted,Tata Capital
REC002188,PER00809,Personal Loan,15,2010-09-08,24,Active,Yes Bank
REC002189,PER00810,Car Loan,91,2023-10-08,48,Active,IndusInd Bank
REC002190,PER00810,Personal Loan,31,2011-04-04,48,Repaid,IndusInd Bank
REC002191,PER00811,Home Loan,339,2014-03-28,300,Active,LIC Housing Finance
REC002192,PER00811,Home Loan,331,2019-04-02,180,Repaid,SBI
REC002193,PER00811,Personal Loan,36,2025-10-17,36,Active,Tata Capital
REC002194,PER00811,Personal Loan,32,2024-01-27,36,Active,Bank of Baroda
REC002195,PER00812,Home Loan,289,2025-08-19,240,Defaulted,Bajaj Finserv
REC002196,PER00812,Business Loan,48,2016-01-13,48,Defaulted,Union Bank
REC002197,PER00814,Car Loan,59,2014-07-21,48,Repaid,Kotak Mahindra
REC002198,PER00814,Education Loan,36,2017-08-07,36,Active,Union Bank
REC002199,PER00816,Home Loan,335,2011-02-04,300,Defaulted,Axis Bank
REC002200,PER00816,Personal Loan,48,2018-03-03,60,Defaulted,ICICI Bank
REC002201,PER00817,Personal Loan,43,2016-03-09,60,Repaid,SBI
REC002202,PER00818,Car Loan,35,2023-11-24,60,Active,LIC Housing Finance
REC002203,PER00818,Home Loan,150,2018-09-11,240,Active,Union Bank
REC002204,PER00818,Home Loan,215,2010-12-03,180,Repaid,HDFC Bank
REC002205,PER00818,Gold Loan,12,2023-10-20,24,Defaulted,HDFC Bank
REC002206,PER00819,Personal Loan,13,2019-04-07,36,Repaid,Bank of Baroda
REC002207,PER00819,Home Loan,142,2019-02-12,360,Defaulted,Axis Bank
REC002208,PER00819,Gold Loan,5,2023-06-28,12,Repaid,SBI
REC002209,PER00820,Business Loan,113,2013-12-14,36,Active,PNB
REC002210,PER00820,Personal Loan,55,2010-01-13,24,Repaid,Union Bank
REC002211,PER00820,Two-Wheeler Loan,8,2018-01-18,60,Active,IDBI Bank
REC002212,PER00821,Home Loan,61,2020-05-19,240,Repaid,Kotak Mahindra
REC002213,PER00821,Personal Loan,19,2013-05-12,24,Repaid,IndusInd Bank
REC002214,PER00821,Home Loan,260,2010-08-19,180,Repaid,Bank of Baroda
REC002215,PER00821,Home Loan,130,2013-09-03,180,Active,HDFC Bank
REC002216,PER00821,Car Loan,65,2016-02-07,48,Defaulted,Tata Capital
REC002217,PER00821,Personal Loan,14,2023-06-25,24,Repaid,Canara Bank
REC002218,PER00821,Personal Loan,100,2010-04-28,24,Repaid,Kotak Mahindra
REC002219,PER00822,Home Loan,344,2013-10-06,360,Repaid,Tata Capital
REC002220,PER00822,Car Loan,49,2015-11-14,48,Defaulted,Canara Bank
REC002221,PER00822,Car Loan,51,2023-03-19,60,Active,Kotak Mahindra
REC002222,PER00822,Car Loan,37,2023-06-15,36,Repaid,Canara Bank
REC002223,PER00822,Education Loan,50,2022-05-23,84,Repaid,IDBI Bank
REC002224,PER00822,Home Loan,156,2010-07-15,180,Active,ICICI Bank
REC002225,PER00824,Personal Loan,16,2016-08-26,24,Active,PNB
REC002226,PER00825,Home Loan,152,2013-05-12,300,Active,IndusInd Bank
REC002227,PER00825,Home Loan,175,2024-07-27,240,Repaid,LIC Housing Finance
REC002228,PER00825,Home Loan,181,2015-02-28,300,Repaid,Kotak Mahindra
REC002229,PER00825,Personal Loan,55,2014-12-04,12,Defaulted,LIC Housing Finance
REC002230,PER00827,Personal Loan,25,2019-02-03,60,Repaid,ICICI Bank
REC002231,PER00828,Home Loan,273,2019-04-23,360,Active,IndusInd Bank
REC002232,PER00828,Home Loan,290,2017-11-16,180,Repaid,PNB
REC002233,PER00828,Gold Loan,11,2025-12-19,60,Repaid,PNB
REC002234,PER00829,Car Loan,42,2014-10-05,84,Repaid,IndusInd Bank
REC002235,PER00829,Education Loan,43,2014-03-19,84,Defaulted,Kotak Mahindra
REC002236,PER00830,Consumer Durable Loan,12,2016-01-03,24,Repaid,IDBI Bank
REC002237,PER00830,Car Loan,42,2013-11-17,48,Repaid,Axis Bank
REC002238,PER00830,Home Loan,174,2016-02-08,240,Active,Union Bank
REC002239,PER00830,Car Loan,102,2019-02-26,36,Defaulted,Bajaj Finserv
REC002240,PER00830,Education Loan,45,2023-04-28,60,Repaid,Union Bank
REC002241,PER00830,Education Loan,37,2014-04-12,84,Defaulted,ICICI Bank
REC002242,PER00831,Gold Loan,4,2023-02-13,48,Repaid,IDBI Bank
REC002243,PER00831,Personal Loan,34,2022-11-08,36,Repaid,HDFC Bank
REC002244,PER00831,Personal Loan,55,2022-06-24,48,Repaid,Tata Capital
REC002245,PER00831,Business Loan,163,2022-01-18,24,Active,Yes Bank
REC002246,PER00832,Two-Wheeler Loan,6,2018-03-12,36,Defaulted,Canara Bank
REC002247,PER00832,Gold Loan,19,2023-12-18,12,Repaid,LIC Housing Finance
REC002248,PER00832,Gold Loan,21,2020-04-15,60,Repaid,Tata Capital
REC002249,PER00832,Car Loan,122,2011-12-16,60,Repaid,Union Bank
REC002250,PER00832,Home Loan,212,2017-09-22,240,Repaid,Tata Capital
REC002251,PER00833,Gold Loan,21,2023-07-12,60,Active,PNB
REC002252,PER00833,Personal Loan,34,2017-07-11,36,Repaid,Bank of Baroda
REC002253,PER00833,Personal Loan,29,2013-05-08,36,Active,LIC Housing Finance
REC002254,PER00833,Car Loan,91,2016-03-14,48,Active,LIC Housing Finance
REC002255,PER00834,Personal Loan,84,2014-04-15,48,Active,PNB
REC002256,PER00835,Education Loan,23,2020-03-28,36,Active,Bank of Baroda
REC002257,PER00835,Car Loan,73,2011-11-25,48,Repaid,Bank of Baroda
REC002258,PER00835,Two-Wheeler Loan,4,2012-01-04,48,Repaid,LIC Housing Finance
REC002259,PER00835,Education Loan,34,2010-10-28,48,Active,Bajaj Finserv
REC002260,PER00835,Education Loan,150,2021-05-14,84,Active,ICICI Bank
REC002261,PER00835,Home Loan,69,2017-10-27,120,Active,Axis Bank
REC002262,PER00836,Education Loan,56,2019-09-13,60,Repaid,ICICI Bank
REC002263,PER00837,Education Loan,50,2021-05-16,60,Repaid,IDBI Bank
REC002264,PER00837,Home Loan,245,2025-08-06,360,Repaid,SBI
REC002265,PER00837,Home Loan,142,2024-12-11,300,Active,Kotak Mahindra
REC002266,PER00837,Home Loan,70,2024-04-12,240,Active,LIC Housing Finance
REC002267,PER00837,Education Loan,68,2025-02-15,60,Repaid,Union Bank
REC002268,PER00838,Consumer Durable Loan,10,2016-07-09,48,Active,Axis Bank
REC002269,PER00838,Home Loan,201,2014-05-17,240,Active,Tata Capital
REC002270,PER00838,Personal Loan,56,2017-05-10,48,Repaid,Canara Bank
REC002271,PER00838,Business Loan,43,2012-07-02,12,Repaid,PNB
REC002272,PER00840,Personal Loan,33,2024-03-13,60,Defaulted,HDFC Bank
REC002273,PER00840,Personal Loan,18,2014-11-04,60,Repaid,Kotak Mahindra
REC002274,PER00840,Business Loan,55,2021-09-12,60,Repaid,Kotak Mahindra
REC002275,PER00841,Education Loan,84,2023-05-27,84,Repaid,Union Bank
REC002276,PER00841,Personal Loan,59,2021-02-18,12,Repaid,SBI
REC002277,PER00842,Education Loan,26,2010-03-04,84,Active,IndusInd Bank
REC002278,PER00842,Home Loan,325,2019-08-24,120,Repaid,LIC Housing Finance
REC002279,PER00842,Home Loan,103,2023-07-26,180,Repaid,Axis Bank
REC002280,PER00842,Personal Loan,91,2012-01-08,36,Repaid,HDFC Bank
REC002281,PER00843,Personal Loan,19,2019-03-09,12,Repaid,Canara Bank
REC002282,PER00843,Personal Loan,36,2010-11-28,24,Repaid,SBI
REC002283,PER00843,Home Loan,180,2019-07-16,300,Repaid,Bank of Baroda
REC002284,PER00843,Car Loan,33,2024-07-20,84,Active,IDBI Bank
REC002285,PER00843,Home Loan,145,2018-06-23,180,Repaid,Tata Capital
REC002286,PER00844,Car Loan,50,2025-04-10,36,Active,PNB
REC002287,PER00844,Personal Loan,12,2016-01-02,36,Repaid,LIC Housing Finance
REC002288,PER00845,Education Loan,72,2022-02-20,84,Repaid,HDFC Bank
REC002289,PER00845,Home Loan,90,2014-12-28,240,Active,HDFC Bank
REC002290,PER00845,Consumer Durable Loan,5,2014-02-24,60,Active,Tata Capital
REC002291,PER00845,Home Loan,293,2023-03-07,300,Defaulted,Union Bank
REC002292,PER00846,Home Loan,193,2013-02-07,120,Defaulted,Axis Bank
REC002293,PER00846,Car Loan,47,2024-04-03,84,Repaid,Axis Bank
REC002294,PER00846,Education Loan,43,2014-11-17,36,Repaid,LIC Housing Finance
REC002295,PER00846,Home Loan,354,2023-11-09,240,Repaid,Canara Bank
REC002296,PER00847,Home Loan,92,2021-07-26,240,Defaulted,Tata Capital
REC002297,PER00849,Personal Loan,14,2012-02-15,48,Defaulted,Kotak Mahindra
REC002298,PER00849,Home Loan,140,2022-04-01,180,Defaulted,Axis Bank
REC002299,PER00849,Car Loan,151,2020-10-10,48,Repaid,IDBI Bank
REC002300,PER00849,Business Loan,121,2023-11-24,48,Repaid,LIC Housing Finance
REC002301,PER00849,Education Loan,38,2021-02-08,60,Repaid,IndusInd Bank
REC002302,PER00850,Home Loan,330,2024-12-13,360,Repaid,Bajaj Finserv
REC002303,PER00850,Consumer Durable Loan,3,2012-08-19,60,Defaulted,Bank of Baroda
REC002304,PER00850,Personal Loan,31,2017-08-17,60,Defaulted,IDBI Bank
REC002305,PER00850,Personal Loan,23,2010-08-06,36,Defaulted,IDBI Bank
REC002306,PER00851,Car Loan,54,2021-05-25,60,Repaid,Canara Bank
REC002307,PER00851,Home Loan,182,2010-11-24,180,Repaid,IndusInd Bank
REC002308,PER00851,Personal Loan,100,2010-11-16,48,Active,IndusInd Bank
REC002309,PER00852,Home Loan,479,2017-03-19,180,Active,IDBI Bank
REC002310,PER00852,Personal Loan,41,2022-07-26,60,Defaulted,Bank of Baroda
REC002311,PER00853,Car Loan,53,2014-06-15,48,Repaid,PNB
REC002312,PER00853,Car Loan,47,2010-12-16,36,Active,SBI
REC002313,PER00854,Business Loan,58,2013-01-22,60,Repaid,Tata Capital
REC002314,PER00854,Personal Loan,29,2018-12-27,60,Defaulted,Kotak Mahindra
REC002315,PER00855,Personal Loan,15,2016-07-20,60,Repaid,Union Bank
REC002316,PER00855,Personal Loan,38,2021-04-23,60,Active,Kotak Mahindra
REC002317,PER00855,Car Loan,54,2019-02-21,84,Repaid,ICICI Bank
REC002318,PER00855,Business Loan,102,2020-08-12,36,Active,Yes Bank
REC002319,PER00855,Personal Loan,31,2015-07-13,36,Repaid,SBI
REC002320,PER00855,Car Loan,38,2022-12-21,60,Active,IDBI Bank
REC002321,PER00855,Home Loan,377,2019-05-16,120,Repaid,Bajaj Finserv
REC002322,PER00856,Personal Loan,22,2012-05-21,24,Repaid,Yes Bank
REC002323,PER00856,Gold Loan,7,2025-06-23,24,Defaulted,Kotak Mahindra
REC002324,PER00858,Personal Loan,7,2023-03-17,48,Defaulted,Axis Bank
REC002325,PER00858,Gold Loan,25,2010-10-12,12,Defaulted,HDFC Bank
REC002326,PER00858,Car Loan,48,2012-03-05,60,Defaulted,PNB
REC002327,PER00858,Personal Loan,100,2018-05-04,24,Defaulted,Bank of Baroda
REC002328,PER00858,Personal Loan,26,2014-04-23,60,Repaid,Bajaj Finserv
REC002329,PER00859,Personal Loan,42,2014-01-08,48,Active,PNB
REC002330,PER00859,Personal Loan,16,2014-04-13,36,Repaid,Axis Bank
REC002331,PER00859,Business Loan,163,2020-05-14,36,Repaid,Kotak Mahindra
REC002332,PER00859,Personal Loan,33,2010-05-28,48,Active,Bajaj Finserv
REC002333,PER00859,Car Loan,58,2010-03-06,36,Repaid,LIC Housing Finance
REC002334,PER00861,Consumer Durable Loan,11,2011-01-05,36,Repaid,Canara Bank
REC002335,PER00861,Education Loan,70,2024-09-16,48,Repaid,LIC Housing Finance
REC002336,PER00861,Home Loan,151,2011-05-11,120,Repaid,HDFC Bank
REC002337,PER00861,Education Loan,27,2018-06-18,60,Repaid,SBI
REC002338,PER00861,Personal Loan,44,2012-11-04,24,Repaid,Yes Bank
REC002339,PER00861,Gold Loan,10,2016-12-08,60,Repaid,PNB
REC002340,PER00862,Personal Loan,22,2022-12-19,36,Active,Bajaj Finserv
REC002341,PER00863,Car Loan,42,2018-10-11,60,Active,Bajaj Finserv
REC002342,PER00864,Home Loan,120,2015-10-17,180,Defaulted,Union Bank
REC002343,PER00864,Car Loan,94,2013-04-04,60,Active,HDFC Bank
REC002344,PER00864,Personal Loan,7,2012-11-01,12,Defaulted,SBI
REC002345,PER00864,Education Loan,52,2022-08-11,36,Repaid,Bank of Baroda
REC002346,PER00865,Car Loan,42,2021-04-19,84,Active,Kotak Mahindra
REC002347,PER00865,Car Loan,46,2014-11-17,60,Active,Canara Bank
REC002348,PER00866,Car Loan,51,2023-04-04,60,Repaid,PNB
REC002349,PER00866,Two-Wheeler Loan,18,2012-11-23,12,Active,Bank of Baroda
REC002350,PER00867,Education Loan,34,2025-11-22,36,Repaid,SBI
REC002351,PER00867,Car Loan,35,2012-08-01,48,Repaid,Tata Capital
REC002352,PER00868,Business Loan,132,2024-03-22,48,Repaid,Canara Bank
REC002353,PER00868,Home Loan,200,2017-06-02,360,Defaulted,ICICI Bank
REC002354,PER00868,Education Loan,38,2021-03-16,48,Defaulted,Axis Bank
REC002355,PER00869,Home Loan,113,2018-11-04,360,Active,IDBI Bank
REC002356,PER00869,Car Loan,102,2022-10-03,36,Active,IndusInd Bank
REC002357,PER00869,Home Loan,142,2025-03-16,180,Repaid,IDBI Bank
REC002358,PER00869,Gold Loan,5,2025-05-01,48,Repaid,Tata Capital
REC002359,PER00869,Car Loan,42,2023-06-19,84,Active,IDBI Bank
REC002360,PER00870,Home Loan,104,2016-06-15,180,Repaid,Bajaj Finserv
REC002361,PER00870,Personal Loan,100,2019-02-04,48,Repaid,Bank of Baroda
REC002362,PER00870,Home Loan,180,2012-10-01,240,Active,Bajaj Finserv
REC002363,PER00871,Education Loan,27,2013-09-18,60,Active,PNB
REC002364,PER00871,Home Loan,166,2017-03-07,240,Defaulted,Yes Bank
REC002365,PER00871,Two-Wheeler Loan,4,2013-08-22,60,Defaulted,PNB
REC002366,PER00872,Business Loan,100,2019-06-01,12,Repaid,IndusInd Bank
REC002367,PER00872,Consumer Durable Loan,7,2014-04-08,12,Active,HDFC Bank
REC002368,PER00873,Personal Loan,14,2020-12-11,60,Repaid,Tata Capital
REC002369,PER00873,Personal Loan,51,2017-06-19,60,Active,SBI
REC002370,PER00873,Personal Loan,9,2018-11-13,24,Active,LIC Housing Finance
REC002371,PER00873,Personal Loan,64,2024-10-18,36,Repaid,ICICI Bank
REC002372,PER00873,Home Loan,203,2025-02-22,300,Repaid,Axis Bank
REC002373,PER00873,Consumer Durable Loan,6,2011-10-03,12,Repaid,Bajaj Finserv
REC002374,PER00874,Personal Loan,23,2011-08-18,24,Active,Union Bank
REC002375,PER00874,Gold Loan,38,2021-03-07,36,Repaid,LIC Housing Finance
REC002376,PER00875,Home Loan,300,2016-11-18,180,Repaid,PNB
REC002377,PER00877,Personal Loan,25,2016-10-19,24,Repaid,Union Bank
REC002378,PER00877,Business Loan,142,2021-09-24,24,Repaid,Kotak Mahindra
REC002379,PER00877,Education Loan,49,2025-05-07,84,Defaulted,LIC Housing Finance
REC002380,PER00877,Business Loan,197,2021-06-20,48,Active,IndusInd Bank
REC002381,PER00877,Car Loan,46,2022-06-19,84,Defaulted,LIC Housing Finance
REC002382,PER00877,Car Loan,74,2020-07-14,84,Repaid,Bajaj Finserv
REC002383,PER00877,Personal Loan,88,2012-10-05,48,Active,IndusInd Bank
REC002384,PER00877,Car Loan,37,2012-05-24,60,Repaid,Tata Capital
REC002385,PER00878,Gold Loan,9,2014-04-28,60,Active,IndusInd Bank
REC002386,PER00879,Personal Loan,39,2013-08-12,36,Active,IndusInd Bank
REC002387,PER00879,Consumer Durable Loan,7,2021-07-17,48,Active,HDFC Bank
REC002388,PER00879,Home Loan,257,2024-01-11,120,Repaid,Tata Capital
REC002389,PER00879,Car Loan,81,2021-03-13,36,Repaid,Axis Bank
REC002390,PER00879,Education Loan,103,2024-11-23,60,Active,Bajaj Finserv
REC002391,PER00880,Car Loan,45,2016-08-23,48,Repaid,SBI
REC002392,PER00880,Home Loan,76,2012-03-10,300,Repaid,SBI
REC002393,PER00880,Car Loan,91,2015-06-13,84,Active,Union Bank
REC002394,PER00880,Two-Wheeler Loan,6,2018-11-20,48,Active,Canara Bank
REC002395,PER00882,Business Loan,26,2013-04-10,12,Repaid,Kotak Mahindra
REC002396,PER00882,Gold Loan,16,2021-11-17,36,Repaid,ICICI Bank
REC002397,PER00882,Home Loan,253,2023-12-16,300,Repaid,ICICI Bank
REC002398,PER00882,Car Loan,46,2022-05-10,48,Active,IndusInd Bank
REC002399,PER00882,Education Loan,51,2023-09-16,48,Repaid,Bank of Baroda
REC002400,PER00883,Home Loan,136,2016-05-18,300,Repaid,HDFC Bank
REC002401,PER00883,Car Loan,22,2019-12-08,60,Defaulted,ICICI Bank
REC002402,PER00884,Personal Loan,7,2013-12-13,24,Defaulted,Kotak Mahindra
REC002403,PER00884,Home Loan,114,2020-02-04,120,Repaid,Tata Capital
REC002404,PER00886,Personal Loan,43,2018-08-02,24,Repaid,PNB
REC002405,PER00886,Gold Loan,22,2010-10-05,12,Repaid,Bank of Baroda
REC002406,PER00886,Home Loan,278,2021-08-04,180,Defaulted,SBI
REC002407,PER00887,Home Loan,104,2025-04-22,300,Repaid,IDBI Bank
REC002408,PER00887,Education Loan,31,2025-06-12,48,Repaid,Bajaj Finserv
REC002409,PER00887,Education Loan,63,2018-06-07,36,Defaulted,SBI
REC002410,PER00887,Car Loan,43,2021-01-02,60,Active,HDFC Bank
REC002411,PER00888,Personal Loan,10,2023-09-02,48,Repaid,ICICI Bank
REC002412,PER00889,Home Loan,248,2017-04-18,360,Repaid,HDFC Bank
REC002413,PER00889,Education Loan,50,2021-02-21,48,Repaid,LIC Housing Finance
REC002414,PER00889,Personal Loan,23,2015-01-17,24,Active,Union Bank
REC002415,PER00890,Car Loan,40,2021-04-25,48,Active,Kotak Mahindra
REC002416,PER00890,Home Loan,135,2019-04-24,180,Repaid,IDBI Bank
REC002417,PER00890,Car Loan,34,2020-04-04,36,Repaid,Bajaj Finserv
REC002418,PER00891,Personal Loan,12,2017-03-18,12,Repaid,Union Bank
REC002419,PER00891,Gold Loan,3,2019-09-17,60,Active,PNB
REC002420,PER00891,Education Loan,60,2011-10-25,36,Repaid,Kotak Mahindra
REC002421,PER00892,Two-Wheeler Loan,4,2012-08-16,60,Repaid,Bank of Baroda
REC002422,PER00892,Car Loan,103,2014-06-18,48,Active,HDFC Bank
REC002423,PER00892,Gold Loan,16,2013-05-26,24,Repaid,Canara Bank
REC002424,PER00892,Car Loan,27,2013-10-26,36,Repaid,IndusInd Bank
REC002425,PER00892,Personal Loan,28,2024-05-05,36,Active,ICICI Bank
REC002426,PER00893,Home Loan,99,2022-06-09,180,Active,LIC Housing Finance
REC002427,PER00893,Home Loan,92,2024-06-19,360,Defaulted,Axis Bank
REC002428,PER00894,Personal Loan,54,2012-06-05,12,Repaid,PNB
REC002429,PER00894,Personal Loan,29,2010-04-10,36,Active,Axis Bank
REC002430,PER00894,Home Loan,125,2010-01-27,180,Repaid,Yes Bank
REC002431,PER00895,Personal Loan,35,2010-02-04,48,Repaid,IDBI Bank
REC002432,PER00895,Education Loan,66,2018-03-23,84,Repaid,Union Bank
REC002433,PER00895,Personal Loan,35,2017-06-14,60,Repaid,Kotak Mahindra
REC002434,PER00896,Two-Wheeler Loan,12,2017-08-22,36,Repaid,Kotak Mahindra
REC002435,PER00896,Home Loan,283,2014-03-22,300,Repaid,Bank of Baroda
REC002436,PER00897,Home Loan,123,2021-07-18,360,Repaid,IndusInd Bank
REC002437,PER00897,Car Loan,97,2012-09-06,60,Repaid,Tata Capital
REC002438,PER00897,Home Loan,125,2025-01-19,360,Repaid,SBI
REC002439,PER00897,Home Loan,54,2011-04-22,120,Repaid,Axis Bank
REC002440,PER00898,Two-Wheeler Loan,2,2010-11-12,24,Repaid,Bajaj Finserv
REC002441,PER00898,Home Loan,115,2025-05-08,120,Repaid,Kotak Mahindra
REC002442,PER00899,Home Loan,368,2018-03-11,300,Active,Kotak Mahindra
REC002443,PER00899,Business Loan,104,2014-07-04,60,Defaulted,LIC Housing Finance
REC002444,PER00899,Home Loan,171,2012-09-22,240,Repaid,Kotak Mahindra
REC002445,PER00899,Gold Loan,33,2020-02-06,60,Repaid,SBI
REC002446,PER00899,Gold Loan,10,2015-11-06,12,Repaid,Tata Capital
REC002447,PER00900,Education Loan,24,2021-04-01,48,Repaid,LIC Housing Finance
REC002448,PER00900,Personal Loan,58,2015-02-16,60,Repaid,IndusInd Bank
REC002449,PER00900,Consumer Durable Loan,7,2020-03-05,24,Repaid,Union Bank
REC002450,PER00900,Business Loan,184,2023-05-21,24,Repaid,HDFC Bank
REC002451,PER00901,Home Loan,85,2022-02-13,180,Repaid,IndusInd Bank
REC002452,PER00902,Two-Wheeler Loan,10,2023-04-15,12,Repaid,Yes Bank
REC002453,PER00902,Personal Loan,52,2016-04-21,24,Active,PNB
REC002454,PER00903,Car Loan,54,2013-07-26,84,Active,Yes Bank
REC002455,PER00905,Personal Loan,30,2023-07-25,12,Active,Yes Bank
REC002456,PER00906,Personal Loan,22,2025-08-17,60,Repaid,Axis Bank
REC002457,PER00906,Home Loan,195,2021-04-07,240,Repaid,Axis Bank
REC002458,PER00906,Personal Loan,40,2024-04-22,60,Active,Tata Capital
REC002459,PER00906,Car Loan,48,2010-03-23,60,Repaid,ICICI Bank
REC002460,PER00907,Consumer Durable Loan,5,2010-11-01,24,Active,IDBI Bank
REC002461,PER00907,Home Loan,134,2020-08-18,300,Defaulted,SBI
REC002462,PER00907,Two-Wheeler Loan,3,2013-05-20,48,Active,LIC Housing Finance
REC002463,PER00907,Gold Loan,6,2023-10-14,24,Repaid,IndusInd Bank
REC002464,PER00908,Personal Loan,28,2018-07-28,12,Active,Bajaj Finserv
REC002465,PER00908,Home Loan,331,2023-02-05,120,Defaulted,HDFC Bank
REC002466,PER00908,Home Loan,115,2011-12-04,360,Defaulted,Kotak Mahindra
REC002467,PER00909,Home Loan,88,2014-05-11,240,Active,IndusInd Bank
REC002468,PER00909,Personal Loan,53,2011-08-09,24,Active,SBI
REC002469,PER00909,Personal Loan,37,2012-01-13,48,Repaid,Yes Bank
REC002470,PER00910,Personal Loan,35,2016-11-09,60,Repaid,Canara Bank
REC002471,PER00910,Consumer Durable Loan,10,2024-12-02,12,Repaid,Bank of Baroda
REC002472,PER00910,Personal Loan,49,2025-08-09,24,Repaid,LIC Housing Finance
REC002473,PER00910,Consumer Durable Loan,9,2014-08-07,12,Repaid,Union Bank
REC002474,PER00910,Gold Loan,15,2015-07-15,24,Active,IndusInd Bank
REC002475,PER00911,Education Loan,69,2019-09-22,84,Active,SBI
REC002476,PER00912,Education Loan,33,2014-08-09,36,Active,Bajaj Finserv
REC002477,PER00913,Home Loan,297,2010-07-12,360,Repaid,HDFC Bank
REC002478,PER00914,Home Loan,175,2011-04-18,300,Defaulted,Tata Capital
REC002479,PER00914,Personal Loan,21,2022-05-11,48,Defaulted,Canara Bank
REC002480,PER00914,Personal Loan,35,2024-09-20,24,Repaid,Yes Bank
REC002481,PER00914,Car Loan,43,2014-12-22,84,Repaid,Bank of Baroda
REC002482,PER00915,Personal Loan,22,2024-11-05,36,Repaid,ICICI Bank
REC002483,PER00915,Personal Loan,48,2016-11-18,48,Active,Union Bank
REC002484,PER00915,Home Loan,203,2011-03-09,300,Repaid,Union Bank
REC002485,PER00915,Home Loan,105,2016-07-21,300,Defaulted,SBI
REC002486,PER00917,Business Loan,57,2011-05-12,60,Active,Tata Capital
REC002487,PER00917,Home Loan,241,2017-08-04,300,Repaid,LIC Housing Finance
REC002488,PER00918,Education Loan,23,2025-08-21,36,Active,PNB
REC002489,PER00918,Business Loan,109,2013-11-07,48,Repaid,HDFC Bank
REC002490,PER00918,Home Loan,161,2010-06-21,180,Defaulted,ICICI Bank
REC002491,PER00918,Home Loan,309,2021-11-08,180,Defaulted,Bajaj Finserv
REC002492,PER00918,Business Loan,176,2011-11-09,36,Active,Axis Bank
REC002493,PER00918,Business Loan,187,2019-08-12,60,Defaulted,SBI
REC002494,PER00918,Personal Loan,20,2023-05-09,12,Defaulted,ICICI Bank
REC002495,PER00919,Home Loan,188,2011-05-14,120,Repaid,Kotak Mahindra
REC002496,PER00919,Business Loan,77,2015-02-17,48,Repaid,Axis Bank
REC002497,PER00919,Education Loan,58,2015-11-21,36,Repaid,Canara Bank
REC002498,PER00920,Two-Wheeler Loan,11,2019-03-05,12,Defaulted,IDBI Bank
REC002499,PER00921,Car Loan,41,2014-12-01,36,Defaulted,Canara Bank
REC002500,PER00922,Home Loan,254,2010-03-17,360,Repaid,IDBI Bank
REC002501,PER00922,Car Loan,24,2012-09-24,84,Repaid,PNB
REC002502,PER00922,Personal Loan,37,2023-08-17,48,Repaid,Bajaj Finserv
REC002503,PER00922,Education Loan,75,2019-11-02,48,Defaulted,IndusInd Bank
REC002504,PER00923,Personal Loan,34,2025-04-23,60,Active,Yes Bank
REC002505,PER00923,Education Loan,55,2022-07-08,84,Repaid,Canara Bank
REC002506,PER00924,Home Loan,313,2012-05-14,300,Repaid,PNB
REC002507,PER00924,Gold Loan,9,2025-12-26,24,Repaid,IDBI Bank
REC002508,PER00925,Education Loan,32,2024-10-03,84,Repaid,HDFC Bank
REC002509,PER00926,Education Loan,24,2018-09-03,84,Repaid,Yes Bank
REC002510,PER00926,Home Loan,301,2012-05-22,120,Defaulted,IndusInd Bank
REC002511,PER00927,Personal Loan,26,2024-02-03,60,Repaid,ICICI Bank
REC002512,PER00927,Education Loan,52,2013-03-26,36,Repaid,Kotak Mahindra
REC002513,PER00927,Education Loan,52,2023-08-10,36,Active,Bajaj Finserv
REC002514,PER00928,Home Loan,253,2010-01-14,120,Repaid,SBI
REC002515,PER00929,Personal Loan,20,2012-10-26,60,Defaulted,LIC Housing Finance
REC002516,PER00929,Home Loan,207,2020-06-02,240,Active,Union Bank
REC002517,PER00929,Personal Loan,60,2021-04-16,48,Active,Kotak Mahindra
REC002518,PER00929,Home Loan,197,2014-06-14,240,Active,Bajaj Finserv
REC002519,PER00930,Home Loan,233,2014-11-03,120,Defaulted,Yes Bank
REC002520,PER00930,Education Loan,71,2016-07-05,48,Defaulted,Bajaj Finserv
REC002521,PER00930,Home Loan,360,2011-04-28,120,Active,IndusInd Bank
REC002522,PER00930,Two-Wheeler Loan,4,2011-03-14,60,Repaid,Tata Capital
REC002523,PER00930,Home Loan,96,2010-01-28,360,Defaulted,SBI
REC002524,PER00931,Education Loan,76,2011-12-13,36,Defaulted,ICICI Bank
REC002525,PER00931,Gold Loan,18,2019-05-05,36,Defaulted,IndusInd Bank
REC002526,PER00931,Home Loan,139,2024-04-09,180,Defaulted,Bank of Baroda
REC002527,PER00932,Car Loan,30,2020-07-12,84,Active,PNB
REC002528,PER00934,Home Loan,392,2020-08-28,360,Active,HDFC Bank
REC002529,PER00934,Personal Loan,36,2020-12-18,36,Repaid,Yes Bank
REC002530,PER00935,Personal Loan,48,2021-05-22,24,Active,HDFC Bank
REC002531,PER00935,Home Loan,464,2013-05-07,360,Active,LIC Housing Finance
REC002532,PER00935,Home Loan,207,2025-08-03,240,Repaid,Kotak Mahindra
REC002533,PER00936,Car Loan,42,2024-12-24,84,Active,Yes Bank
REC002534,PER00937,Car Loan,82,2021-03-12,84,Repaid,Canara Bank
REC002535,PER00938,Consumer Durable Loan,6,2019-04-26,48,Active,IDBI Bank
REC002536,PER00938,Personal Loan,36,2016-05-07,12,Repaid,Yes Bank
REC002537,PER00938,Home Loan,184,2020-09-22,180,Defaulted,IDBI Bank
REC002538,PER00938,Car Loan,40,2023-09-25,36,Active,LIC Housing Finance
REC002539,PER00938,Car Loan,63,2022-06-05,84,Defaulted,SBI
REC002540,PER00939,Home Loan,245,2010-08-05,360,Active,Canara Bank
REC002541,PER00939,Home Loan,205,2023-04-05,240,Repaid,Bank of Baroda
REC002542,PER00939,Car Loan,33,2023-07-15,48,Repaid,HDFC Bank
REC002543,PER00940,Education Loan,48,2023-09-17,60,Repaid,LIC Housing Finance
REC002544,PER00940,Car Loan,64,2025-12-20,36,Active,Axis Bank
REC002545,PER00941,Home Loan,154,2019-08-01,120,Active,LIC Housing Finance
REC002546,PER00941,Education Loan,34,2014-07-10,36,Repaid,ICICI Bank
REC002547,PER00941,Education Loan,75,2023-06-18,84,Active,Union Bank
REC002548,PER00942,Education Loan,58,2011-09-14,36,Repaid,Tata Capital
REC002549,PER00942,Consumer Durable Loan,6,2014-09-20,36,Active,PNB
REC002550,PER00943,Education Loan,37,2015-03-13,60,Repaid,Bank of Baroda
REC002551,PER00943,Home Loan,85,2025-04-07,300,Repaid,Axis Bank
REC002552,PER00943,Home Loan,310,2015-01-20,120,Repaid,Bank of Baroda
REC002553,PER00943,Education Loan,15,2016-04-17,84,Active,Yes Bank
REC002554,PER00943,Education Loan,34,2010-09-17,48,Active,SBI
REC002555,PER00943,Personal Loan,16,2016-07-11,24,Active,SBI
REC002556,PER00943,Personal Loan,39,2023-01-20,48,Repaid,Canara Bank
REC002557,PER00944,Home Loan,334,2021-12-01,120,Repaid,PNB
REC002558,PER00945,Car Loan,113,2015-01-27,84,Repaid,SBI
REC002559,PER00945,Personal Loan,40,2024-04-21,24,Active,PNB
REC002560,PER00945,Personal Loan,14,2021-12-02,12,Repaid,LIC Housing Finance
REC002561,PER00945,Business Loan,349,2019-04-03,12,Repaid,IDBI Bank
REC002562,PER00946,Car Loan,87,2021-04-02,36,Repaid,Bajaj Finserv
REC002563,PER00946,Education Loan,38,2012-07-01,84,Repaid,Axis Bank
REC002564,PER00946,Car Loan,25,2015-03-22,48,Repaid,Tata Capital
REC002565,PER00947,Education Loan,21,2020-08-05,36,Repaid,Axis Bank
REC002566,PER00948,Education Loan,69,2011-05-11,84,Repaid,Tata Capital
REC002567,PER00948,Gold Loan,7,2017-01-12,36,Repaid,PNB
REC002568,PER00948,Education Loan,17,2021-05-03,36,Defaulted,PNB
REC002569,PER00948,Car Loan,57,2021-11-12,60,Repaid,IndusInd Bank
REC002570,PER00948,Personal Loan,16,2018-11-03,60,Repaid,ICICI Bank
REC002571,PER00949,Home Loan,321,2016-07-09,360,Repaid,PNB
REC002572,PER00949,Personal Loan,27,2020-08-24,24,Repaid,Union Bank
REC002573,PER00949,Car Loan,29,2010-05-23,36,Repaid,ICICI Bank
REC002574,PER00949,Home Loan,137,2021-02-17,120,Defaulted,PNB
REC002575,PER00950,Education Loan,41,2023-07-03,60,Repaid,Union Bank
REC002576,PER00950,Home Loan,175,2025-03-11,360,Repaid,ICICI Bank
REC002577,PER00951,Home Loan,250,2023-02-06,120,Repaid,SBI
REC002578,PER00951,Business Loan,156,2015-01-10,24,Defaulted,Tata Capital
REC002579,PER00951,Car Loan,59,2010-10-18,84,Active,HDFC Bank
REC002580,PER00952,Home Loan,233,2020-07-13,180,Repaid,Canara Bank
REC002581,PER00952,Car Loan,50,2014-11-03,84,Repaid,Kotak Mahindra
REC002582,PER00952,Gold Loan,13,2025-07-14,48,Repaid,PNB
REC002583,PER00953,Personal Loan,11,2013-12-03,48,Defaulted,Canara Bank
REC002584,PER00953,Personal Loan,7,2024-10-05,12,Active,HDFC Bank
REC002585,PER00953,Two-Wheeler Loan,2,2021-03-04,48,Repaid,Kotak Mahindra
REC002586,PER00954,Personal Loan,20,2016-11-17,12,Repaid,Canara Bank
REC002587,PER00954,Car Loan,41,2023-09-03,48,Repaid,SBI
REC002588,PER00954,Two-Wheeler Loan,20,2025-04-26,60,Defaulted,SBI
REC002589,PER00955,Personal Loan,11,2018-12-12,24,Repaid,IndusInd Bank
REC002590,PER00955,Car Loan,29,2013-09-27,48,Repaid,Kotak Mahindra
REC002591,PER00955,Car Loan,53,2019-09-10,84,Defaulted,PNB
REC002592,PER00956,Education Loan,38,2022-04-27,84,Repaid,Yes Bank
REC002593,PER00956,Home Loan,251,2020-02-12,240,Repaid,LIC Housing Finance
REC002594,PER00956,Business Loan,97,2018-10-20,48,Repaid,SBI
REC002595,PER00956,Personal Loan,49,2020-01-01,60,Active,Kotak Mahindra
REC002596,PER00957,Business Loan,124,2019-04-04,48,Repaid,Union Bank
REC002597,PER00957,Personal Loan,41,2020-07-25,36,Active,IndusInd Bank
REC002598,PER00958,Gold Loan,11,2011-01-02,24,Repaid,SBI
REC002599,PER00959,Personal Loan,51,2012-08-21,24,Repaid,Yes Bank
REC002600,PER00960,Gold Loan,9,2012-08-18,36,Active,ICICI Bank
REC002601,PER00961,Gold Loan,15,2018-01-20,60,Repaid,Tata Capital
REC002602,PER00961,Education Loan,34,2012-07-02,60,Repaid,PNB
REC002603,PER00961,Personal Loan,100,2022-10-27,36,Repaid,PNB
REC002604,PER00962,Education Loan,46,2021-02-10,84,Repaid,SBI
REC002605,PER00963,Two-Wheeler Loan,5,2022-10-18,12,Repaid,IndusInd Bank
REC002606,PER00963,Home Loan,117,2018-09-03,300,Defaulted,Tata Capital
REC002607,PER00963,Business Loan,52,2012-05-28,60,Repaid,Canara Bank
REC002608,PER00963,Car Loan,51,2016-06-05,84,Repaid,Bajaj Finserv
REC002609,PER00963,Personal Loan,22,2016-06-04,12,Active,Yes Bank
REC002610,PER00965,Home Loan,273,2010-09-20,120,Repaid,HDFC Bank
REC002611,PER00965,Personal Loan,39,2011-01-26,12,Active,Tata Capital
REC002612,PER00966,Home Loan,285,2016-01-05,300,Repaid,Bank of Baroda
REC002613,PER00967,Home Loan,254,2022-11-13,180,Active,Tata Capital
REC002614,PER00967,Education Loan,25,2013-12-12,84,Active,Yes Bank
REC002615,PER00967,Personal Loan,20,2012-01-26,60,Active,Tata Capital
REC002616,PER00967,Personal Loan,46,2023-04-04,36,Repaid,Yes Bank
REC002617,PER00968,Home Loan,142,2012-06-03,300,Repaid,Union Bank
REC002618,PER00968,Home Loan,264,2020-10-01,120,Defaulted,Yes Bank
REC002619,PER00968,Car Loan,55,2016-11-20,48,Repaid,Bank of Baroda
REC002620,PER00968,Car Loan,35,2020-02-01,84,Active,IDBI Bank
REC002621,PER00969,Personal Loan,100,2014-10-01,60,Active,Canara Bank
REC002622,PER00969,Personal Loan,100,2017-10-08,60,Repaid,Bank of Baroda
REC002623,PER00969,Car Loan,41,2021-09-22,84,Repaid,Canara Bank
REC002624,PER00969,Home Loan,207,2018-10-17,120,Repaid,Canara Bank
REC002625,PER00970,Personal Loan,46,2010-07-25,36,Repaid,Kotak Mahindra
REC002626,PER00970,Personal Loan,32,2010-09-10,60,Repaid,LIC Housing Finance
REC002627,PER00971,Personal Loan,55,2025-09-11,36,Active,Bank of Baroda
REC002628,PER00971,Car Loan,13,2021-03-14,60,Defaulted,PNB
REC002629,PER00971,Home Loan,373,2019-03-13,240,Repaid,Yes Bank
REC002630,PER00971,Personal Loan,20,2023-05-19,60,Defaulted,Axis Bank
REC002631,PER00971,Two-Wheeler Loan,3,2024-07-01,60,Defaulted,Bank of Baroda
REC002632,PER00972,Personal Loan,100,2017-05-14,60,Repaid,HDFC Bank
REC002633,PER00972,Business Loan,100,2019-10-10,12,Repaid,IDBI Bank
REC002634,PER00973,Business Loan,44,2024-09-01,12,Active,IndusInd Bank
REC002635,PER00973,Car Loan,132,2018-05-16,48,Active,Axis Bank
REC002636,PER00973,Home Loan,94,2019-11-11,120,Repaid,SBI
REC002637,PER00973,Business Loan,30,2024-03-28,48,Active,IndusInd Bank
REC002638,PER00973,Gold Loan,6,2019-05-20,36,Active,Yes Bank
REC002639,PER00973,Consumer Durable Loan,13,2012-09-04,48,Defaulted,ICICI Bank
REC002640,PER00973,Car Loan,68,2016-05-06,84,Repaid,HDFC Bank
REC002641,PER00973,Consumer Durable Loan,4,2019-12-28,48,Repaid,Kotak Mahindra
REC002642,PER00974,Business Loan,156,2022-11-04,24,Active,Kotak Mahindra
REC002643,PER00974,Home Loan,231,2025-05-19,120,Defaulted,IDBI Bank
REC002644,PER00975,Consumer Durable Loan,7,2025-08-26,36,Repaid,Union Bank
REC002645,PER00975,Home Loan,340,2012-09-18,360,Active,SBI
REC002646,PER00976,Business Loan,173,2025-11-26,24,Defaulted,IDBI Bank
REC002647,PER00976,Car Loan,116,2025-07-07,48,Active,SBI
REC002648,PER00976,Business Loan,42,2022-09-20,60,Active,IDBI Bank
REC002649,PER00977,Business Loan,65,2014-04-12,60,Active,Axis Bank
REC002650,PER00977,Gold Loan,15,2014-05-28,48,Defaulted,Axis Bank
REC002651,PER00977,Personal Loan,95,2017-11-24,48,Defaulted,LIC Housing Finance
REC002652,PER00977,Personal Loan,37,2025-02-20,48,Active,Kotak Mahindra
REC002653,PER00978,Car Loan,60,2022-03-15,84,Repaid,Canara Bank
REC002654,PER00979,Personal Loan,19,2022-09-26,24,Repaid,Yes Bank
REC002655,PER00980,Personal Loan,30,2017-12-04,36,Repaid,Yes Bank
REC002656,PER00980,Home Loan,310,2025-03-08,360,Repaid,IDBI Bank
REC002657,PER00980,Car Loan,50,2016-10-27,84,Repaid,Canara Bank
REC002658,PER00981,Personal Loan,75,2023-10-05,12,Repaid,Union Bank
REC002659,PER00981,Home Loan,117,2013-03-19,240,Repaid,LIC Housing Finance
REC002660,PER00982,Home Loan,216,2011-02-24,240,Active,Union Bank
REC002661,PER00982,Consumer Durable Loan,4,2015-05-06,36,Active,PNB
REC002662,PER00982,Home Loan,287,2020-01-16,300,Repaid,ICICI Bank
REC002663,PER00983,Personal Loan,57,2019-01-11,24,Active,PNB
REC002664,PER00983,Gold Loan,17,2025-01-09,36,Repaid,Tata Capital
REC002665,PER00983,Education Loan,40,2020-02-12,60,Repaid,Yes Bank
REC002666,PER00983,Business Loan,336,2020-08-22,12,Repaid,IDBI Bank
REC002667,PER00984,Personal Loan,70,2023-02-06,60,Repaid,Bajaj Finserv
REC002668,PER00984,Home Loan,110,2023-03-23,240,Repaid,Kotak Mahindra
REC002669,PER00984,Home Loan,456,2017-08-23,360,Active,Bajaj Finserv
REC002670,PER00985,Home Loan,102,2021-12-22,360,Active,Kotak Mahindra
REC002671,PER00985,Gold Loan,10,2014-07-12,24,Active,PNB
REC002672,PER00986,Two-Wheeler Loan,7,2023-11-22,24,Defaulted,IDBI Bank
REC002673,PER00986,Personal Loan,52,2017-06-26,60,Defaulted,Axis Bank
REC002674,PER00986,Two-Wheeler Loan,6,2020-03-09,60,Active,Axis Bank
REC002675,PER00986,Home Loan,148,2017-08-28,120,Active,Tata Capital
REC002676,PER00986,Education Loan,31,2010-01-28,84,Repaid,Kotak Mahindra
REC002677,PER00987,Business Loan,396,2018-12-13,12,Active,Bajaj Finserv
REC002678,PER00987,Two-Wheeler Loan,8,2025-12-15,60,Repaid,Union Bank
REC002679,PER00988,Home Loan,285,2021-10-05,360,Repaid,LIC Housing Finance
REC002680,PER00988,Personal Loan,33,2010-01-17,12,Repaid,Kotak Mahindra
REC002681,PER00988,Home Loan,275,2023-06-21,120,Repaid,Yes Bank
REC002682,PER00989,Home Loan,99,2015-10-09,360,Repaid,Bank of Baroda
REC002683,PER00990,Personal Loan,19,2020-02-06,60,Repaid,Yes Bank
REC002684,PER00991,Car Loan,86,2017-12-12,84,Repaid,HDFC Bank
REC002685,PER00991,Car Loan,60,2016-09-01,36,Active,Tata Capital
REC002686,PER00991,Car Loan,54,2025-11-18,48,Active,IndusInd Bank
REC002687,PER00992,Home Loan,102,2015-02-22,360,Repaid,Kotak Mahindra
REC002688,PER00992,Car Loan,82,2010-07-28,36,Active,Axis Bank
REC002689,PER00993,Personal Loan,43,2014-06-06,12,Active,Tata Capital
REC002690,PER00993,Home Loan,207,2022-07-03,180,Repaid,LIC Housing Finance
REC002691,PER00994,Home Loan,285,2024-02-15,360,Active,Canara Bank
REC002692,PER00994,Personal Loan,39,2017-08-08,48,Repaid,HDFC Bank
REC002693,PER00995,Home Loan,103,2018-01-07,300,Defaulted,Canara Bank
REC002694,PER00996,Home Loan,297,2015-05-12,180,Repaid,Yes Bank
REC002695,PER00996,Business Loan,99,2015-05-28,48,Active,PNB
REC002696,PER00996,Personal Loan,22,2017-07-04,24,Active,Bank of Baroda
REC002697,PER00996,Home Loan,231,2025-03-11,180,Repaid,Bajaj Finserv
REC002698,PER00997,Home Loan,121,2012-02-22,300,Repaid,Axis Bank
REC002699,PER00998,Two-Wheeler Loan,7,2018-04-01,36,Active,LIC Housing Finance
REC002700,PER00998,Education Loan,50,2024-09-16,60,Defaulted,Tata Capital
REC002701,PER00998,Home Loan,96,2013-10-26,300,Repaid,SBI
REC002702,PER00998,Car Loan,64,2018-05-04,48,Repaid,Yes Bank
REC002703,PER00998,Education Loan,37,2021-05-24,84,Repaid,Kotak Mahindra
REC002704,PER00998,Education Loan,49,2017-11-21,60,Repaid,Yes Bank
REC002705,PER00999,Education Loan,84,2011-08-24,48,Defaulted,LIC Housing Finance
REC002706,PER00999,Personal Loan,31,2023-04-03,36,Defaulted,Canara Bank
REC002707,PER01000,Consumer Durable Loan,4,2017-09-27,12,Repaid,IndusInd Bank
REC002708,PER01000,Business Loan,70,2010-05-11,48,Active,IDBI Bank
REC002709,PER01000,Home Loan,97,2011-10-02,300,Repaid,Yes Bank
REC002710,PER01000,Car Loan,69,2021-09-15,48,Repaid,Axis Bank
REC002711,PER01000,Home Loan,166,2023-02-15,240,Active,SBI
REC002712,PER01001,Home Loan,179,2010-09-06,240,Defaulted,LIC Housing Finance
REC002713,PER01002,Personal Loan,11,2011-05-14,12,Repaid,IndusInd Bank
REC002714,PER01002,Personal Loan,41,2017-04-20,48,Defaulted,Axis Bank
REC002715,PER01002,Personal Loan,36,2022-05-12,36,Repaid,IDBI Bank
REC002716,PER01002,Home Loan,147,2022-05-20,360,Active,HDFC Bank
REC002717,PER01003,Home Loan,219,2021-05-22,360,Repaid,Canara Bank
REC002718,PER01003,Business Loan,20,2014-04-17,24,Active,Axis Bank
REC002719,PER01004,Gold Loan,14,2024-07-18,36,Repaid,Union Bank
REC002720,PER01004,Business Loan,41,2024-11-26,60,Active,IDBI Bank
REC002721,PER01004,Car Loan,34,2015-05-10,60,Defaulted,SBI
REC002722,PER01004,Car Loan,48,2012-09-11,48,Repaid,Yes Bank
REC002723,PER01004,Home Loan,115,2010-01-10,180,Active,Yes Bank
REC002724,PER01004,Home Loan,123,2012-10-17,240,Repaid,ICICI Bank
REC002725,PER01005,Home Loan,167,2017-09-24,180,Repaid,Bank of Baroda
REC002726,PER01005,Home Loan,112,2013-10-18,300,Repaid,PNB
REC002727,PER01005,Car Loan,114,2014-08-15,48,Repaid,IDBI Bank
REC002728,PER01006,Personal Loan,45,2012-03-25,48,Defaulted,Yes Bank
REC002729,PER01006,Two-Wheeler Loan,5,2025-08-23,60,Repaid,PNB
REC002730,PER01006,Home Loan,144,2023-05-13,240,Defaulted,Tata Capital
REC002731,PER01006,Personal Loan,31,2012-11-11,36,Repaid,Bank of Baroda
REC002732,PER01007,Car Loan,47,2017-04-15,36,Repaid,Canara Bank
REC002733,PER01007,Personal Loan,39,2010-12-17,36,Repaid,ICICI Bank
REC002734,PER01007,Home Loan,250,2012-10-23,300,Repaid,SBI
REC002735,PER01008,Home Loan,118,2023-04-11,180,Repaid,ICICI Bank
REC002736,PER01008,Education Loan,27,2022-02-18,60,Active,IndusInd Bank
REC002737,PER01009,Personal Loan,29,2015-11-01,24,Repaid,Yes Bank
REC002738,PER01010,Business Loan,50,2016-11-24,48,Defaulted,Axis Bank
REC002739,PER01011,Personal Loan,46,2014-02-27,60,Defaulted,LIC Housing Finance
REC002740,PER01011,Education Loan,61,2010-12-28,36,Repaid,Kotak Mahindra
REC002741,PER01012,Home Loan,61,2024-06-01,120,Repaid,Kotak Mahindra
REC002742,PER01012,Home Loan,166,2010-03-28,360,Active,Kotak Mahindra
REC002743,PER01014,Education Loan,29,2013-08-15,36,Active,Canara Bank
REC002744,PER01014,Car Loan,58,2012-10-12,36,Active,Bajaj Finserv
REC002745,PER01014,Personal Loan,52,2017-07-08,24,Active,Canara Bank
REC002746,PER01015,Home Loan,254,2019-01-14,180,Repaid,IDBI Bank
REC002747,PER01015,Car Loan,16,2013-11-13,60,Defaulted,PNB
REC002748,PER01016,Consumer Durable Loan,10,2020-10-15,12,Repaid,Bank of Baroda
REC002749,PER01016,Education Loan,47,2018-08-03,48,Repaid,Bajaj Finserv
REC002750,PER01016,Education Loan,46,2011-07-27,48,Repaid,Union Bank
REC002751,PER01018,Personal Loan,69,2025-05-10,12,Active,ICICI Bank
REC002752,PER01018,Personal Loan,26,2019-08-09,24,Defaulted,Tata Capital
REC002753,PER01018,Business Loan,156,2019-12-04,36,Repaid,LIC Housing Finance
REC002754,PER01018,Home Loan,124,2025-08-09,120,Repaid,Kotak Mahindra
REC002755,PER01018,Home Loan,517,2023-04-23,360,Repaid,Tata Capital
REC002756,PER01019,Home Loan,430,2025-01-13,300,Active,PNB
REC002757,PER01019,Personal Loan,85,2024-01-12,60,Active,SBI
REC002758,PER01020,Home Loan,113,2024-07-04,300,Active,IDBI Bank
REC002759,PER01020,Education Loan,36,2023-02-17,36,Repaid,HDFC Bank
REC002760,PER01021,Car Loan,66,2010-03-18,84,Repaid,LIC Housing Finance
REC002761,PER01022,Personal Loan,20,2024-07-25,24,Active,IndusInd Bank
REC002762,PER01022,Personal Loan,20,2024-04-03,36,Repaid,Union Bank
REC002763,PER01022,Car Loan,46,2023-07-22,84,Active,IDBI Bank
REC002764,PER01023,Home Loan,131,2013-11-28,240,Repaid,Bank of Baroda
REC002765,PER01024,Car Loan,53,2018-11-03,48,Repaid,Bank of Baroda
REC002766,PER01024,Gold Loan,14,2010-09-08,24,Active,IndusInd Bank
REC002767,PER01025,Car Loan,38,2021-10-03,48,Repaid,IDBI Bank
REC002768,PER01025,Car Loan,43,2019-09-08,60,Repaid,Axis Bank
REC002769,PER01025,Education Loan,25,2018-04-27,48,Defaulted,Axis Bank
REC002770,PER01025,Education Loan,37,2012-03-16,48,Repaid,Tata Capital
REC002771,PER01025,Personal Loan,32,2012-05-03,12,Repaid,Canara Bank
REC002772,PER01025,Education Loan,32,2020-01-27,60,Active,HDFC Bank
REC002773,PER01025,Car Loan,50,2012-12-12,36,Defaulted,SBI
REC002774,PER01025,Two-Wheeler Loan,6,2019-03-04,60,Repaid,Bajaj Finserv
REC002775,PER01027,Car Loan,86,2012-01-09,36,Active,Kotak Mahindra
REC002776,PER01028,Home Loan,174,2020-06-27,180,Defaulted,PNB
REC002777,PER01028,Home Loan,358,2021-04-06,300,Repaid,Tata Capital
REC002778,PER01028,Home Loan,128,2021-07-14,300,Defaulted,Bajaj Finserv
REC002779,PER01028,Car Loan,34,2022-09-11,36,Defaulted,Bajaj Finserv
REC002780,PER01028,Personal Loan,21,2022-04-12,48,Defaulted,PNB
REC002781,PER01029,Personal Loan,19,2015-06-18,60,Active,Yes Bank
REC002782,PER01030,Car Loan,52,2021-07-03,60,Repaid,Union Bank
REC002783,PER01030,Personal Loan,38,2021-03-19,60,Active,Yes Bank
REC002784,PER01030,Personal Loan,21,2014-12-09,48,Repaid,LIC Housing Finance
REC002785,PER01030,Home Loan,203,2023-09-26,240,Repaid,Yes Bank
REC002786,PER01030,Education Loan,75,2013-01-25,48,Repaid,HDFC Bank
REC002787,PER01030,Personal Loan,61,2025-03-28,48,Active,Bank of Baroda
REC002788,PER01030,Two-Wheeler Loan,9,2016-04-10,36,Repaid,Kotak Mahindra
REC002789,PER01030,Personal Loan,29,2017-03-02,48,Active,Kotak Mahindra
REC002790,PER01031,Home Loan,125,2019-08-05,360,Repaid,Bank of Baroda
REC002791,PER01031,Education Loan,31,2019-11-19,60,Repaid,PNB
REC002792,PER01031,Home Loan,234,2013-09-17,240,Active,LIC Housing Finance
REC002793,PER01031,Home Loan,267,2015-05-03,300,Repaid,ICICI Bank
REC002794,PER01031,Home Loan,166,2013-12-05,240,Active,Union Bank
REC002795,PER01031,Consumer Durable Loan,1,2017-09-08,48,Repaid,Axis Bank
REC002796,PER01032,Personal Loan,17,2019-12-09,36,Active,Kotak Mahindra
REC002797,PER01033,Home Loan,330,2022-06-26,240,Defaulted,Axis Bank
REC002798,PER01033,Personal Loan,13,2024-10-11,36,Active,Bank of Baroda
REC002799,PER01033,Car Loan,36,2013-03-19,60,Active,Yes Bank
REC002800,PER01033,Personal Loan,48,2014-01-12,60,Defaulted,HDFC Bank
REC002801,PER01033,Car Loan,39,2018-10-17,48,Defaulted,Bajaj Finserv
REC002802,PER01034,Home Loan,101,2011-11-28,120,Defaulted,Yes Bank
REC002803,PER01034,Home Loan,124,2025-12-03,360,Repaid,Union Bank
REC002804,PER01034,Home Loan,90,2020-07-23,180,Defaulted,SBI
REC002805,PER01034,Car Loan,36,2022-12-05,48,Repaid,IDBI Bank
REC002806,PER01035,Home Loan,243,2025-06-15,360,Defaulted,LIC Housing Finance
REC002807,PER01035,Home Loan,154,2013-05-08,300,Repaid,ICICI Bank
REC002808,PER01035,Home Loan,121,2023-11-27,300,Repaid,Bank of Baroda
REC002809,PER01037,Education Loan,34,2010-02-21,60,Repaid,Tata Capital
REC002810,PER01037,Home Loan,178,2017-12-07,360,Repaid,SBI
REC002811,PER01038,Car Loan,33,2014-12-15,36,Active,LIC Housing Finance
REC002812,PER01038,Personal Loan,31,2011-06-17,48,Repaid,Canara Bank
REC002813,PER01038,Home Loan,136,2015-09-28,180,Repaid,LIC Housing Finance
REC002814,PER01038,Personal Loan,100,2016-09-21,60,Repaid,Axis Bank
REC002815,PER01038,Car Loan,26,2019-09-27,84,Repaid,HDFC Bank
REC002816,PER01040,Gold Loan,6,2021-05-23,48,Defaulted,Tata Capital
REC002817,PER01040,Home Loan,168,2018-10-07,360,Defaulted,HDFC Bank
REC002818,PER01040,Car Loan,75,2021-02-28,36,Defaulted,Canara Bank
REC002819,PER01041,Education Loan,34,2011-07-03,84,Repaid,HDFC Bank
REC002820,PER01041,Education Loan,30,2015-01-08,48,Active,Bank of Baroda
REC002821,PER01041,Personal Loan,22,2021-09-28,60,Defaulted,IDBI Bank
REC002822,PER01043,Home Loan,205,2020-10-04,180,Defaulted,IDBI Bank
REC002823,PER01044,Home Loan,151,2024-11-08,120,Repaid,Bank of Baroda
REC002824,PER01044,Car Loan,82,2022-07-11,60,Repaid,Canara Bank
REC002825,PER01046,Home Loan,203,2010-12-08,360,Defaulted,Canara Bank
REC002826,PER01047,Education Loan,46,2011-12-11,36,Repaid,Tata Capital
REC002827,PER01047,Car Loan,103,2022-03-16,48,Defaulted,SBI
REC002828,PER01048,Two-Wheeler Loan,3,2015-09-19,48,Repaid,Tata Capital
REC002829,PER01049,Home Loan,379,2019-06-05,180,Active,Bank of Baroda
REC002830,PER01049,Personal Loan,30,2016-11-10,48,Repaid,Yes Bank
REC002831,PER01050,Home Loan,153,2022-09-26,240,Repaid,Canara Bank
REC002832,PER01050,Personal Loan,16,2021-09-03,60,Repaid,IndusInd Bank
REC002833,PER01050,Home Loan,177,2011-04-01,180,Repaid,Tata Capital
REC002834,PER01050,Consumer Durable Loan,2,2018-05-13,60,Repaid,IndusInd Bank
REC002835,PER01050,Gold Loan,15,2018-09-25,12,Repaid,Tata Capital
REC002836,PER01051,Personal Loan,70,2016-08-09,12,Active,Union Bank
REC002837,PER01051,Car Loan,31,2013-05-08,48,Defaulted,Yes Bank
REC002838,PER01051,Home Loan,271,2014-02-27,120,Defaulted,Canara Bank
REC002839,PER01051,Home Loan,246,2021-08-19,360,Repaid,HDFC Bank
REC002840,PER01051,Business Loan,247,2017-03-28,12,Repaid,PNB
REC002841,PER01053,Personal Loan,41,2020-06-25,48,Defaulted,Axis Bank
REC002842,PER01053,Home Loan,146,2023-04-04,180,Active,Bajaj Finserv
REC002843,PER01054,Education Loan,48,2020-08-22,84,Repaid,Canara Bank
REC002844,PER01054,Personal Loan,31,2018-08-03,24,Active,Axis Bank
REC002845,PER01054,Home Loan,183,2022-12-03,300,Defaulted,SBI
REC002846,PER01055,Home Loan,276,2010-07-13,240,Active,HDFC Bank
REC002847,PER01055,Personal Loan,49,2010-06-05,36,Active,IndusInd Bank
REC002848,PER01055,Personal Loan,24,2025-09-28,48,Repaid,Canara Bank
REC002849,PER01055,Personal Loan,22,2011-01-01,60,Repaid,Bajaj Finserv
REC002850,PER01055,Personal Loan,9,2023-08-05,60,Repaid,IDBI Bank
REC002851,PER01056,Business Loan,90,2020-02-13,12,Defaulted,HDFC Bank
REC002852,PER01056,Business Loan,87,2021-12-25,24,Defaulted,Tata Capital
REC002853,PER01056,Home Loan,83,2010-07-10,240,Repaid,PNB
REC002854,PER01056,Personal Loan,16,2011-09-11,48,Repaid,HDFC Bank
REC002855,PER01056,Home Loan,268,2022-04-15,240,Defaulted,IndusInd Bank
REC002856,PER01056,Home Loan,77,2017-10-20,300,Active,Union Bank
REC002857,PER01056,Education Loan,72,2011-04-04,36,Defaulted,Bank of Baroda
REC002858,PER01057,Home Loan,143,2017-10-28,360,Repaid,ICICI Bank
REC002859,PER01057,Education Loan,54,2017-07-12,60,Active,Canara Bank
REC002860,PER01057,Car Loan,56,2015-11-06,36,Repaid,Kotak Mahindra
REC002861,PER01058,Personal Loan,45,2022-04-23,36,Repaid,Bank of Baroda
REC002862,PER01058,Business Loan,156,2016-10-15,12,Repaid,Yes Bank
REC002863,PER01058,Car Loan,81,2015-03-08,36,Defaulted,Bank of Baroda
REC002864,PER01059,Personal Loan,96,2016-03-16,12,Active,IndusInd Bank
REC002865,PER01060,Car Loan,89,2017-09-07,84,Active,Union Bank
REC002866,PER01060,Home Loan,126,2010-11-12,300,Active,IndusInd Bank
REC002867,PER01060,Personal Loan,24,2020-07-25,60,Repaid,Union Bank
REC002868,PER01060,Home Loan,157,2015-11-08,300,Active,Tata Capital
REC002869,PER01062,Gold Loan,5,2024-10-06,60,Active,Kotak Mahindra
REC002870,PER01062,Personal Loan,82,2023-10-25,24,Active,Axis Bank
REC002871,PER01062,Car Loan,36,2013-10-19,48,Repaid,Bajaj Finserv
REC002872,PER01062,Personal Loan,79,2015-06-13,60,Defaulted,Bank of Baroda
REC002873,PER01064,Home Loan,241,2010-09-03,120,Defaulted,IDBI Bank
REC002874,PER01064,Car Loan,41,2018-07-23,60,Active,Axis Bank
REC002875,PER01064,Education Loan,150,2019-08-12,84,Active,Bank of Baroda
REC002876,PER01064,Personal Loan,29,2017-08-28,60,Repaid,Tata Capital
REC002877,PER01064,Personal Loan,20,2021-12-08,36,Defaulted,PNB
REC002878,PER01064,Gold Loan,19,2024-02-25,12,Active,Bank of Baroda
REC002879,PER01064,Home Loan,177,2016-06-14,180,Defaulted,IDBI Bank
REC002880,PER01065,Education Loan,78,2021-08-01,48,Repaid,Bank of Baroda
REC002881,PER01065,Personal Loan,24,2020-07-25,48,Repaid,ICICI Bank
REC002882,PER01065,Education Loan,22,2020-12-19,36,Repaid,PNB
REC002883,PER01066,Gold Loan,5,2019-05-11,36,Repaid,ICICI Bank
REC002884,PER01066,Personal Loan,12,2011-07-21,48,Active,PNB
REC002885,PER01066,Personal Loan,30,2018-03-12,60,Defaulted,PNB
REC002886,PER01066,Education Loan,32,2019-06-07,60,Active,LIC Housing Finance
REC002887,PER01067,Home Loan,239,2014-09-13,360,Repaid,SBI
REC002888,PER01067,Personal Loan,28,2020-02-22,12,Defaulted,ICICI Bank
REC002889,PER01067,Personal Loan,31,2021-09-27,24,Active,HDFC Bank
REC002890,PER01067,Home Loan,174,2012-07-18,120,Repaid,Bank of Baroda
REC002891,PER01068,Two-Wheeler Loan,7,2020-05-26,36,Repaid,Bank of Baroda
REC002892,PER01068,Home Loan,168,2010-10-16,120,Repaid,PNB
REC002893,PER01069,Home Loan,147,2019-03-25,120,Repaid,Bajaj Finserv
REC002894,PER01070,Car Loan,79,2013-10-23,48,Active,Yes Bank
REC002895,PER01071,Home Loan,371,2014-11-26,180,Defaulted,PNB
REC002896,PER01071,Two-Wheeler Loan,3,2025-03-15,12,Defaulted,Yes Bank
REC002897,PER01071,Personal Loan,36,2016-10-28,24,Defaulted,LIC Housing Finance
REC002898,PER01072,Business Loan,138,2019-10-06,36,Active,Bank of Baroda
REC002899,PER01072,Education Loan,28,2010-08-18,84,Defaulted,Bank of Baroda
REC002900,PER01072,Education Loan,111,2022-07-22,60,Repaid,SBI
REC002901,PER01073,Personal Loan,25,2014-02-14,24,Active,Union Bank
REC002902,PER01073,Two-Wheeler Loan,7,2019-12-18,24,Active,Bank of Baroda
REC002903,PER01074,Home Loan,140,2024-12-23,180,Defaulted,SBI
REC002904,PER01074,Personal Loan,26,2014-04-26,48,Active,Bank of Baroda
REC002905,PER01074,Personal Loan,16,2013-09-26,60,Repaid,ICICI Bank
REC002906,PER01074,Business Loan,67,2016-03-01,48,Defaulted,Kotak Mahindra
REC002907,PER01074,Business Loan,166,2016-12-21,60,Active,PNB
REC002908,PER01074,Home Loan,54,2017-02-27,120,Repaid,Kotak Mahindra
REC002909,PER01074,Business Loan,67,2023-02-15,60,Active,LIC Housing Finance
REC002910,PER01076,Education Loan,60,2022-03-07,48,Repaid,Bank of Baroda
REC002911,PER01076,Business Loan,151,2019-09-14,60,Active,Union Bank
REC002912,PER01076,Personal Loan,33,2025-01-09,12,Repaid,Union Bank
REC002913,PER01076,Car Loan,31,2017-09-17,84,Repaid,Bajaj Finserv
REC002914,PER01077,Personal Loan,61,2018-04-26,60,Active,PNB
REC002915,PER01077,Personal Loan,15,2012-06-01,60,Repaid,HDFC Bank
REC002916,PER01079,Home Loan,729,2019-08-24,120,Active,LIC Housing Finance
REC002917,PER01079,Car Loan,80,2012-02-02,36,Repaid,HDFC Bank
REC002918,PER01080,Business Loan,44,2017-08-21,48,Repaid,Yes Bank
REC002919,PER01080,Home Loan,192,2010-05-22,240,Repaid,SBI
REC002920,PER01082,Car Loan,48,2019-09-10,36,Repaid,HDFC Bank
REC002921,PER01083,Home Loan,78,2014-08-19,360,Active,Bajaj Finserv
REC002922,PER01083,Business Loan,74,2013-10-16,48,Active,LIC Housing Finance
REC002923,PER01083,Home Loan,419,2015-11-13,120,Repaid,Yes Bank
REC002924,PER01084,Business Loan,209,2015-07-07,24,Repaid,Bajaj Finserv
REC002925,PER01084,Education Loan,23,2020-10-19,36,Active,IDBI Bank
REC002926,PER01084,Personal Loan,37,2020-12-04,60,Repaid,SBI
REC002927,PER01084,Personal Loan,82,2020-09-16,48,Defaulted,Union Bank
REC002928,PER01085,Personal Loan,35,2012-04-24,48,Repaid,LIC Housing Finance
REC002929,PER01086,Home Loan,139,2019-03-16,120,Active,Tata Capital
REC002930,PER01086,Home Loan,310,2024-12-05,240,Active,IndusInd Bank
REC002931,PER01086,Car Loan,44,2010-03-12,84,Defaulted,Yes Bank
REC002932,PER01087,Personal Loan,61,2021-01-25,36,Active,Bajaj Finserv
REC002933,PER01087,Personal Loan,16,2014-10-14,24,Active,Bajaj Finserv
REC002934,PER01088,Home Loan,182,2021-11-03,300,Repaid,ICICI Bank
REC002935,PER01088,Education Loan,21,2024-07-22,48,Repaid,Yes Bank
REC002936,PER01088,Car Loan,61,2021-06-26,84,Repaid,Axis Bank
REC002937,PER01088,Home Loan,78,2021-04-26,120,Repaid,ICICI Bank
REC002938,PER01088,Business Loan,44,2013-05-15,36,Active,IndusInd Bank
REC002939,PER01089,Car Loan,65,2011-03-22,36,Repaid,Canara Bank
REC002940,PER01089,Home Loan,240,2021-04-13,240,Active,ICICI Bank
REC002941,PER01090,Education Loan,43,2020-05-03,60,Repaid,IndusInd Bank
REC002942,PER01090,Home Loan,321,2019-03-20,360,Repaid,Axis Bank
REC002943,PER01090,Education Loan,36,2025-07-23,84,Active,IDBI Bank
REC002944,PER01090,Car Loan,40,2017-01-15,48,Repaid,Bajaj Finserv
REC002945,PER01091,Home Loan,152,2013-03-27,300,Repaid,IndusInd Bank
REC002946,PER01091,Personal Loan,34,2021-06-26,48,Active,HDFC Bank
REC002947,PER01091,Home Loan,310,2013-07-14,300,Repaid,Union Bank
REC002948,PER01091,Car Loan,98,2013-08-06,60,Repaid,Yes Bank
REC002949,PER01091,Business Loan,50,2020-02-03,60,Defaulted,PNB
REC002950,PER01092,Home Loan,250,2018-08-15,120,Defaulted,PNB
REC002951,PER01094,Home Loan,148,2013-10-04,180,Repaid,IDBI Bank
REC002952,PER01094,Personal Loan,20,2024-12-08,36,Repaid,Yes Bank
REC002953,PER01094,Car Loan,41,2018-10-04,84,Repaid,Yes Bank
REC002954,PER01095,Home Loan,199,2013-04-19,360,Repaid,Tata Capital
REC002955,PER01095,Home Loan,175,2025-07-06,300,Repaid,HDFC Bank
REC002956,PER01096,Business Loan,41,2023-10-16,60,Repaid,Axis Bank
REC002957,PER01096,Education Loan,92,2022-05-11,36,Active,Axis Bank
REC002958,PER01096,Personal Loan,32,2015-07-10,48,Repaid,Tata Capital
REC002959,PER01096,Education Loan,29,2021-01-18,36,Repaid,IDBI Bank
REC002960,PER01096,Home Loan,165,2015-02-28,360,Active,Bajaj Finserv
REC002961,PER01096,Car Loan,59,2013-09-14,84,Repaid,IndusInd Bank
REC002962,PER01097,Education Loan,60,2022-11-02,36,Repaid,HDFC Bank
REC002963,PER01097,Personal Loan,39,2017-06-22,48,Repaid,Bajaj Finserv
REC002964,PER01098,Home Loan,65,2015-12-12,180,Repaid,Canara Bank
REC002965,PER01099,Personal Loan,30,2019-08-20,12,Active,IndusInd Bank
REC002966,PER01099,Home Loan,128,2022-08-05,240,Repaid,IndusInd Bank
REC002967,PER01099,Home Loan,231,2015-10-16,240,Active,ICICI Bank
REC002968,PER01099,Education Loan,33,2022-06-24,48,Repaid,ICICI Bank
REC002969,PER01100,Home Loan,138,2012-08-24,300,Active,Kotak Mahindra
REC002970,PER01100,Gold Loan,11,2020-01-19,36,Repaid,IDBI Bank
REC002971,PER01100,Two-Wheeler Loan,16,2020-03-08,60,Repaid,Tata Capital
REC002972,PER01101,Car Loan,58,2020-08-06,60,Active,IDBI Bank
REC002973,PER01101,Home Loan,342,2025-09-08,360,Defaulted,IndusInd Bank
REC002974,PER01101,Personal Loan,51,2021-12-02,24,Defaulted,ICICI Bank
REC002975,PER01102,Personal Loan,36,2024-05-05,36,Active,Bajaj Finserv
REC002976,PER01102,Car Loan,66,2015-05-03,84,Defaulted,Axis Bank
REC002977,PER01102,Business Loan,59,2019-08-26,60,Defaulted,Union Bank
REC002978,PER01102,Car Loan,35,2015-12-14,48,Active,Bank of Baroda
REC002979,PER01103,Car Loan,94,2011-02-02,48,Active,Yes Bank
REC002980,PER01103,Car Loan,46,2023-02-08,36,Repaid,ICICI Bank
REC002981,PER01103,Two-Wheeler Loan,3,2021-06-22,12,Repaid,IndusInd Bank
REC002982,PER01103,Home Loan,410,2015-11-27,360,Repaid,Axis Bank
REC002983,PER01103,Car Loan,72,2023-08-18,36,Active,Union Bank
REC002984,PER01104,Personal Loan,39,2020-06-27,36,Active,IndusInd Bank
REC002985,PER01104,Gold Loan,12,2011-05-25,12,Active,Canara Bank
REC002986,PER01104,Personal Loan,56,2010-01-01,12,Repaid,HDFC Bank
REC002987,PER01104,Personal Loan,47,2011-04-09,48,Active,PNB
REC002988,PER01105,Home Loan,93,2018-04-01,240,Repaid,Union Bank
REC002989,PER01105,Personal Loan,46,2017-05-12,36,Repaid,Bajaj Finserv
REC002990,PER01105,Home Loan,199,2020-03-20,240,Repaid,IDBI Bank
REC002991,PER01106,Education Loan,96,2016-07-24,84,Repaid,Bank of Baroda
REC002992,PER01106,Home Loan,108,2017-01-17,180,Repaid,Kotak Mahindra
REC002993,PER01106,Home Loan,86,2015-01-10,120,Active,Yes Bank
REC002994,PER01106,Home Loan,120,2022-03-18,240,Active,Axis Bank
REC002995,PER01107,Car Loan,52,2011-08-11,36,Defaulted,IDBI Bank
REC002996,PER01107,Home Loan,192,2015-10-28,180,Active,Canara Bank
REC002997,PER01107,Personal Loan,37,2017-09-15,36,Repaid,Kotak Mahindra
REC002998,PER01108,Business Loan,132,2021-01-25,48,Active,Union Bank
REC002999,PER01109,Car Loan,44,2023-04-07,60,Defaulted,IDBI Bank
REC003000,PER01109,Car Loan,73,2014-01-15,60,Repaid,Kotak Mahindra
REC003001,PER01109,Personal Loan,38,2023-09-19,36,Defaulted,IDBI Bank
REC003002,PER01109,Personal Loan,38,2021-01-27,48,Defaulted,Bajaj Finserv
REC003003,PER01110,Car Loan,72,2021-02-11,36,Defaulted,LIC Housing Finance
REC003004,PER01110,Two-Wheeler Loan,11,2016-05-18,36,Defaulted,IDBI Bank
REC003005,PER01110,Personal Loan,51,2011-06-06,48,Defaulted,Bajaj Finserv
REC003006,PER01110,Home Loan,235,2016-01-01,240,Defaulted,Bank of Baroda
REC003007,PER01111,Personal Loan,49,2014-08-08,48,Repaid,Kotak Mahindra
REC003008,PER01111,Home Loan,487,2021-02-12,180,Defaulted,Kotak Mahindra
REC003009,PER01112,Home Loan,103,2017-06-06,360,Defaulted,HDFC Bank
REC003010,PER01113,Personal Loan,78,2022-11-05,24,Active,Tata Capital
REC003011,PER01113,Education Loan,41,2017-04-28,60,Repaid,Bajaj Finserv
REC003012,PER01113,Personal Loan,92,2024-10-08,36,Defaulted,Bajaj Finserv
REC003013,PER01114,Two-Wheeler Loan,2,2021-11-19,36,Repaid,Union Bank
REC003014,PER01114,Two-Wheeler Loan,7,2022-11-22,60,Active,Bajaj Finserv
REC003015,PER01114,Car Loan,53,2020-05-25,48,Repaid,LIC Housing Finance
REC003016,PER01114,Home Loan,185,2012-12-27,180,Active,Tata Capital
REC003017,PER01114,Personal Loan,61,2018-04-16,36,Repaid,PNB
REC003018,PER01116,Personal Loan,11,2013-03-18,36,Defaulted,Canara Bank
REC003019,PER01116,Education Loan,74,2020-12-17,36,Active,IDBI Bank
REC003020,PER01116,Consumer Durable Loan,13,2021-06-10,24,Repaid,HDFC Bank
REC003021,PER01117,Car Loan,98,2021-06-21,36,Repaid,Tata Capital
REC003022,PER01117,Personal Loan,59,2019-01-16,60,Repaid,Axis Bank
REC003023,PER01120,Home Loan,240,2020-03-05,180,Defaulted,Kotak Mahindra
REC003024,PER01120,Personal Loan,29,2016-07-15,60,Active,Tata Capital
REC003025,PER01121,Home Loan,206,2022-07-21,300,Defaulted,ICICI Bank
REC003026,PER01121,Gold Loan,6,2019-02-13,60,Active,Canara Bank
REC003027,PER01122,Car Loan,30,2015-10-20,36,Repaid,IndusInd Bank
REC003028,PER01122,Home Loan,202,2020-01-24,180,Repaid,IDBI Bank
REC003029,PER01123,Personal Loan,25,2015-07-12,24,Defaulted,Bajaj Finserv
REC003030,PER01123,Business Loan,50,2021-09-14,12,Defaulted,Canara Bank
REC003031,PER01123,Personal Loan,21,2019-07-16,48,Defaulted,IDBI Bank
REC003032,PER01124,Car Loan,47,2015-12-06,84,Defaulted,Bank of Baroda
REC003033,PER01125,Personal Loan,45,2015-07-25,48,Repaid,SBI
REC003034,PER01126,Business Loan,25,2022-04-15,60,Repaid,Tata Capital
REC003035,PER01126,Home Loan,82,2013-05-07,360,Active,Tata Capital
REC003036,PER01126,Personal Loan,24,2017-03-05,48,Repaid,Tata Capital
REC003037,PER01126,Car Loan,80,2020-04-20,48,Repaid,Tata Capital
REC003038,PER01126,Personal Loan,100,2017-08-16,24,Repaid,HDFC Bank
REC003039,PER01127,Personal Loan,66,2021-02-19,36,Defaulted,Kotak Mahindra
REC003040,PER01127,Consumer Durable Loan,6,2010-06-19,60,Active,ICICI Bank
REC003041,PER01127,Personal Loan,60,2024-09-28,48,Defaulted,Canara Bank
REC003042,PER01128,Home Loan,96,2024-05-26,360,Repaid,Axis Bank
REC003043,PER01128,Personal Loan,52,2014-04-19,36,Repaid,Tata Capital
REC003044,PER01128,Car Loan,51,2014-01-15,36,Active,PNB
REC003045,PER01129,Education Loan,47,2013-08-22,36,Active,Union Bank
REC003046,PER01129,Home Loan,146,2025-08-12,240,Repaid,Axis Bank
REC003047,PER01129,Car Loan,81,2018-10-15,84,Defaulted,LIC Housing Finance
REC003048,PER01130,Car Loan,51,2013-02-23,48,Repaid,Canara Bank
REC003049,PER01130,Home Loan,468,2018-06-16,180,Active,PNB
REC003050,PER01130,Home Loan,242,2016-10-27,300,Repaid,IndusInd Bank
REC003051,PER01130,Home Loan,147,2016-04-27,180,Active,Union Bank
REC003052,PER01131,Business Loan,43,2017-12-28,24,Repaid,Axis Bank
REC003053,PER01132,Personal Loan,32,2025-05-25,60,Active,PNB
REC003054,PER01132,Home Loan,149,2010-05-01,360,Repaid,Tata Capital
REC003055,PER01132,Two-Wheeler Loan,9,2012-10-20,48,Repaid,HDFC Bank
REC003056,PER01133,Personal Loan,12,2025-10-18,60,Repaid,PNB
REC003057,PER01133,Personal Loan,19,2017-06-16,36,Repaid,IndusInd Bank
REC003058,PER01133,Business Loan,77,2020-08-28,24,Defaulted,Bajaj Finserv
REC003059,PER01133,Car Loan,58,2022-11-16,36,Repaid,PNB
REC003060,PER01133,Personal Loan,21,2016-10-24,36,Defaulted,Canara Bank
REC003061,PER01133,Car Loan,34,2013-06-16,36,Active,HDFC Bank
REC003062,PER01135,Home Loan,150,2024-05-12,120,Defaulted,PNB
REC003063,PER01135,Car Loan,43,2024-04-19,36,Defaulted,IndusInd Bank
REC003064,PER01135,Home Loan,145,2020-07-22,300,Active,Yes Bank
REC003065,PER01135,Education Loan,40,2020-11-17,60,Active,HDFC Bank
REC003066,PER01136,Home Loan,128,2010-07-11,300,Repaid,Bank of Baroda
REC003067,PER01136,Home Loan,181,2012-03-10,300,Repaid,LIC Housing Finance
REC003068,PER01137,Education Loan,43,2019-08-07,84,Active,Tata Capital
REC003069,PER01137,Education Loan,38,2023-10-20,60,Repaid,Kotak Mahindra
REC003070,PER01137,Car Loan,99,2016-11-17,60,Repaid,Bajaj Finserv
REC003071,PER01137,Business Loan,139,2019-11-11,12,Active,Union Bank
REC003072,PER01137,Education Loan,46,2023-05-17,60,Active,Bajaj Finserv
REC003073,PER01138,Car Loan,131,2011-03-20,60,Defaulted,Axis Bank
REC003074,PER01138,Education Loan,27,2012-01-07,84,Active,HDFC Bank
REC003075,PER01138,Education Loan,56,2019-10-28,48,Repaid,IDBI Bank
REC003076,PER01138,Car Loan,44,2023-02-17,48,Repaid,SBI
REC003077,PER01139,Home Loan,202,2012-02-25,300,Active,Union Bank
REC003078,PER01139,Personal Loan,18,2024-03-08,24,Repaid,IDBI Bank
REC003079,PER01139,Home Loan,134,2023-02-13,360,Defaulted,Kotak Mahindra
REC003080,PER01139,Car Loan,38,2021-11-05,48,Defaulted,Kotak Mahindra
REC003081,PER01139,Car Loan,102,2013-08-06,36,Defaulted,HDFC Bank
REC003082,PER01139,Two-Wheeler Loan,5,2020-07-20,12,Repaid,Bajaj Finserv
REC003083,PER01140,Business Loan,22,2019-06-10,60,Repaid,HDFC Bank
REC003084,PER01140,Personal Loan,15,2025-09-26,12,Repaid,SBI
REC003085,PER01141,Car Loan,44,2024-08-05,60,Active,Bajaj Finserv
REC003086,PER01141,Education Loan,57,2020-10-02,36,Repaid,Canara Bank
REC003087,PER01141,Car Loan,49,2011-12-19,60,Active,IDBI Bank
REC003088,PER01142,Personal Loan,15,2019-05-27,60,Active,ICICI Bank
REC003089,PER01142,Personal Loan,62,2024-02-25,12,Defaulted,Bajaj Finserv
REC003090,PER01143,Business Loan,130,2010-10-28,12,Active,IDBI Bank
REC003091,PER01143,Car Loan,31,2021-05-17,48,Repaid,PNB
REC003092,PER01143,Gold Loan,24,2016-06-27,48,Active,ICICI Bank
REC003093,PER01144,Personal Loan,87,2022-08-21,60,Active,LIC Housing Finance
REC003094,PER01144,Personal Loan,33,2016-09-16,36,Repaid,LIC Housing Finance
REC003095,PER01145,Consumer Durable Loan,4,2014-05-27,48,Repaid,ICICI Bank
REC003096,PER01145,Education Loan,65,2020-02-27,84,Repaid,Tata Capital
REC003097,PER01145,Consumer Durable Loan,4,2012-07-12,12,Active,SBI
REC003098,PER01145,Personal Loan,100,2010-11-28,36,Defaulted,Union Bank
REC003099,PER01146,Car Loan,71,2022-01-19,36,Repaid,IDBI Bank
REC003100,PER01146,Home Loan,394,2022-02-06,120,Defaulted,Canara Bank
REC003101,PER01146,Home Loan,103,2023-08-08,360,Defaulted,Bank of Baroda
REC003102,PER01147,Home Loan,144,2022-08-27,240,Active,ICICI Bank
REC003103,PER01147,Personal Loan,48,2020-08-09,60,Defaulted,Axis Bank
REC003104,PER01148,Personal Loan,29,2024-11-28,24,Defaulted,SBI
REC003105,PER01148,Personal Loan,34,2010-02-04,60,Active,IndusInd Bank
REC003106,PER01148,Personal Loan,100,2018-06-14,48,Active,ICICI Bank
REC003107,PER01149,Home Loan,91,2016-12-08,240,Repaid,Axis Bank
REC003108,PER01149,Consumer Durable Loan,5,2017-09-18,12,Repaid,Tata Capital
REC003109,PER01149,Home Loan,211,2017-02-09,300,Repaid,Tata Capital
REC003110,PER01149,Personal Loan,37,2021-07-25,24,Defaulted,Bajaj Finserv
REC003111,PER01149,Education Loan,69,2021-01-09,84,Active,Bajaj Finserv
REC003112,PER01151,Home Loan,88,2015-11-06,300,Repaid,Yes Bank
REC003113,PER01151,Car Loan,85,2012-01-19,48,Repaid,ICICI Bank
REC003114,PER01152,Home Loan,574,2022-02-18,360,Active,Axis Bank
REC003115,PER01152,Personal Loan,30,2024-10-24,36,Repaid,Yes Bank
REC003116,PER01153,Home Loan,111,2020-05-09,120,Active,Canara Bank
REC003117,PER01153,Personal Loan,47,2012-08-05,24,Repaid,Tata Capital
REC003118,PER01153,Home Loan,206,2015-12-07,300,Active,PNB
REC003119,PER01153,Personal Loan,41,2015-05-02,24,Defaulted,Canara Bank
REC003120,PER01153,Home Loan,305,2023-04-20,300,Active,Union Bank
REC003121,PER01155,Education Loan,62,2024-08-21,84,Defaulted,PNB
REC003122,PER01155,Home Loan,284,2024-06-15,360,Repaid,Tata Capital
REC003123,PER01156,Business Loan,42,2015-11-16,24,Repaid,IndusInd Bank
REC003124,PER01157,Two-Wheeler Loan,8,2025-07-17,12,Repaid,Kotak Mahindra
REC003125,PER01157,Car Loan,63,2010-04-26,48,Repaid,Bajaj Finserv
REC003126,PER01157,Business Loan,83,2017-02-11,60,Defaulted,Canara Bank
REC003127,PER01158,Education Loan,39,2016-08-07,84,Defaulted,SBI
REC003128,PER01161,Gold Loan,10,2010-05-14,12,Active,Axis Bank
REC003129,PER01161,Personal Loan,63,2010-09-02,60,Repaid,Tata Capital
REC003130,PER01161,Home Loan,259,2023-07-26,300,Repaid,IDBI Bank
REC003131,PER01162,Personal Loan,100,2024-03-20,36,Repaid,ICICI Bank
REC003132,PER01162,Car Loan,42,2022-07-10,48,Defaulted,Bajaj Finserv
REC003133,PER01163,Car Loan,42,2022-08-14,48,Repaid,Kotak Mahindra
REC003134,PER01164,Car Loan,88,2020-06-20,60,Repaid,ICICI Bank
REC003135,PER01164,Education Loan,72,2019-05-17,36,Defaulted,Bajaj Finserv
REC003136,PER01164,Personal Loan,100,2016-02-02,48,Active,Yes Bank
REC003137,PER01165,Home Loan,264,2016-06-21,300,Repaid,PNB
REC003138,PER01165,Home Loan,293,2020-07-09,240,Repaid,Kotak Mahindra
REC003139,PER01165,Home Loan,67,2013-05-26,240,Repaid,PNB
REC003140,PER01165,Car Loan,62,2012-05-23,36,Repaid,Axis Bank
REC003141,PER01165,Car Loan,48,2021-09-09,84,Repaid,Yes Bank
REC003142,PER01165,Personal Loan,58,2021-08-08,48,Repaid,Yes Bank
REC003143,PER01165,Home Loan,175,2014-04-21,180,Active,IndusInd Bank
REC003144,PER01166,Car Loan,55,2025-11-02,60,Active,PNB
REC003145,PER01166,Home Loan,138,2019-06-02,240,Repaid,Canara Bank
REC003146,PER01167,Home Loan,242,2015-05-27,360,Repaid,Bank of Baroda
REC003147,PER01167,Consumer Durable Loan,6,2017-12-10,12,Active,Bank of Baroda
REC003148,PER01168,Gold Loan,17,2020-04-13,48,Defaulted,SBI
REC003149,PER01168,Home Loan,357,2011-10-14,300,Defaulted,Kotak Mahindra
REC003150,PER01168,Personal Loan,17,2015-05-05,12,Defaulted,LIC Housing Finance
REC003151,PER01169,Car Loan,50,2017-02-26,60,Repaid,Bajaj Finserv
REC003152,PER01169,Education Loan,51,2019-06-14,36,Repaid,PNB
REC003153,PER01169,Car Loan,48,2016-09-13,84,Repaid,HDFC Bank
REC003154,PER01170,Car Loan,84,2015-08-18,48,Active,Kotak Mahindra
REC003155,PER01170,Home Loan,131,2025-04-13,120,Repaid,HDFC Bank
REC003156,PER01171,Personal Loan,37,2010-07-05,36,Repaid,Canara Bank
REC003157,PER01171,Education Loan,49,2010-09-14,36,Active,IndusInd Bank
REC003158,PER01171,Home Loan,203,2012-04-15,360,Repaid,Union Bank
REC003159,PER01172,Personal Loan,18,2018-03-16,48,Active,SBI
REC003160,PER01172,Home Loan,339,2018-01-24,180,Repaid,Tata Capital
REC003161,PER01174,Education Loan,62,2013-06-11,36,Repaid,Yes Bank
REC003162,PER01174,Car Loan,68,2013-04-26,84,Repaid,HDFC Bank
REC003163,PER01175,Business Loan,40,2015-12-18,60,Repaid,PNB
REC003164,PER01175,Personal Loan,53,2017-09-14,60,Repaid,Canara Bank
REC003165,PER01175,Car Loan,102,2022-12-21,84,Repaid,Axis Bank
REC003166,PER01175,Home Loan,273,2014-02-03,240,Repaid,ICICI Bank
REC003167,PER01175,Car Loan,58,2025-03-12,60,Repaid,IndusInd Bank
REC003168,PER01176,Home Loan,68,2019-08-21,360,Repaid,Yes Bank
REC003169,PER01176,Personal Loan,50,2017-05-16,48,Active,Tata Capital
REC003170,PER01176,Car Loan,58,2016-09-11,36,Active,IndusInd Bank
REC003171,PER01176,Home Loan,307,2022-09-03,240,Repaid,Kotak Mahindra
REC003172,PER01177,Two-Wheeler Loan,4,2014-02-24,12,Active,Bajaj Finserv
REC003173,PER01178,Home Loan,265,2022-03-21,120,Repaid,Axis Bank
REC003174,PER01178,Education Loan,32,2023-02-28,84,Repaid,Union Bank
REC003175,PER01180,Home Loan,191,2013-05-22,120,Defaulted,Canara Bank
REC003176,PER01180,Business Loan,154,2010-12-11,36,Repaid,ICICI Bank
REC003177,PER01180,Car Loan,66,2025-07-01,36,Repaid,Yes Bank
REC003178,PER01181,Car Loan,62,2019-08-15,84,Active,Kotak Mahindra
REC003179,PER01181,Two-Wheeler Loan,19,2014-12-16,12,Active,Yes Bank
REC003180,PER01181,Car Loan,46,2023-10-06,48,Active,Union Bank
REC003181,PER01182,Business Loan,50,2015-06-25,60,Repaid,Tata Capital
REC003182,PER01182,Personal Loan,22,2011-02-17,24,Repaid,ICICI Bank
REC003183,PER01182,Car Loan,39,2013-04-24,84,Repaid,Yes Bank
REC003184,PER01182,Business Loan,91,2010-09-27,36,Repaid,Bajaj Finserv
REC003185,PER01183,Car Loan,83,2014-12-08,48,Repaid,IDBI Bank
REC003186,PER01183,Personal Loan,26,2011-07-09,60,Repaid,LIC Housing Finance
REC003187,PER01183,Education Loan,38,2016-05-17,48,Repaid,Bajaj Finserv
REC003188,PER01184,Personal Loan,17,2017-11-03,36,Repaid,Bank of Baroda
REC003189,PER01184,Education Loan,32,2024-10-23,60,Repaid,ICICI Bank
REC003190,PER01184,Car Loan,36,2014-09-13,36,Repaid,IDBI Bank
REC003191,PER01184,Education Loan,36,2015-11-13,84,Active,Bank of Baroda
REC003192,PER01184,Consumer Durable Loan,3,2023-04-16,24,Repaid,IDBI Bank
REC003193,PER01185,Car Loan,50,2021-01-03,48,Active,Axis Bank
REC003194,PER01185,Personal Loan,30,2024-08-24,60,Active,IDBI Bank
REC003195,PER01185,Home Loan,246,2016-06-07,240,Repaid,Union Bank
REC003196,PER01185,Home Loan,369,2010-10-13,300,Active,Bank of Baroda
REC003197,PER01185,Home Loan,149,2020-07-09,180,Repaid,Kotak Mahindra
REC003198,PER01186,Car Loan,37,2012-07-02,48,Repaid,Kotak Mahindra
REC003199,PER01186,Business Loan,29,2023-04-03,24,Repaid,IndusInd Bank
REC003200,PER01187,Personal Loan,36,2010-06-09,36,Defaulted,ICICI Bank
REC003201,PER01187,Personal Loan,20,2014-11-14,36,Defaulted,Axis Bank
REC003202,PER01188,Personal Loan,39,2021-09-23,48,Active,IDBI Bank
REC003203,PER01188,Car Loan,27,2014-02-17,84,Defaulted,Bajaj Finserv
REC003204,PER01188,Home Loan,156,2010-09-21,180,Defaulted,Tata Capital
REC003205,PER01190,Home Loan,372,2015-09-20,360,Active,IDBI Bank
REC003206,PER01191,Personal Loan,40,2018-02-12,48,Repaid,IndusInd Bank
REC003207,PER01192,Car Loan,46,2017-09-23,48,Defaulted,Union Bank
REC003208,PER01192,Education Loan,64,2014-05-18,48,Active,IDBI Bank
REC003209,PER01192,Home Loan,146,2016-09-17,240,Active,LIC Housing Finance
REC003210,PER01193,Car Loan,46,2016-02-01,84,Defaulted,Axis Bank
REC003211,PER01193,Business Loan,86,2010-03-04,60,Defaulted,Bank of Baroda
REC003212,PER01193,Car Loan,71,2017-12-20,36,Defaulted,IDBI Bank
REC003213,PER01194,Business Loan,275,2025-01-03,12,Repaid,Axis Bank
REC003214,PER01195,Personal Loan,19,2025-10-22,60,Active,ICICI Bank
REC003215,PER01195,Home Loan,191,2011-02-27,300,Defaulted,Canara Bank
REC003216,PER01195,Home Loan,133,2019-10-04,360,Defaulted,IndusInd Bank
REC003217,PER01196,Two-Wheeler Loan,8,2014-05-20,12,Active,SBI
REC003218,PER01196,Personal Loan,46,2020-01-07,36,Repaid,Bank of Baroda
REC003219,PER01196,Education Loan,64,2024-03-17,36,Defaulted,HDFC Bank
REC003220,PER01196,Car Loan,82,2020-05-04,48,Active,LIC Housing Finance
REC003221,PER01197,Home Loan,139,2023-08-16,300,Repaid,SBI
REC003222,PER01197,Home Loan,132,2014-12-10,360,Repaid,Bajaj Finserv
REC003223,PER01197,Home Loan,143,2021-12-20,120,Repaid,HDFC Bank
REC003224,PER01197,Gold Loan,10,2014-09-03,12,Repaid,Yes Bank
REC003225,PER01198,Personal Loan,12,2023-02-18,36,Repaid,Yes Bank
REC003226,PER01198,Car Loan,46,2011-05-05,84,Active,IndusInd Bank
REC003227,PER01200,Education Loan,25,2016-09-16,48,Defaulted,Union Bank
REC003228,PER01200,Personal Loan,40,2012-05-26,48,Defaulted,Bank of Baroda
REC003229,PER01200,Education Loan,27,2010-09-14,84,Active,Canara Bank
REC003230,PER01201,Home Loan,239,2024-08-21,180,Repaid,Canara Bank
REC003231,PER01201,Business Loan,35,2010-11-18,24,Defaulted,PNB
REC003232,PER01202,Personal Loan,36,2017-12-09,12,Active,Yes Bank
REC003233,PER01202,Personal Loan,42,2021-09-15,12,Repaid,Kotak Mahindra
REC003234,PER01202,Personal Loan,100,2021-04-09,36,Active,Tata Capital
REC003235,PER01202,Personal Loan,10,2012-09-26,36,Repaid,Tata Capital
REC003236,PER01202,Home Loan,200,2024-02-12,300,Active,LIC Housing Finance
REC003237,PER01202,Personal Loan,36,2020-01-20,36,Repaid,Bajaj Finserv
REC003238,PER01202,Home Loan,199,2011-07-10,120,Repaid,IDBI Bank
REC003239,PER01203,Two-Wheeler Loan,5,2024-04-10,36,Repaid,IDBI Bank
REC003240,PER01204,Personal Loan,16,2014-01-19,24,Repaid,LIC Housing Finance
REC003241,PER01205,Business Loan,86,2010-09-18,48,Active,ICICI Bank
REC003242,PER01205,Home Loan,115,2012-03-15,360,Defaulted,PNB
REC003243,PER01205,Home Loan,376,2025-09-09,240,Defaulted,Canara Bank
REC003244,PER01205,Personal Loan,17,2017-11-02,24,Defaulted,Union Bank
REC003245,PER01205,Personal Loan,72,2014-09-07,24,Repaid,Yes Bank
REC003246,PER01206,Education Loan,29,2024-12-12,48,Repaid,SBI
REC003247,PER01207,Home Loan,99,2022-08-03,240,Defaulted,Canara Bank
REC003248,PER01207,Consumer Durable Loan,7,2017-11-06,48,Active,IDBI Bank
REC003249,PER01207,Car Loan,124,2017-05-27,48,Defaulted,Tata Capital
REC003250,PER01207,Personal Loan,56,2010-07-26,36,Repaid,ICICI Bank
REC003251,PER01207,Personal Loan,23,2022-03-18,24,Repaid,Canara Bank
REC003252,PER01207,Car Loan,67,2019-09-02,48,Active,LIC Housing Finance
REC003253,PER01207,Personal Loan,10,2012-03-01,24,Repaid,Canara Bank
REC003254,PER01208,Home Loan,318,2018-04-06,180,Repaid,IDBI Bank
REC003255,PER01209,Business Loan,312,2017-12-12,24,Defaulted,Tata Capital
REC003256,PER01209,Personal Loan,69,2018-05-13,60,Defaulted,Bajaj Finserv
REC003257,PER01209,Car Loan,49,2012-01-06,84,Repaid,LIC Housing Finance
REC003258,PER01209,Personal Loan,15,2012-05-27,48,Active,Yes Bank
REC003259,PER01209,Home Loan,158,2019-08-13,180,Repaid,Axis Bank
REC003260,PER01209,Car Loan,92,2020-10-10,48,Repaid,Kotak Mahindra
REC003261,PER01209,Home Loan,219,2019-11-19,300,Active,Bank of Baroda
REC003262,PER01210,Home Loan,149,2012-02-05,180,Repaid,PNB
REC003263,PER01211,Business Loan,54,2010-06-22,12,Repaid,SBI
REC003264,PER01211,Education Loan,149,2014-10-03,60,Active,Union Bank
REC003265,PER01211,Home Loan,254,2015-06-09,180,Repaid,IndusInd Bank
REC003266,PER01211,Personal Loan,20,2020-02-06,24,Active,Canara Bank
REC003267,PER01211,Car Loan,65,2023-08-13,36,Active,Yes Bank
REC003268,PER01212,Business Loan,70,2013-10-16,60,Repaid,SBI
REC003269,PER01213,Consumer Durable Loan,8,2011-08-11,60,Repaid,PNB
REC003270,PER01213,Two-Wheeler Loan,4,2025-07-02,12,Repaid,PNB
REC003271,PER01213,Personal Loan,90,2016-08-11,24,Repaid,Union Bank
REC003272,PER01213,Home Loan,137,2019-12-20,240,Repaid,HDFC Bank
REC003273,PER01213,Home Loan,346,2012-02-13,300,Repaid,Tata Capital
REC003274,PER01214,Car Loan,37,2019-06-06,48,Repaid,ICICI Bank
REC003275,PER01214,Education Loan,66,2023-06-15,84,Active,Union Bank
REC003276,PER01214,Two-Wheeler Loan,12,2023-11-08,36,Repaid,Tata Capital
REC003277,PER01214,Home Loan,344,2021-02-17,360,Repaid,Yes Bank
REC003278,PER01215,Car Loan,56,2015-05-21,84,Active,Canara Bank
REC003279,PER01215,Personal Loan,39,2023-02-18,48,Repaid,IndusInd Bank
REC003280,PER01215,Education Loan,50,2020-06-24,60,Repaid,ICICI Bank
REC003281,PER01216,Personal Loan,42,2021-04-10,36,Active,Canara Bank
REC003282,PER01217,Two-Wheeler Loan,3,2019-01-23,24,Repaid,Tata Capital
REC003283,PER01217,Car Loan,99,2018-07-02,84,Repaid,HDFC Bank
REC003284,PER01218,Home Loan,153,2013-07-14,240,Repaid,Bajaj Finserv
REC003285,PER01218,Home Loan,153,2010-12-26,360,Active,Union Bank
REC003286,PER01218,Home Loan,150,2019-12-13,360,Repaid,Bajaj Finserv
REC003287,PER01218,Home Loan,409,2024-04-20,300,Repaid,Tata Capital
REC003288,PER01219,Home Loan,102,2011-07-16,300,Defaulted,SBI
REC003289,PER01219,Education Loan,22,2018-07-05,36,Active,Union Bank
REC003290,PER01219,Personal Loan,21,2019-06-09,36,Defaulted,PNB
REC003291,PER01219,Home Loan,407,2022-12-03,180,Repaid,HDFC Bank
REC003292,PER01219,Car Loan,37,2016-04-11,84,Repaid,IDBI Bank
REC003293,PER01220,Business Loan,500,2017-07-11,36,Active,Tata Capital
REC003294,PER01220,Personal Loan,47,2012-05-06,48,Repaid,LIC Housing Finance
REC003295,PER01220,Personal Loan,58,2011-12-25,36,Repaid,Union Bank
REC003296,PER01221,Car Loan,58,2015-11-17,60,Defaulted,Kotak Mahindra
REC003297,PER01221,Home Loan,99,2012-07-06,240,Active,SBI
REC003298,PER01221,Home Loan,481,2020-12-22,180,Repaid,Yes Bank
REC003299,PER01221,Personal Loan,61,2012-10-12,12,Repaid,Canara Bank
REC003300,PER01221,Home Loan,199,2019-10-14,300,Active,Bank of Baroda
REC003301,PER01222,Business Loan,91,2012-05-20,60,Active,PNB
REC003302,PER01222,Gold Loan,7,2013-01-26,48,Repaid,Axis Bank
REC003303,PER01224,Home Loan,136,2012-03-02,240,Active,IndusInd Bank
REC003304,PER01225,Home Loan,267,2010-04-20,120,Active,Bajaj Finserv
REC003305,PER01225,Home Loan,139,2010-08-20,300,Active,LIC Housing Finance
REC003306,PER01226,Personal Loan,27,2024-03-18,24,Repaid,Union Bank
REC003307,PER01227,Business Loan,490,2016-04-03,24,Repaid,SBI
REC003308,PER01227,Personal Loan,97,2013-04-25,24,Repaid,Union Bank
REC003309,PER01227,Gold Loan,28,2018-05-15,12,Repaid,Bank of Baroda
REC003310,PER01228,Home Loan,357,2010-10-21,240,Repaid,ICICI Bank
REC003311,PER01229,Home Loan,131,2013-04-02,180,Repaid,IDBI Bank
REC003312,PER01229,Home Loan,141,2015-12-22,240,Active,Kotak Mahindra
REC003313,PER01229,Personal Loan,51,2019-09-19,36,Repaid,Axis Bank
REC003314,PER01229,Personal Loan,47,2021-09-08,24,Repaid,Axis Bank
REC003315,PER01229,Home Loan,547,2023-12-05,360,Repaid,Tata Capital
REC003316,PER01230,Personal Loan,29,2017-05-09,60,Active,LIC Housing Finance
REC003317,PER01230,Business Loan,45,2021-10-23,48,Defaulted,HDFC Bank
REC003318,PER01231,Home Loan,177,2013-02-17,180,Repaid,LIC Housing Finance
REC003319,PER01231,Home Loan,340,2012-11-01,120,Active,Bank of Baroda
REC003320,PER01232,Personal Loan,47,2018-08-01,60,Repaid,Canara Bank
REC003321,PER01232,Education Loan,30,2023-10-27,84,Repaid,HDFC Bank
REC003322,PER01233,Personal Loan,47,2013-01-05,48,Repaid,PNB
REC003323,PER01233,Car Loan,30,2014-11-10,84,Defaulted,Tata Capital
REC003324,PER01234,Personal Loan,62,2024-04-19,48,Repaid,Bajaj Finserv
REC003325,PER01234,Education Loan,101,2025-09-24,60,Repaid,Bajaj Finserv
REC003326,PER01234,Personal Loan,26,2013-04-24,48,Repaid,Union Bank
REC003327,PER01235,Car Loan,66,2015-12-20,84,Defaulted,Tata Capital
REC003328,PER01235,Personal Loan,10,2013-11-11,12,Repaid,HDFC Bank
REC003329,PER01235,Personal Loan,18,2017-09-10,36,Active,Union Bank
REC003330,PER01235,Car Loan,40,2022-04-22,48,Active,Bajaj Finserv
REC003331,PER01235,Home Loan,65,2013-05-07,180,Defaulted,Bank of Baroda
REC003332,PER01235,Home Loan,191,2018-03-24,240,Repaid,IDBI Bank
REC003333,PER01236,Personal Loan,38,2019-03-07,48,Repaid,IndusInd Bank
REC003334,PER01236,Car Loan,51,2021-12-21,48,Repaid,PNB
REC003335,PER01236,Home Loan,334,2014-04-16,360,Active,IndusInd Bank
REC003336,PER01237,Personal Loan,36,2017-06-11,48,Repaid,Kotak Mahindra
REC003337,PER01238,Two-Wheeler Loan,3,2018-06-10,12,Repaid,Kotak Mahindra
REC003338,PER01238,Personal Loan,15,2019-12-28,12,Repaid,ICICI Bank
REC003339,PER01238,Home Loan,80,2022-08-22,180,Repaid,Tata Capital
REC003340,PER01239,Home Loan,221,2010-08-15,360,Active,Bank of Baroda
REC003341,PER01239,Car Loan,47,2015-04-01,60,Repaid,Axis Bank
REC003342,PER01240,Gold Loan,6,2013-04-01,48,Repaid,IndusInd Bank
REC003343,PER01240,Business Loan,75,2025-08-12,12,Repaid,Axis Bank
REC003344,PER01240,Personal Loan,78,2014-04-22,60,Active,ICICI Bank
REC003345,PER01241,Personal Loan,30,2017-07-28,12,Defaulted,LIC Housing Finance
REC003346,PER01241,Car Loan,73,2021-10-07,48,Defaulted,SBI
REC003347,PER01241,Car Loan,80,2010-04-23,48,Active,Bank of Baroda
REC003348,PER01241,Consumer Durable Loan,30,2012-05-12,48,Defaulted,Axis Bank
REC003349,PER01242,Home Loan,206,2021-05-14,120,Active,PNB
REC003350,PER01242,Business Loan,191,2012-10-08,24,Active,HDFC Bank
REC003351,PER01243,Car Loan,42,2022-03-01,48,Active,SBI
REC003352,PER01243,Business Loan,79,2022-01-15,24,Repaid,IDBI Bank
REC003353,PER01243,Home Loan,84,2020-03-28,300,Repaid,LIC Housing Finance
REC003354,PER01243,Personal Loan,15,2022-09-25,24,Repaid,Bank of Baroda
REC003355,PER01244,Personal Loan,15,2020-08-25,60,Active,Yes Bank
REC003356,PER01244,Business Loan,154,2012-02-03,48,Repaid,Canara Bank
REC003357,PER01244,Business Loan,121,2019-06-28,36,Defaulted,LIC Housing Finance
REC003358,PER01244,Home Loan,383,2015-11-26,300,Repaid,IDBI Bank
REC003359,PER01244,Education Loan,19,2020-06-19,84,Active,Tata Capital
REC003360,PER01245,Personal Loan,44,2022-09-16,48,Repaid,Bajaj Finserv
REC003361,PER01245,Car Loan,71,2013-07-17,84,Repaid,Tata Capital
REC003362,PER01245,Personal Loan,35,2022-04-24,12,Repaid,PNB
REC003363,PER01246,Home Loan,175,2019-12-25,240,Repaid,LIC Housing Finance
REC003364,PER01246,Personal Loan,34,2025-01-28,24,Repaid,HDFC Bank
REC003365,PER01246,Home Loan,277,2022-12-28,240,Active,IndusInd Bank
REC003366,PER01246,Car Loan,91,2023-08-12,48,Defaulted,IndusInd Bank
REC003367,PER01246,Personal Loan,97,2017-09-08,48,Active,Kotak Mahindra
REC003368,PER01247,Personal Loan,36,2012-08-20,48,Repaid,Union Bank
REC003369,PER01248,Home Loan,230,2020-04-20,120,Repaid,Yes Bank
REC003370,PER01249,Consumer Durable Loan,6,2010-02-14,36,Active,LIC Housing Finance
REC003371,PER01250,Business Loan,122,2023-11-16,24,Repaid,HDFC Bank
REC003372,PER01250,Car Loan,55,2020-07-21,36,Repaid,Axis Bank
REC003373,PER01252,Home Loan,93,2014-05-09,300,Repaid,PNB
REC003374,PER01252,Gold Loan,17,2020-08-28,36,Repaid,HDFC Bank
REC003375,PER01252,Home Loan,136,2010-08-17,240,Active,IndusInd Bank
REC003376,PER01252,Business Loan,71,2021-02-11,60,Active,PNB
REC003377,PER01252,Personal Loan,47,2011-11-14,48,Active,Axis Bank
REC003378,PER01252,Gold Loan,6,2016-01-05,36,Defaulted,LIC Housing Finance
REC003379,PER01252,Personal Loan,27,2015-03-01,60,Defaulted,SBI
REC003380,PER01252,Education Loan,33,2015-01-27,36,Repaid,HDFC Bank
REC003381,PER01254,Personal Loan,51,2014-12-20,48,Defaulted,IndusInd Bank
REC003382,PER01254,Car Loan,50,2020-01-21,36,Repaid,IDBI Bank
REC003383,PER01254,Car Loan,45,2012-07-19,84,Active,Tata Capital
REC003384,PER01255,Home Loan,234,2015-04-28,240,Repaid,PNB
REC003385,PER01255,Home Loan,292,2023-03-12,120,Defaulted,IndusInd Bank
REC003386,PER01256,Home Loan,486,2013-04-28,360,Defaulted,SBI
REC003387,PER01256,Education Loan,59,2015-02-05,60,Active,HDFC Bank
REC003388,PER01256,Education Loan,41,2022-08-14,48,Defaulted,Kotak Mahindra
REC003389,PER01257,Business Loan,163,2016-09-12,36,Repaid,HDFC Bank
REC003390,PER01257,Personal Loan,51,2018-11-18,48,Defaulted,IDBI Bank
REC003391,PER01257,Business Loan,223,2015-02-28,60,Active,Bajaj Finserv
REC003392,PER01257,Personal Loan,39,2017-11-25,36,Defaulted,Kotak Mahindra
REC003393,PER01258,Home Loan,163,2018-02-18,360,Defaulted,IndusInd Bank
REC003394,PER01258,Home Loan,171,2021-09-06,360,Repaid,ICICI Bank
REC003395,PER01259,Education Loan,59,2010-01-14,84,Repaid,Axis Bank
REC003396,PER01259,Home Loan,154,2024-10-01,240,Repaid,Tata Capital
REC003397,PER01259,Business Loan,58,2024-09-08,36,Repaid,Tata Capital
REC003398,PER01260,Home Loan,253,2010-12-19,120,Active,Tata Capital
REC003399,PER01260,Gold Loan,18,2024-06-06,48,Active,PNB
REC003400,PER01260,Home Loan,67,2014-03-23,120,Repaid,IndusInd Bank
REC003401,PER01260,Car Loan,53,2015-05-26,48,Active,Tata Capital
REC003402,PER01260,Consumer Durable Loan,12,2018-07-10,36,Repaid,PNB
REC003403,PER01261,Home Loan,305,2018-03-07,300,Repaid,ICICI Bank
REC003404,PER01262,Consumer Durable Loan,8,2016-10-24,36,Repaid,IndusInd Bank
REC003405,PER01262,Business Loan,82,2022-04-25,48,Repaid,ICICI Bank
REC003406,PER01263,Personal Loan,88,2012-12-08,48,Defaulted,Canara Bank
REC003407,PER01263,Personal Loan,24,2014-11-17,48,Active,ICICI Bank
REC003408,PER01263,Personal Loan,48,2019-01-16,24,Repaid,HDFC Bank
REC003409,PER01263,Personal Loan,66,2024-05-17,60,Repaid,Canara Bank
REC003410,PER01263,Home Loan,128,2021-01-22,240,Repaid,Yes Bank
REC003411,PER01264,Home Loan,157,2010-10-09,360,Repaid,Axis Bank
REC003412,PER01266,Business Loan,68,2013-09-28,36,Repaid,IDBI Bank
REC003413,PER01266,Personal Loan,36,2024-07-11,48,Repaid,Yes Bank
REC003414,PER01267,Personal Loan,53,2011-05-16,60,Repaid,IDBI Bank
REC003415,PER01269,Personal Loan,26,2013-06-25,24,Active,Canara Bank
REC003416,PER01269,Personal Loan,20,2015-06-14,60,Repaid,HDFC Bank
REC003417,PER01269,Home Loan,179,2011-07-09,240,Repaid,ICICI Bank
REC003418,PER01269,Business Loan,182,2012-01-16,60,Defaulted,IndusInd Bank
REC003419,PER01270,Home Loan,185,2017-10-20,240,Defaulted,Kotak Mahindra
REC003420,PER01270,Personal Loan,53,2024-12-20,12,Defaulted,Tata Capital
REC003421,PER01270,Home Loan,337,2021-11-11,300,Defaulted,Yes Bank
REC003422,PER01270,Car Loan,51,2011-10-19,48,Defaulted,Union Bank
REC003423,PER01271,Home Loan,83,2017-05-01,300,Repaid,IDBI Bank
REC003424,PER01271,Business Loan,83,2011-08-28,24,Repaid,Union Bank
REC003425,PER01272,Home Loan,138,2017-03-17,360,Repaid,IndusInd Bank
REC003426,PER01272,Home Loan,268,2021-06-25,240,Repaid,Yes Bank
REC003427,PER01273,Personal Loan,41,2010-10-04,36,Repaid,SBI
REC003428,PER01273,Personal Loan,31,2025-04-03,12,Repaid,SBI
REC003429,PER01274,Personal Loan,88,2010-10-06,12,Repaid,Kotak Mahindra
REC003430,PER01276,Home Loan,183,2014-02-28,120,Active,Tata Capital
REC003431,PER01276,Car Loan,73,2015-10-19,36,Repaid,LIC Housing Finance
REC003432,PER01276,Home Loan,161,2015-06-17,360,Active,Kotak Mahindra
REC003433,PER01276,Home Loan,171,2014-07-09,360,Repaid,Bajaj Finserv
REC003434,PER01278,Business Loan,108,2023-07-22,60,Active,Yes Bank
REC003435,PER01278,Car Loan,41,2010-04-15,60,Active,SBI
REC003436,PER01279,Personal Loan,20,2011-11-24,36,Repaid,IDBI Bank
REC003437,PER01279,Home Loan,93,2023-05-01,120,Repaid,IndusInd Bank
REC003438,PER01279,Home Loan,281,2023-08-20,180,Repaid,Kotak Mahindra
REC003439,PER01280,Car Loan,58,2012-09-25,48,Repaid,ICICI Bank
REC003440,PER01281,Education Loan,25,2021-05-04,36,Active,Axis Bank
REC003441,PER01281,Gold Loan,9,2022-10-16,48,Repaid,PNB
REC003442,PER01282,Personal Loan,65,2019-09-10,60,Repaid,LIC Housing Finance
REC003443,PER01282,Business Loan,145,2025-11-13,12,Defaulted,IndusInd Bank
REC003444,PER01282,Home Loan,183,2020-05-03,360,Repaid,Yes Bank
REC003445,PER01282,Home Loan,292,2023-11-18,300,Active,HDFC Bank
REC003446,PER01283,Two-Wheeler Loan,7,2016-05-01,12,Active,IDBI Bank
REC003447,PER01283,Consumer Durable Loan,11,2017-01-26,12,Defaulted,Tata Capital
REC003448,PER01283,Home Loan,58,2014-05-03,300,Defaulted,ICICI Bank
REC003449,PER01284,Personal Loan,26,2025-03-16,60,Repaid,Bank of Baroda
REC003450,PER01284,Education Loan,18,2025-05-23,60,Active,Union Bank
REC003451,PER01284,Home Loan,333,2011-05-12,180,Repaid,SBI
REC003452,PER01284,Home Loan,96,2013-10-12,180,Repaid,Axis Bank
REC003453,PER01284,Education Loan,55,2012-03-07,48,Repaid,Bank of Baroda
REC003454,PER01284,Home Loan,145,2025-02-07,180,Repaid,LIC Housing Finance
REC003455,PER01284,Personal Loan,66,2016-11-24,48,Active,Bajaj Finserv
REC003456,PER01285,Home Loan,289,2025-11-19,240,Repaid,Kotak Mahindra
REC003457,PER01285,Car Loan,105,2024-10-10,84,Repaid,SBI
REC003458,PER01285,Personal Loan,41,2011-04-23,24,Defaulted,HDFC Bank
REC003459,PER01286,Education Loan,67,2017-08-20,60,Active,Bajaj Finserv
REC003460,PER01286,Home Loan,112,2010-01-24,240,Defaulted,Bank of Baroda
REC003461,PER01286,Business Loan,133,2013-07-22,36,Defaulted,Union Bank
REC003462,PER01286,Personal Loan,86,2019-10-05,12,Defaulted,IndusInd Bank
REC003463,PER01288,Education Loan,10,2015-08-17,60,Active,PNB
REC003464,PER01288,Car Loan,38,2022-11-09,48,Repaid,PNB
REC003465,PER01288,Business Loan,38,2016-01-17,24,Repaid,Bajaj Finserv
REC003466,PER01288,Education Loan,86,2020-07-02,84,Repaid,IndusInd Bank
REC003467,PER01288,Home Loan,145,2019-01-12,120,Active,Bank of Baroda
REC003468,PER01288,Personal Loan,65,2012-03-07,24,Repaid,IDBI Bank
REC003469,PER01289,Car Loan,48,2023-12-16,36,Active,Kotak Mahindra
REC003470,PER01289,Personal Loan,26,2015-12-13,36,Active,Yes Bank
REC003471,PER01289,Consumer Durable Loan,4,2023-05-20,48,Active,Axis Bank
REC003472,PER01289,Business Loan,45,2020-03-06,48,Repaid,HDFC Bank
REC003473,PER01290,Car Loan,35,2012-12-09,84,Defaulted,LIC Housing Finance
REC003474,PER01290,Home Loan,217,2011-10-25,180,Repaid,ICICI Bank
REC003475,PER01290,Home Loan,439,2012-10-08,180,Defaulted,Yes Bank
REC003476,PER01291,Personal Loan,17,2017-05-13,60,Repaid,Bajaj Finserv
REC003477,PER01291,Business Loan,260,2025-05-23,36,Repaid,Bank of Baroda
REC003478,PER01291,Business Loan,110,2025-07-16,60,Active,Union Bank
REC003479,PER01291,Home Loan,264,2016-02-27,300,Active,IndusInd Bank
REC003480,PER01293,Home Loan,164,2022-06-16,300,Repaid,Tata Capital
REC003481,PER01293,Business Loan,77,2018-06-01,24,Repaid,Kotak Mahindra
REC003482,PER01293,Education Loan,62,2024-09-19,60,Repaid,PNB
REC003483,PER01294,Home Loan,222,2020-06-06,180,Repaid,Tata Capital
REC003484,PER01294,Personal Loan,18,2024-12-09,24,Defaulted,SBI
REC003485,PER01295,Education Loan,69,2013-06-26,48,Repaid,Kotak Mahindra
REC003486,PER01295,Personal Loan,31,2024-11-19,12,Repaid,Tata Capital
REC003487,PER01296,Car Loan,41,2023-07-25,36,Active,Yes Bank
REC003488,PER01296,Car Loan,69,2022-01-14,36,Active,Union Bank
REC003489,PER01296,Home Loan,121,2016-08-28,240,Active,Yes Bank
REC003490,PER01297,Car Loan,123,2021-08-14,60,Active,SBI
REC003491,PER01298,Personal Loan,57,2017-05-19,12,Repaid,LIC Housing Finance
REC003492,PER01298,Consumer Durable Loan,5,2017-05-21,60,Active,ICICI Bank
REC003493,PER01299,Education Loan,46,2025-04-07,36,Repaid,IndusInd Bank
REC003494,PER01299,Home Loan,245,2010-06-28,300,Defaulted,LIC Housing Finance
REC003495,PER01299,Home Loan,391,2010-09-15,180,Repaid,PNB
REC003496,PER01300,Gold Loan,21,2022-08-11,36,Repaid,Bank of Baroda
REC003497,PER01300,Gold Loan,16,2018-04-10,12,Repaid,IDBI Bank
REC003498,PER01300,Personal Loan,17,2010-03-07,36,Active,Kotak Mahindra
REC003499,PER01300,Home Loan,90,2011-07-26,240,Repaid,IndusInd Bank
REC003500,PER01301,Personal Loan,18,2016-01-15,48,Active,IndusInd Bank
REC003501,PER01301,Education Loan,29,2022-05-17,60,Active,Axis Bank
REC003502,PER01301,Car Loan,52,2020-06-23,84,Defaulted,Axis Bank
REC003503,PER01301,Gold Loan,11,2021-07-27,24,Active,Kotak Mahindra
REC003504,PER01302,Personal Loan,51,2015-09-02,48,Repaid,LIC Housing Finance
REC003505,PER01302,Personal Loan,28,2022-06-16,48,Repaid,Bank of Baroda
REC003506,PER01303,Home Loan,149,2024-03-01,240,Active,IndusInd Bank
REC003507,PER01304,Personal Loan,44,2016-08-22,60,Defaulted,Axis Bank
REC003508,PER01304,Car Loan,54,2010-06-03,60,Repaid,SBI
REC003509,PER01304,Personal Loan,68,2024-08-11,24,Active,Bajaj Finserv
REC003510,PER01305,Home Loan,236,2016-09-15,240,Repaid,Union Bank
REC003511,PER01306,Personal Loan,38,2019-05-15,12,Repaid,Bank of Baroda
REC003512,PER01306,Education Loan,49,2024-08-18,36,Repaid,PNB
REC003513,PER01307,Home Loan,97,2010-04-06,360,Repaid,SBI
REC003514,PER01308,Home Loan,177,2015-03-22,120,Active,Union Bank
REC003515,PER01308,Home Loan,185,2022-03-08,360,Repaid,PNB
REC003516,PER01308,Home Loan,800,2010-06-14,300,Active,Tata Capital
REC003517,PER01308,Home Loan,113,2018-11-16,120,Repaid,Kotak Mahindra
REC003518,PER01308,Personal Loan,27,2020-06-14,60,Repaid,IndusInd Bank
REC003519,PER01308,Home Loan,77,2010-05-05,240,Repaid,PNB
REC003520,PER01308,Personal Loan,28,2021-12-07,36,Repaid,Bajaj Finserv
REC003521,PER01308,Business Loan,287,2022-04-04,60,Repaid,SBI
REC003522,PER01309,Home Loan,144,2019-06-07,180,Repaid,Union Bank
REC003523,PER01309,Car Loan,42,2025-09-17,60,Repaid,HDFC Bank
REC003524,PER01309,Personal Loan,49,2010-03-22,36,Repaid,Bank of Baroda
REC003525,PER01309,Home Loan,127,2023-02-25,180,Repaid,Union Bank
REC003526,PER01310,Personal Loan,19,2019-08-13,60,Defaulted,Union Bank
REC003527,PER01310,Personal Loan,34,2012-01-19,60,Active,HDFC Bank
REC003528,PER01311,Car Loan,75,2025-07-19,60,Repaid,HDFC Bank
REC003529,PER01311,Car Loan,31,2018-10-26,48,Repaid,PNB
REC003530,PER01311,Car Loan,44,2013-02-16,36,Active,LIC Housing Finance
REC003531,PER01312,Gold Loan,29,2018-08-02,60,Repaid,IndusInd Bank
REC003532,PER01312,Car Loan,63,2012-08-24,36,Repaid,ICICI Bank
REC003533,PER01313,Car Loan,20,2010-01-11,48,Repaid,IDBI Bank
REC003534,PER01314,Personal Loan,16,2012-12-24,60,Defaulted,Axis Bank
REC003535,PER01315,Gold Loan,12,2017-05-21,12,Defaulted,PNB
REC003536,PER01315,Personal Loan,18,2010-04-02,24,Defaulted,LIC Housing Finance
REC003537,PER01316,Business Loan,89,2023-04-17,24,Repaid,Canara Bank
REC003538,PER01316,Two-Wheeler Loan,17,2012-09-18,48,Repaid,LIC Housing Finance
REC003539,PER01316,Two-Wheeler Loan,5,2015-03-08,60,Repaid,LIC Housing Finance
REC003540,PER01316,Personal Loan,57,2011-08-19,48,Repaid,Yes Bank
REC003541,PER01317,Personal Loan,24,2024-04-04,24,Repaid,IDBI Bank
REC003542,PER01317,Personal Loan,30,2019-11-14,60,Active,Tata Capital
REC003543,PER01319,Personal Loan,32,2023-08-01,12,Repaid,IndusInd Bank
REC003544,PER01319,Home Loan,420,2019-07-01,240,Repaid,Union Bank
REC003545,PER01319,Personal Loan,14,2014-05-17,24,Active,SBI
REC003546,PER01319,Consumer Durable Loan,7,2011-09-07,60,Repaid,PNB
REC003547,PER01320,Business Loan,52,2020-03-28,12,Repaid,Bank of Baroda
REC003548,PER01320,Car Loan,45,2020-03-16,36,Repaid,Bajaj Finserv
REC003549,PER01320,Personal Loan,100,2017-10-22,24,Repaid,IndusInd Bank
REC003550,PER01320,Car Loan,41,2019-07-19,48,Repaid,Canara Bank
REC003551,PER01320,Personal Loan,26,2021-11-25,48,Repaid,Kotak Mahindra
REC003552,PER01320,Home Loan,178,2025-02-22,120,Repaid,Yes Bank
REC003553,PER01321,Personal Loan,27,2013-10-11,48,Active,LIC Housing Finance
REC003554,PER01321,Personal Loan,27,2010-11-22,60,Repaid,IDBI Bank
REC003555,PER01321,Personal Loan,69,2021-07-02,12,Active,Yes Bank
REC003556,PER01321,Personal Loan,48,2011-10-03,12,Repaid,LIC Housing Finance
REC003557,PER01322,Consumer Durable Loan,5,2019-08-01,48,Repaid,HDFC Bank
REC003558,PER01322,Consumer Durable Loan,2,2011-08-21,12,Repaid,IndusInd Bank
REC003559,PER01322,Home Loan,498,2024-09-16,180,Repaid,LIC Housing Finance
REC003560,PER01322,Home Loan,121,2025-11-17,300,Repaid,Union Bank
REC003561,PER01322,Gold Loan,4,2023-01-15,60,Repaid,Tata Capital
REC003562,PER01322,Home Loan,190,2025-01-14,360,Repaid,Canara Bank
REC003563,PER01322,Consumer Durable Loan,4,2015-06-15,60,Repaid,Yes Bank
REC003564,PER01323,Education Loan,49,2023-06-02,36,Repaid,Canara Bank
REC003565,PER01323,Personal Loan,100,2013-04-25,12,Repaid,Bajaj Finserv
REC003566,PER01323,Two-Wheeler Loan,6,2020-04-10,24,Repaid,PNB
REC003567,PER01323,Business Loan,89,2012-10-19,24,Active,PNB
REC003568,PER01323,Car Loan,85,2018-11-11,84,Defaulted,Kotak Mahindra
REC003569,PER01324,Personal Loan,21,2010-12-06,60,Repaid,Canara Bank
REC003570,PER01324,Home Loan,101,2021-08-01,300,Repaid,IDBI Bank
REC003571,PER01324,Car Loan,68,2010-12-15,60,Active,LIC Housing Finance
REC003572,PER01325,Education Loan,32,2023-01-01,36,Repaid,IDBI Bank
REC003573,PER01325,Education Loan,60,2019-05-25,60,Defaulted,Tata Capital
REC003574,PER01325,Gold Loan,18,2025-12-28,36,Repaid,Union Bank
REC003575,PER01325,Car Loan,54,2020-02-26,48,Repaid,ICICI Bank
REC003576,PER01325,Home Loan,208,2019-07-19,120,Active,ICICI Bank
REC003577,PER01325,Home Loan,61,2024-05-14,240,Active,Bank of Baroda
REC003578,PER01325,Personal Loan,31,2020-03-06,60,Repaid,Bank of Baroda
REC003579,PER01326,Car Loan,53,2013-07-16,60,Repaid,Axis Bank
REC003580,PER01326,Education Loan,45,2017-08-24,48,Repaid,Canara Bank
REC003581,PER01327,Education Loan,50,2022-12-13,36,Active,Axis Bank
REC003582,PER01327,Home Loan,293,2013-04-22,300,Repaid,Axis Bank
REC003583,PER01328,Two-Wheeler Loan,7,2016-07-23,48,Repaid,LIC Housing Finance
REC003584,PER01328,Home Loan,121,2011-07-10,180,Active,IndusInd Bank
REC003585,PER01329,Two-Wheeler Loan,4,2019-07-28,24,Repaid,IDBI Bank
REC003586,PER01329,Car Loan,32,2017-04-12,36,Repaid,Bank of Baroda
REC003587,PER01329,Personal Loan,18,2011-08-27,24,Repaid,SBI
REC003588,PER01330,Personal Loan,18,2013-02-11,48,Active,Bank of Baroda
REC003589,PER01331,Personal Loan,36,2013-10-16,24,Defaulted,Kotak Mahindra
REC003590,PER01332,Business Loan,203,2010-09-15,60,Active,Axis Bank
REC003591,PER01332,Business Loan,119,2016-10-12,48,Defaulted,Yes Bank
REC003592,PER01333,Car Loan,36,2017-07-07,84,Repaid,HDFC Bank
REC003593,PER01333,Home Loan,163,2020-03-28,120,Repaid,Bank of Baroda
REC003594,PER01333,Consumer Durable Loan,5,2010-09-18,48,Defaulted,IDBI Bank
REC003595,PER01334,Education Loan,55,2013-08-14,36,Active,SBI
REC003596,PER01334,Education Loan,46,2015-01-04,36,Repaid,Bajaj Finserv
REC003597,PER01334,Home Loan,299,2025-06-10,180,Repaid,Tata Capital
REC003598,PER01334,Home Loan,404,2019-06-25,120,Defaulted,HDFC Bank
REC003599,PER01334,Personal Loan,42,2021-09-28,60,Repaid,Union Bank
REC003600,PER01335,Gold Loan,10,2024-03-28,12,Defaulted,ICICI Bank
REC003601,PER01335,Gold Loan,10,2017-03-05,48,Repaid,IDBI Bank
REC003602,PER01335,Personal Loan,69,2020-07-21,12,Repaid,HDFC Bank
REC003603,PER01335,Consumer Durable Loan,5,2023-02-16,48,Repaid,Kotak Mahindra
REC003604,PER01336,Home Loan,163,2019-12-01,180,Active,Bajaj Finserv
REC003605,PER01336,Education Loan,112,2022-09-12,60,Defaulted,IndusInd Bank
REC003606,PER01337,Education Loan,21,2011-11-06,36,Active,PNB
REC003607,PER01337,Home Loan,218,2011-06-20,180,Repaid,IDBI Bank
REC003608,PER01338,Car Loan,84,2012-05-23,36,Repaid,HDFC Bank
REC003609,PER01338,Consumer Durable Loan,4,2018-06-04,60,Repaid,Bajaj Finserv
REC003610,PER01339,Gold Loan,7,2023-02-08,12,Repaid,Kotak Mahindra
REC003611,PER01339,Home Loan,176,2020-03-02,120,Repaid,ICICI Bank
REC003612,PER01339,Home Loan,290,2023-07-11,360,Repaid,Bank of Baroda
REC003613,PER01340,Home Loan,192,2025-04-17,360,Active,Canara Bank
REC003614,PER01341,Home Loan,234,2020-10-21,180,Repaid,PNB
REC003615,PER01341,Personal Loan,39,2012-01-19,36,Repaid,PNB
REC003616,PER01341,Two-Wheeler Loan,15,2018-11-14,48,Defaulted,PNB
REC003617,PER01341,Personal Loan,13,2014-08-25,24,Repaid,Kotak Mahindra
REC003618,PER01342,Home Loan,321,2019-10-13,240,Repaid,Tata Capital
REC003619,PER01344,Home Loan,397,2021-08-08,300,Repaid,Bank of Baroda
REC003620,PER01344,Education Loan,32,2020-11-23,36,Defaulted,Union Bank
REC003621,PER01344,Personal Loan,29,2013-08-07,24,Defaulted,Bajaj Finserv
REC003622,PER01344,Home Loan,390,2023-03-03,120,Repaid,Kotak Mahindra
REC003623,PER01345,Home Loan,203,2017-05-13,120,Active,Kotak Mahindra
REC003624,PER01345,Home Loan,88,2021-03-04,240,Repaid,LIC Housing Finance
REC003625,PER01345,Business Loan,129,2018-04-06,12,Repaid,Bajaj Finserv
REC003626,PER01345,Consumer Durable Loan,5,2024-03-05,60,Repaid,LIC Housing Finance
REC003627,PER01346,Car Loan,42,2013-02-25,48,Active,Bank of Baroda
REC003628,PER01346,Car Loan,70,2015-04-25,60,Defaulted,Kotak Mahindra
REC003629,PER01346,Home Loan,118,2015-02-20,360,Repaid,IDBI Bank
REC003630,PER01346,Personal Loan,81,2015-01-25,48,Defaulted,SBI
REC003631,PER01347,Two-Wheeler Loan,15,2017-06-05,60,Defaulted,Union Bank
REC003632,PER01347,Home Loan,136,2023-11-22,180,Active,IDBI Bank
REC003633,PER01348,Home Loan,178,2013-05-13,120,Defaulted,Yes Bank
REC003634,PER01349,Home Loan,182,2015-10-16,180,Repaid,Axis Bank
REC003635,PER01349,Business Loan,89,2023-04-16,48,Repaid,Union Bank
REC003636,PER01349,Education Loan,82,2010-12-16,60,Defaulted,Kotak Mahindra
REC003637,PER01350,Personal Loan,22,2019-10-08,48,Active,Bank of Baroda
REC003638,PER01350,Home Loan,464,2012-02-05,120,Defaulted,PNB
REC003639,PER01350,Education Loan,34,2023-04-24,36,Repaid,Union Bank
REC003640,PER01350,Home Loan,168,2013-07-05,360,Repaid,Bajaj Finserv
REC003641,PER01351,Personal Loan,27,2013-08-22,24,Repaid,Bank of Baroda
REC003642,PER01351,Consumer Durable Loan,21,2023-11-19,48,Active,Axis Bank
REC003643,PER01351,Personal Loan,38,2018-03-17,24,Repaid,Kotak Mahindra
REC003644,PER01352,Car Loan,83,2022-11-17,48,Defaulted,Kotak Mahindra
REC003645,PER01352,Gold Loan,6,2022-10-03,36,Defaulted,Kotak Mahindra
REC003646,PER01352,Personal Loan,21,2016-02-11,36,Defaulted,Union Bank
REC003647,PER01352,Personal Loan,17,2020-04-21,48,Active,Union Bank
REC003648,PER01353,Personal Loan,11,2012-12-07,12,Defaulted,IDBI Bank
REC003649,PER01354,Gold Loan,7,2023-11-26,48,Active,Union Bank
REC003650,PER01354,Car Loan,59,2020-07-17,60,Repaid,Kotak Mahindra
REC003651,PER01354,Personal Loan,20,2023-10-12,24,Repaid,Yes Bank
REC003652,PER01354,Home Loan,69,2010-11-14,180,Repaid,IDBI Bank
REC003653,PER01355,Home Loan,129,2017-06-20,120,Active,Bank of Baroda
REC003654,PER01355,Education Loan,72,2016-02-14,48,Active,LIC Housing Finance
REC003655,PER01355,Education Loan,33,2023-11-02,60,Active,HDFC Bank
REC003656,PER01356,Education Loan,42,2017-01-09,84,Repaid,Union Bank
REC003657,PER01356,Car Loan,52,2015-01-22,48,Active,Kotak Mahindra
REC003658,PER01356,Business Loan,97,2013-02-12,36,Active,IDBI Bank
REC003659,PER01356,Home Loan,150,2010-09-06,240,Active,Kotak Mahindra
REC003660,PER01356,Home Loan,179,2013-10-17,120,Defaulted,PNB
REC003661,PER01356,Home Loan,260,2021-10-28,180,Repaid,Bajaj Finserv
REC003662,PER01356,Personal Loan,40,2011-03-24,36,Active,Canara Bank
REC003663,PER01356,Business Loan,71,2025-10-14,60,Active,Tata Capital
REC003664,PER01357,Car Loan,70,2018-06-22,36,Active,Bank of Baroda
REC003665,PER01357,Personal Loan,47,2015-04-21,36,Repaid,LIC Housing Finance
REC003666,PER01357,Business Loan,61,2021-07-02,60,Defaulted,Union Bank
REC003667,PER01358,Personal Loan,20,2020-09-16,12,Active,SBI
REC003668,PER01358,Home Loan,98,2018-05-17,240,Active,Tata Capital
REC003669,PER01359,Personal Loan,87,2023-07-02,48,Repaid,IDBI Bank
REC003670,PER01359,Car Loan,89,2013-10-18,60,Repaid,Canara Bank
REC003671,PER01360,Personal Loan,69,2020-04-20,60,Active,PNB
REC003672,PER01360,Personal Loan,51,2011-02-27,24,Repaid,Canara Bank
REC003673,PER01360,Gold Loan,7,2021-06-12,48,Repaid,IDBI Bank
REC003674,PER01361,Personal Loan,20,2022-07-22,36,Defaulted,Union Bank
REC003675,PER01361,Business Loan,151,2011-03-14,12,Defaulted,Canara Bank
REC003676,PER01361,Personal Loan,42,2012-02-07,36,Active,Canara Bank
REC003677,PER01361,Car Loan,35,2016-12-06,36,Defaulted,Axis Bank
REC003678,PER01364,Gold Loan,11,2021-02-23,24,Active,LIC Housing Finance
REC003679,PER01364,Personal Loan,48,2016-11-28,48,Repaid,Tata Capital
REC003680,PER01364,Home Loan,179,2010-06-24,180,Repaid,IDBI Bank
REC003681,PER01365,Personal Loan,46,2023-01-06,36,Active,PNB
REC003682,PER01365,Home Loan,112,2021-06-27,180,Repaid,Yes Bank
REC003683,PER01365,Personal Loan,25,2019-01-08,24,Repaid,PNB
REC003684,PER01365,Car Loan,39,2013-09-25,60,Repaid,ICICI Bank
REC003685,PER01365,Business Loan,76,2023-11-13,12,Active,Yes Bank
REC003686,PER01366,Two-Wheeler Loan,10,2025-01-08,48,Repaid,Canara Bank
REC003687,PER01367,Business Loan,485,2023-02-06,48,Active,Bank of Baroda
REC003688,PER01367,Home Loan,143,2021-03-06,240,Repaid,PNB
REC003689,PER01367,Education Loan,60,2025-02-02,60,Repaid,IDBI Bank
REC003690,PER01367,Home Loan,131,2022-10-27,120,Repaid,Bank of Baroda
REC003691,PER01367,Home Loan,404,2018-12-24,240,Repaid,Union Bank
REC003692,PER01367,Personal Loan,29,2020-05-14,36,Repaid,ICICI Bank
REC003693,PER01368,Gold Loan,6,2019-09-10,60,Active,ICICI Bank
REC003694,PER01369,Home Loan,209,2013-09-24,360,Active,LIC Housing Finance
REC003695,PER01369,Home Loan,164,2012-10-09,240,Defaulted,IndusInd Bank
REC003696,PER01369,Personal Loan,25,2014-01-26,36,Repaid,Bank of Baroda
REC003697,PER01369,Car Loan,65,2018-11-05,48,Repaid,Bajaj Finserv
REC003698,PER01370,Personal Loan,20,2010-01-04,36,Repaid,Bajaj Finserv
REC003699,PER01370,Education Loan,48,2011-08-26,84,Repaid,SBI
REC003700,PER01370,Education Loan,47,2020-10-27,36,Active,Canara Bank
REC003701,PER01372,Car Loan,49,2023-06-21,36,Defaulted,IDBI Bank
REC003702,PER01372,Personal Loan,62,2011-04-17,48,Active,SBI
REC003703,PER01372,Consumer Durable Loan,10,2025-01-12,36,Repaid,Canara Bank
REC003704,PER01373,Personal Loan,33,2021-10-15,12,Defaulted,Axis Bank
REC003705,PER01374,Education Loan,26,2024-08-16,84,Repaid,ICICI Bank
REC003706,PER01374,Home Loan,150,2015-03-15,300,Active,HDFC Bank
REC003707,PER01375,Education Loan,50,2011-01-06,36,Repaid,Bank of Baroda
REC003708,PER01375,Home Loan,276,2016-07-22,180,Active,ICICI Bank
REC003709,PER01375,Education Loan,31,2014-08-11,60,Active,Axis Bank
REC003710,PER01376,Education Loan,55,2014-10-13,48,Repaid,Union Bank
REC003711,PER01377,Home Loan,362,2017-07-05,300,Repaid,IndusInd Bank
REC003712,PER01377,Home Loan,193,2024-11-08,120,Repaid,Axis Bank
REC003713,PER01377,Personal Loan,48,2018-10-18,48,Defaulted,Canara Bank
REC003714,PER01377,Business Loan,70,2015-01-16,36,Active,HDFC Bank
REC003715,PER01377,Home Loan,211,2021-01-21,180,Repaid,Axis Bank
REC003716,PER01377,Home Loan,208,2013-11-16,360,Repaid,IndusInd Bank
REC003717,PER01379,Home Loan,204,2024-03-26,300,Repaid,Axis Bank
REC003718,PER01379,Home Loan,231,2017-12-09,300,Repaid,HDFC Bank
REC003719,PER01379,Personal Loan,30,2014-09-21,12,Repaid,PNB
REC003720,PER01379,Personal Loan,46,2020-02-28,36,Repaid,PNB
REC003721,PER01380,Car Loan,38,2024-11-19,36,Active,Axis Bank
REC003722,PER01380,Personal Loan,15,2015-02-09,24,Repaid,Canara Bank
REC003723,PER01381,Home Loan,275,2013-11-28,240,Active,Tata Capital
REC003724,PER01381,Car Loan,62,2017-01-18,36,Active,SBI
REC003725,PER01382,Home Loan,111,2012-12-21,180,Repaid,HDFC Bank
REC003726,PER01382,Home Loan,177,2018-11-06,120,Repaid,Bajaj Finserv
REC003727,PER01382,Education Loan,26,2021-02-05,48,Active,LIC Housing Finance
REC003728,PER01383,Business Loan,121,2014-02-13,48,Defaulted,Bank of Baroda
REC003729,PER01383,Education Loan,39,2020-09-20,84,Repaid,Bank of Baroda
REC003730,PER01384,Consumer Durable Loan,1,2010-01-01,24,Repaid,Tata Capital
REC003731,PER01384,Home Loan,194,2012-05-13,300,Defaulted,IDBI Bank
REC003732,PER01384,Personal Loan,27,2024-05-15,12,Repaid,PNB
REC003733,PER01384,Gold Loan,7,2011-09-14,36,Defaulted,Kotak Mahindra
REC003734,PER01384,Personal Loan,28,2023-05-27,36,Active,Kotak Mahindra
REC003735,PER01384,Gold Loan,17,2018-11-20,60,Repaid,Canara Bank
REC003736,PER01384,Car Loan,26,2014-06-25,48,Active,Yes Bank
REC003737,PER01385,Education Loan,75,2021-05-15,36,Repaid,Kotak Mahindra
REC003738,PER01385,Home Loan,348,2025-12-18,120,Active,Axis Bank
REC003739,PER01385,Education Loan,84,2023-09-16,60,Active,HDFC Bank
REC003740,PER01385,Home Loan,107,2010-09-17,180,Repaid,IndusInd Bank
REC003741,PER01386,Gold Loan,11,2015-10-16,24,Defaulted,LIC Housing Finance
REC003742,PER01387,Personal Loan,19,2014-01-02,24,Active,Canara Bank
REC003743,PER01387,Education Loan,43,2014-02-09,36,Repaid,LIC Housing Finance
REC003744,PER01388,Personal Loan,24,2013-07-04,12,Repaid,Tata Capital
REC003745,PER01388,Personal Loan,39,2013-01-27,12,Repaid,Kotak Mahindra
REC003746,PER01388,Gold Loan,6,2021-06-24,60,Repaid,IDBI Bank
REC003747,PER01389,Home Loan,139,2011-07-28,240,Repaid,Axis Bank
REC003748,PER01389,Business Loan,64,2010-11-17,60,Defaulted,Tata Capital
REC003749,PER01390,Car Loan,83,2023-06-07,84,Active,IDBI Bank
REC003750,PER01390,Two-Wheeler Loan,7,2018-09-27,36,Repaid,Axis Bank
REC003751,PER01390,Car Loan,43,2018-07-11,84,Repaid,Axis Bank
REC003752,PER01391,Two-Wheeler Loan,6,2020-12-14,12,Active,PNB
REC003753,PER01391,Education Loan,43,2015-04-14,84,Repaid,IDBI Bank
REC003754,PER01392,Gold Loan,19,2011-04-25,48,Active,Kotak Mahindra
REC003755,PER01392,Car Loan,65,2016-04-27,60,Repaid,Bajaj Finserv
REC003756,PER01392,Car Loan,71,2020-04-19,60,Repaid,Yes Bank
REC003757,PER01392,Personal Loan,18,2015-09-08,36,Repaid,Kotak Mahindra
REC003758,PER01392,Education Loan,33,2010-05-14,60,Repaid,IDBI Bank
REC003759,PER01392,Education Loan,40,2020-11-19,60,Active,HDFC Bank
REC003760,PER01392,Education Loan,67,2015-06-28,84,Repaid,ICICI Bank
REC003761,PER01392,Car Loan,46,2020-07-16,36,Repaid,Union Bank
REC003762,PER01393,Home Loan,268,2015-03-20,120,Repaid,Tata Capital
REC003763,PER01393,Home Loan,135,2024-12-26,240,Repaid,LIC Housing Finance
REC003764,PER01394,Education Loan,50,2018-02-14,84,Repaid,Union Bank
REC003765,PER01394,Home Loan,207,2023-07-19,120,Active,Union Bank
REC003766,PER01394,Gold Loan,10,2019-11-08,12,Repaid,LIC Housing Finance
REC003767,PER01394,Car Loan,38,2020-12-06,84,Repaid,Bank of Baroda
REC003768,PER01394,Two-Wheeler Loan,30,2015-05-01,36,Repaid,IDBI Bank
REC003769,PER01395,Personal Loan,17,2024-03-09,24,Active,ICICI Bank
REC003770,PER01395,Car Loan,80,2017-06-25,84,Defaulted,Bank of Baroda
REC003771,PER01395,Home Loan,241,2015-09-18,300,Repaid,SBI
REC003772,PER01396,Personal Loan,12,2013-12-21,48,Defaulted,Kotak Mahindra
REC003773,PER01396,Home Loan,173,2018-08-07,240,Active,IDBI Bank
REC003774,PER01397,Home Loan,102,2022-05-12,300,Repaid,IDBI Bank
REC003775,PER01397,Car Loan,64,2020-07-08,36,Repaid,LIC Housing Finance
REC003776,PER01397,Car Loan,71,2010-12-15,48,Active,IDBI Bank
REC003777,PER01397,Home Loan,584,2013-01-07,120,Repaid,Bajaj Finserv
REC003778,PER01397,Business Loan,88,2016-12-19,60,Active,SBI
REC003779,PER01398,Home Loan,249,2024-09-02,300,Repaid,LIC Housing Finance
REC003780,PER01398,Personal Loan,62,2016-03-20,60,Repaid,Bank of Baroda
REC003781,PER01400,Personal Loan,12,2017-04-05,60,Defaulted,ICICI Bank
REC003782,PER01400,Personal Loan,71,2020-03-13,12,Defaulted,Canara Bank
REC003783,PER01401,Car Loan,51,2013-08-16,60,Active,IDBI Bank
REC003784,PER01401,Home Loan,232,2013-01-24,180,Defaulted,SBI
REC003785,PER01402,Personal Loan,79,2013-04-24,12,Repaid,Union Bank
REC003786,PER01402,Personal Loan,17,2024-07-22,60,Repaid,Bank of Baroda
REC003787,PER01402,Home Loan,247,2021-11-04,360,Active,IndusInd Bank
REC003788,PER01403,Personal Loan,77,2012-09-27,48,Defaulted,Axis Bank
REC003789,PER01403,Education Loan,74,2021-07-21,36,Repaid,Bajaj Finserv
REC003790,PER01403,Car Loan,158,2010-05-13,36,Active,Tata Capital
REC003791,PER01403,Home Loan,121,2024-03-10,180,Repaid,ICICI Bank
REC003792,PER01403,Car Loan,40,2024-05-18,48,Defaulted,ICICI Bank
REC003793,PER01403,Home Loan,180,2020-09-16,120,Active,PNB
REC003794,PER01403,Personal Loan,48,2018-01-08,12,Defaulted,SBI
REC003795,PER01404,Gold Loan,21,2012-09-27,36,Repaid,IDBI Bank
REC003796,PER01404,Personal Loan,64,2019-12-08,24,Repaid,Axis Bank
REC003797,PER01405,Personal Loan,5,2020-01-10,12,Defaulted,IDBI Bank
REC003798,PER01407,Personal Loan,18,2019-08-11,24,Defaulted,Bank of Baroda
REC003799,PER01407,Personal Loan,59,2013-11-15,48,Defaulted,Tata Capital
REC003800,PER01407,Education Loan,31,2013-02-02,60,Repaid,Bank of Baroda
REC003801,PER01407,Personal Loan,45,2012-12-05,36,Defaulted,Kotak Mahindra
REC003802,PER01407,Home Loan,124,2015-09-04,180,Active,SBI
REC003803,PER01408,Home Loan,190,2017-04-27,300,Defaulted,PNB
REC003804,PER01408,Car Loan,28,2018-09-24,36,Defaulted,IDBI Bank
REC003805,PER01408,Business Loan,50,2020-05-22,60,Active,Canara Bank
REC003806,PER01409,Car Loan,34,2013-01-26,84,Active,LIC Housing Finance
REC003807,PER01409,Car Loan,75,2023-03-01,36,Defaulted,SBI
REC003808,PER01409,Personal Loan,17,2011-03-14,60,Active,SBI
REC003809,PER01410,Gold Loan,14,2024-07-06,60,Defaulted,Axis Bank
REC003810,PER01411,Personal Loan,20,2011-08-13,48,Repaid,Tata Capital
REC003811,PER01411,Home Loan,219,2019-08-12,360,Repaid,Kotak Mahindra
REC003812,PER01411,Gold Loan,8,2016-12-14,36,Repaid,IDBI Bank
REC003813,PER01411,Education Loan,28,2015-08-09,48,Active,ICICI Bank
REC003814,PER01412,Business Loan,65,2015-04-11,60,Repaid,Axis Bank
REC003815,PER01412,Education Loan,27,2017-04-20,48,Repaid,PNB
REC003816,PER01413,Gold Loan,15,2012-01-17,60,Active,Axis Bank
REC003817,PER01413,Home Loan,800,2023-03-15,300,Repaid,Canara Bank
REC003818,PER01413,Business Loan,58,2022-04-18,48,Repaid,Axis Bank
REC003819,PER01414,Personal Loan,28,2020-04-22,36,Repaid,Kotak Mahindra
REC003820,PER01415,Education Loan,30,2011-04-20,36,Repaid,Axis Bank
REC003821,PER01415,Personal Loan,53,2012-02-20,36,Repaid,SBI
REC003822,PER01416,Personal Loan,38,2023-11-03,60,Defaulted,LIC Housing Finance
REC003823,PER01416,Personal Loan,52,2015-12-11,48,Active,Axis Bank
REC003824,PER01416,Personal Loan,38,2010-09-18,24,Repaid,IDBI Bank
REC003825,PER01416,Two-Wheeler Loan,6,2022-06-04,24,Active,PNB
REC003826,PER01416,Car Loan,43,2011-08-19,60,Defaulted,Kotak Mahindra
REC003827,PER01417,Home Loan,178,2014-10-26,300,Repaid,Union Bank
REC003828,PER01417,Home Loan,179,2021-10-04,360,Active,Canara Bank
REC003829,PER01417,Home Loan,152,2013-06-05,240,Repaid,HDFC Bank
REC003830,PER01417,Home Loan,255,2011-10-27,120,Active,Tata Capital
REC003831,PER01418,Home Loan,208,2011-12-23,300,Repaid,Axis Bank
REC003832,PER01418,Home Loan,150,2023-03-18,360,Repaid,SBI
REC003833,PER01419,Car Loan,43,2025-09-27,60,Repaid,Canara Bank
REC003834,PER01419,Car Loan,66,2012-09-15,36,Active,Bank of Baroda
REC003835,PER01419,Car Loan,42,2022-10-21,84,Repaid,PNB
REC003836,PER01420,Gold Loan,13,2011-03-26,60,Active,Tata Capital
REC003837,PER01420,Car Loan,35,2010-05-01,60,Repaid,Kotak Mahindra
REC003838,PER01421,Car Loan,44,2016-09-28,48,Defaulted,Axis Bank
REC003839,PER01422,Car Loan,69,2016-05-19,48,Repaid,Axis Bank
REC003840,PER01423,Home Loan,69,2023-12-14,300,Repaid,PNB
REC003841,PER01423,Home Loan,300,2019-09-02,120,Active,Canara Bank
REC003842,PER01423,Home Loan,255,2016-01-26,360,Active,Bajaj Finserv
REC003843,PER01424,Personal Loan,25,2014-04-11,24,Repaid,SBI
REC003844,PER01424,Two-Wheeler Loan,8,2013-12-26,60,Active,Yes Bank
REC003845,PER01425,Home Loan,197,2021-10-28,240,Active,Yes Bank
REC003846,PER01426,Personal Loan,23,2013-01-16,48,Repaid,IndusInd Bank
REC003847,PER01426,Car Loan,65,2010-09-25,60,Repaid,Union Bank
REC003848,PER01427,Car Loan,40,2011-02-26,36,Active,Canara Bank
REC003849,PER01427,Two-Wheeler Loan,8,2023-05-14,48,Defaulted,Bank of Baroda
REC003850,PER01427,Personal Loan,20,2011-10-06,24,Repaid,Axis Bank
REC003851,PER01427,Business Loan,199,2014-09-28,60,Active,LIC Housing Finance
REC003852,PER01427,Gold Loan,14,2014-12-11,24,Repaid,PNB
REC003853,PER01428,Home Loan,312,2014-05-18,360,Repaid,Canara Bank
REC003854,PER01428,Car Loan,42,2011-06-16,48,Repaid,Union Bank
REC003855,PER01429,Business Loan,36,2011-09-13,24,Repaid,IDBI Bank
REC003856,PER01429,Two-Wheeler Loan,9,2017-05-28,60,Repaid,HDFC Bank
REC003857,PER01430,Home Loan,276,2025-05-23,240,Repaid,Axis Bank
REC003858,PER01430,Personal Loan,74,2024-08-06,36,Repaid,Yes Bank
REC003859,PER01430,Two-Wheeler Loan,8,2020-04-28,24,Repaid,HDFC Bank
REC003860,PER01431,Consumer Durable Loan,22,2012-08-09,24,Active,Bajaj Finserv
REC003861,PER01431,Personal Loan,42,2014-12-04,12,Repaid,SBI
REC003862,PER01431,Business Loan,43,2012-03-14,24,Repaid,Tata Capital
REC003863,PER01431,Consumer Durable Loan,3,2018-09-17,36,Repaid,SBI
REC003864,PER01431,Home Loan,161,2010-03-27,360,Repaid,Axis Bank
REC003865,PER01432,Personal Loan,61,2025-07-10,60,Active,HDFC Bank
REC003866,PER01432,Home Loan,336,2016-11-18,180,Active,Union Bank
REC003867,PER01433,Home Loan,323,2020-07-11,360,Defaulted,ICICI Bank
REC003868,PER01433,Personal Loan,39,2021-01-06,60,Active,Canara Bank
REC003869,PER01434,Consumer Durable Loan,2,2013-10-05,24,Active,HDFC Bank
REC003870,PER01434,Two-Wheeler Loan,7,2013-02-21,24,Defaulted,Yes Bank
REC003871,PER01434,Car Loan,73,2020-03-06,84,Active,PNB
REC003872,PER01435,Home Loan,139,2012-03-03,300,Active,Tata Capital
REC003873,PER01435,Education Loan,79,2011-12-05,60,Repaid,HDFC Bank
REC003874,PER01435,Personal Loan,68,2016-01-24,24,Repaid,LIC Housing Finance
REC003875,PER01435,Consumer Durable Loan,19,2017-01-11,12,Active,HDFC Bank
REC003876,PER01436,Two-Wheeler Loan,4,2021-06-08,12,Defaulted,Kotak Mahindra
REC003877,PER01436,Home Loan,266,2018-01-12,180,Defaulted,HDFC Bank
REC003878,PER01437,Personal Loan,43,2013-12-01,60,Defaulted,Bank of Baroda
REC003879,PER01437,Personal Loan,88,2025-06-22,12,Defaulted,LIC Housing Finance
REC003880,PER01437,Car Loan,57,2017-09-15,48,Defaulted,Axis Bank
REC003881,PER01438,Business Loan,297,2020-07-15,12,Repaid,SBI
REC003882,PER01438,Home Loan,221,2011-07-05,180,Defaulted,Kotak Mahindra
REC003883,PER01438,Home Loan,167,2024-07-02,360,Repaid,Union Bank
REC003884,PER01439,Personal Loan,17,2020-07-27,12,Active,Axis Bank
REC003885,PER01439,Personal Loan,25,2018-05-04,60,Defaulted,Yes Bank
REC003886,PER01439,Home Loan,292,2023-03-10,360,Active,IndusInd Bank
REC003887,PER01440,Personal Loan,85,2014-02-10,24,Active,Bajaj Finserv
REC003888,PER01441,Gold Loan,6,2015-11-01,60,Repaid,Union Bank
REC003889,PER01441,Gold Loan,13,2019-04-02,12,Repaid,Union Bank
REC003890,PER01441,Gold Loan,7,2021-12-25,60,Repaid,LIC Housing Finance
REC003891,PER01441,Home Loan,193,2022-05-02,120,Repaid,Kotak Mahindra
REC003892,PER01441,Home Loan,192,2023-11-12,300,Repaid,Kotak Mahindra
REC003893,PER01442,Home Loan,146,2010-06-18,240,Active,ICICI Bank
REC003894,PER01443,Home Loan,359,2016-11-08,180,Defaulted,Yes Bank
REC003895,PER01443,Home Loan,179,2010-07-10,180,Repaid,PNB
REC003896,PER01443,Education Loan,41,2020-08-05,84,Active,LIC Housing Finance
REC003897,PER01444,Personal Loan,86,2020-10-28,24,Repaid,Axis Bank
REC003898,PER01444,Personal Loan,100,2015-02-25,60,Active,Axis Bank
REC003899,PER01445,Gold Loan,26,2011-01-01,24,Active,LIC Housing Finance
REC003900,PER01446,Education Loan,38,2023-04-09,60,Active,IndusInd Bank
REC003901,PER01446,Car Loan,69,2015-11-10,60,Repaid,Tata Capital
REC003902,PER01446,Personal Loan,23,2012-12-28,48,Active,Canara Bank
REC003903,PER01447,Car Loan,24,2020-08-01,48,Repaid,Union Bank
REC003904,PER01447,Home Loan,117,2012-10-09,180,Repaid,HDFC Bank
REC003905,PER01448,Car Loan,23,2014-06-20,36,Repaid,LIC Housing Finance
REC003906,PER01448,Gold Loan,22,2023-04-01,60,Repaid,Tata Capital
REC003907,PER01448,Business Loan,59,2010-08-26,60,Active,Canara Bank
REC003908,PER01448,Gold Loan,11,2020-11-14,48,Active,HDFC Bank
REC003909,PER01449,Home Loan,247,2019-04-15,240,Repaid,ICICI Bank
REC003910,PER01450,Home Loan,149,2014-07-22,180,Repaid,Axis Bank
REC003911,PER01450,Education Loan,70,2016-07-12,84,Repaid,Kotak Mahindra
REC003912,PER01452,Car Loan,37,2022-03-11,60,Repaid,Bank of Baroda
REC003913,PER01452,Home Loan,87,2016-02-15,180,Repaid,SBI
REC003914,PER01453,Personal Loan,32,2017-04-04,36,Repaid,Union Bank
REC003915,PER01453,Car Loan,67,2018-12-16,60,Repaid,Union Bank
REC003916,PER01453,Home Loan,205,2013-08-11,300,Active,HDFC Bank
REC003917,PER01454,Home Loan,139,2023-04-26,360,Active,Canara Bank
REC003918,PER01454,Business Loan,63,2021-01-06,60,Defaulted,Bank of Baroda
REC003919,PER01455,Business Loan,72,2015-07-24,24,Repaid,IndusInd Bank
REC003920,PER01455,Car Loan,23,2019-07-18,84,Repaid,Axis Bank
REC003921,PER01457,Two-Wheeler Loan,8,2012-11-25,60,Active,Axis Bank
REC003922,PER01457,Consumer Durable Loan,5,2025-07-21,60,Repaid,SBI
REC003923,PER01457,Car Loan,60,2022-04-25,48,Repaid,Bank of Baroda
REC003924,PER01459,Gold Loan,9,2023-12-06,60,Repaid,IDBI Bank
REC003925,PER01459,Home Loan,241,2015-05-12,240,Repaid,Axis Bank
REC003926,PER01459,Car Loan,50,2021-08-04,60,Defaulted,Canara Bank
REC003927,PER01459,Personal Loan,59,2016-01-26,24,Active,Bajaj Finserv
REC003928,PER01460,Business Loan,25,2016-05-22,36,Repaid,HDFC Bank
REC003929,PER01460,Personal Loan,13,2019-02-06,12,Active,Axis Bank
REC003930,PER01462,Two-Wheeler Loan,8,2010-04-08,12,Repaid,LIC Housing Finance
REC003931,PER01462,Education Loan,105,2021-11-14,48,Repaid,Union Bank
REC003932,PER01462,Education Loan,38,2017-05-17,36,Active,PNB
REC003933,PER01464,Personal Loan,100,2016-02-06,36,Repaid,Union Bank
REC003934,PER01465,Personal Loan,9,2019-01-10,12,Repaid,Bajaj Finserv
REC003935,PER01465,Car Loan,56,2019-05-02,48,Defaulted,ICICI Bank
REC003936,PER01466,Car Loan,67,2017-03-04,36,Defaulted,Yes Bank
REC003937,PER01466,Personal Loan,25,2010-08-09,60,Active,Bank of Baroda
REC003938,PER01466,Car Loan,48,2016-07-20,60,Defaulted,Union Bank
REC003939,PER01467,Car Loan,27,2021-09-11,36,Repaid,Kotak Mahindra
REC003940,PER01468,Home Loan,69,2023-01-03,360,Repaid,Yes Bank
REC003941,PER01468,Consumer Durable Loan,3,2019-05-13,48,Repaid,Canara Bank
REC003942,PER01468,Business Loan,34,2021-09-02,24,Repaid,PNB
REC003943,PER01469,Car Loan,50,2015-10-10,36,Defaulted,Axis Bank
REC003944,PER01470,Education Loan,71,2019-02-10,84,Repaid,Bank of Baroda
REC003945,PER01470,Personal Loan,9,2023-04-10,24,Repaid,Axis Bank
REC003946,PER01470,Personal Loan,33,2015-11-14,24,Active,IDBI Bank
REC003947,PER01471,Home Loan,366,2023-10-23,300,Active,Bajaj Finserv
REC003948,PER01471,Education Loan,61,2025-08-15,60,Active,PNB
REC003949,PER01471,Personal Loan,44,2019-09-21,12,Repaid,LIC Housing Finance
REC003950,PER01471,Car Loan,31,2012-11-26,48,Defaulted,Tata Capital
REC003951,PER01471,Personal Loan,67,2014-07-27,24,Repaid,Yes Bank
REC003952,PER01472,Personal Loan,100,2017-12-14,12,Active,IDBI Bank
REC003953,PER01472,Car Loan,102,2019-01-15,36,Repaid,Yes Bank
REC003954,PER01472,Gold Loan,5,2020-11-04,24,Repaid,Kotak Mahindra
REC003955,PER01472,Home Loan,284,2013-12-24,300,Repaid,Kotak Mahindra
REC003956,PER01473,Personal Loan,25,2023-09-27,60,Defaulted,Kotak Mahindra
REC003957,PER01473,Home Loan,73,2011-02-21,120,Defaulted,HDFC Bank
REC003958,PER01473,Home Loan,147,2011-05-11,300,Defaulted,Axis Bank
REC003959,PER01474,Home Loan,345,2012-05-07,120,Repaid,Bajaj Finserv
REC003960,PER01474,Personal Loan,17,2014-12-28,60,Active,ICICI Bank
REC003961,PER01474,Home Loan,198,2022-09-12,300,Defaulted,ICICI Bank
REC003962,PER01475,Education Loan,63,2023-08-17,36,Defaulted,IDBI Bank
REC003963,PER01475,Home Loan,130,2019-10-16,240,Defaulted,HDFC Bank
REC003964,PER01475,Car Loan,78,2015-04-25,60,Defaulted,Canara Bank
REC003965,PER01475,Two-Wheeler Loan,3,2012-03-27,24,Defaulted,SBI
REC003966,PER01475,Business Loan,52,2018-09-13,36,Repaid,HDFC Bank
REC003967,PER01475,Car Loan,55,2015-04-03,60,Repaid,SBI
REC003968,PER01475,Education Loan,40,2020-01-23,60,Repaid,Kotak Mahindra
REC003969,PER01475,Personal Loan,28,2017-08-09,60,Defaulted,Yes Bank
REC003970,PER01476,Car Loan,47,2014-08-02,60,Active,Axis Bank
REC003971,PER01476,Car Loan,44,2015-03-06,60,Repaid,PNB
REC003972,PER01476,Car Loan,48,2017-02-07,36,Repaid,SBI
REC003973,PER01477,Personal Loan,43,2017-10-28,12,Defaulted,HDFC Bank
REC003974,PER01478,Business Loan,55,2021-09-09,36,Repaid,Yes Bank
REC003975,PER01478,Car Loan,76,2015-08-16,48,Active,ICICI Bank
REC003976,PER01479,Business Loan,24,2012-11-16,36,Defaulted,IDBI Bank
REC003977,PER01479,Car Loan,64,2020-05-27,60,Defaulted,Kotak Mahindra
REC003978,PER01479,Consumer Durable Loan,10,2010-10-13,48,Active,Canara Bank
REC003979,PER01479,Car Loan,28,2018-07-15,60,Active,Tata Capital
REC003980,PER01479,Personal Loan,30,2025-09-14,60,Active,IndusInd Bank
REC003981,PER01479,Home Loan,141,2012-06-06,120,Defaulted,Kotak Mahindra
REC003982,PER01480,Home Loan,109,2021-03-05,240,Repaid,PNB
REC003983,PER01480,Home Loan,383,2014-12-19,240,Active,HDFC Bank
REC003984,PER01480,Home Loan,126,2014-06-08,360,Repaid,ICICI Bank
REC003985,PER01482,Two-Wheeler Loan,4,2014-04-20,60,Defaulted,Bajaj Finserv
REC003986,PER01483,Education Loan,48,2024-09-18,36,Repaid,Bank of Baroda
REC003987,PER01483,Education Loan,53,2011-04-14,84,Active,HDFC Bank
REC003988,PER01484,Gold Loan,13,2017-12-05,12,Repaid,Bank of Baroda
REC003989,PER01485,Gold Loan,15,2020-06-14,24,Active,LIC Housing Finance
REC003990,PER01485,Home Loan,138,2014-05-02,360,Repaid,ICICI Bank
REC003991,PER01486,Education Loan,34,2018-03-22,60,Active,Bank of Baroda
REC003992,PER01486,Car Loan,88,2012-08-13,36,Repaid,LIC Housing Finance
REC003993,PER01486,Two-Wheeler Loan,4,2020-05-09,12,Repaid,Yes Bank
REC003994,PER01486,Car Loan,45,2012-05-04,36,Repaid,Axis Bank
REC003995,PER01486,Personal Loan,21,2011-01-14,48,Repaid,LIC Housing Finance
REC003996,PER01486,Personal Loan,72,2011-11-16,36,Repaid,Bank of Baroda
REC003997,PER01487,Personal Loan,51,2015-11-15,48,Defaulted,Canara Bank
REC003998,PER01487,Consumer Durable Loan,14,2024-10-26,36,Active,Tata Capital
REC003999,PER01487,Personal Loan,33,2015-11-27,36,Active,Union Bank
REC004000,PER01488,Business Loan,247,2010-04-21,48,Active,Kotak Mahindra
REC004001,PER01488,Two-Wheeler Loan,4,2019-08-07,12,Repaid,Kotak Mahindra
REC004002,PER01488,Home Loan,130,2021-12-08,120,Repaid,SBI
REC004003,PER01488,Personal Loan,36,2019-10-18,24,Active,Axis Bank
REC004004,PER01489,Home Loan,152,2011-01-26,180,Repaid,Bajaj Finserv
REC004005,PER01490,Home Loan,164,2013-03-27,120,Active,Yes Bank
REC004006,PER01491,Home Loan,107,2024-04-04,180,Repaid,LIC Housing Finance
REC004007,PER01492,Personal Loan,16,2017-03-17,12,Active,Yes Bank
REC004008,PER01493,Car Loan,41,2025-11-26,48,Active,LIC Housing Finance
REC004009,PER01494,Home Loan,312,2013-11-14,360,Repaid,SBI
REC004010,PER01494,Gold Loan,19,2021-03-14,36,Repaid,Axis Bank
REC004011,PER01495,Education Loan,33,2023-03-21,84,Repaid,Bank of Baroda
REC004012,PER01495,Home Loan,86,2011-04-07,120,Repaid,IndusInd Bank
REC004013,PER01496,Personal Loan,29,2025-05-12,36,Repaid,Axis Bank
REC004014,PER01496,Business Loan,88,2020-09-24,60,Repaid,Tata Capital
REC004015,PER01496,Home Loan,178,2015-10-16,240,Active,Canara Bank
REC004016,PER01496,Business Loan,85,2013-06-21,24,Repaid,IDBI Bank
REC004017,PER01496,Home Loan,289,2010-10-06,240,Repaid,Tata Capital
REC004018,PER01496,Personal Loan,24,2023-11-02,12,Repaid,Canara Bank
REC004019,PER01496,Gold Loan,7,2020-06-10,24,Repaid,Bank of Baroda
REC004020,PER01498,Car Loan,53,2016-08-27,84,Repaid,Union Bank
REC004021,PER01498,Car Loan,61,2012-04-09,48,Repaid,Yes Bank
REC004022,PER01499,Car Loan,57,2024-03-16,48,Repaid,SBI
REC004023,PER01500,Home Loan,140,2011-01-25,240,Repaid,HDFC Bank
REC004024,PER01500,Home Loan,156,2018-12-22,240,Repaid,IndusInd Bank
REC004025,PER01500,Car Loan,97,2019-12-04,60,Repaid,Canara Bank
REC004026,PER01500,Home Loan,247,2015-09-19,120,Repaid,LIC Housing Finance
REC004027,PER01500,Home Loan,262,2010-03-19,120,Repaid,Tata Capital
REC004028,PER01500,Home Loan,89,2012-02-25,120,Repaid,SBI
REC004029,PER01500,Business Loan,180,2020-05-04,36,Active,IndusInd Bank
REC004030,PER01501,Business Loan,88,2017-04-07,48,Repaid,Tata Capital
REC004031,PER01501,Car Loan,53,2011-10-06,60,Defaulted,Bank of Baroda
REC004032,PER01501,Home Loan,220,2015-03-28,180,Defaulted,Bank of Baroda
REC004033,PER01501,Education Loan,26,2011-01-19,36,Defaulted,HDFC Bank
REC004034,PER01502,Education Loan,57,2013-08-11,36,Active,LIC Housing Finance
REC004035,PER01503,Gold Loan,14,2023-05-26,48,Active,Union Bank
REC004036,PER01503,Home Loan,72,2013-04-12,360,Active,IndusInd Bank
REC004037,PER01503,Car Loan,79,2014-08-09,48,Repaid,Kotak Mahindra
REC004038,PER01503,Car Loan,82,2017-02-28,84,Repaid,HDFC Bank
REC004039,PER01503,Home Loan,209,2019-08-27,240,Active,Union Bank
REC004040,PER01504,Home Loan,243,2019-02-26,300,Repaid,HDFC Bank
REC004041,PER01504,Home Loan,221,2023-03-21,180,Repaid,Bank of Baroda
REC004042,PER01504,Personal Loan,27,2013-11-18,24,Repaid,Bajaj Finserv
REC004043,PER01504,Two-Wheeler Loan,5,2025-10-26,36,Repaid,Bajaj Finserv
REC004044,PER01504,Car Loan,57,2013-12-08,48,Repaid,IndusInd Bank
REC004045,PER01504,Car Loan,43,2013-09-19,84,Repaid,HDFC Bank
REC004046,PER01504,Personal Loan,62,2021-12-18,24,Repaid,Axis Bank
REC004047,PER01505,Personal Loan,17,2018-10-17,36,Repaid,SBI
REC004048,PER01505,Business Loan,38,2020-04-28,12,Active,PNB
REC004049,PER01508,Home Loan,103,2012-02-01,120,Active,Axis Bank
REC004050,PER01508,Home Loan,87,2018-04-07,360,Repaid,Yes Bank
REC004051,PER01509,Home Loan,106,2017-03-02,300,Active,LIC Housing Finance
REC004052,PER01509,Home Loan,108,2011-02-09,180,Repaid,Union Bank
REC004053,PER01509,Business Loan,69,2019-10-04,36,Repaid,PNB
REC004054,PER01509,Personal Loan,30,2017-04-16,24,Repaid,Bajaj Finserv
REC004055,PER01509,Consumer Durable Loan,9,2020-10-03,12,Defaulted,Tata Capital
REC004056,PER01509,Gold Loan,28,2017-09-11,24,Repaid,Bajaj Finserv
REC004057,PER01510,Two-Wheeler Loan,6,2016-11-23,60,Defaulted,Axis Bank
REC004058,PER01510,Home Loan,65,2018-12-13,180,Active,SBI
REC004059,PER01511,Personal Loan,42,2019-10-05,36,Defaulted,LIC Housing Finance
REC004060,PER01512,Business Loan,71,2012-08-07,12,Defaulted,Axis Bank
REC004061,PER01512,Home Loan,84,2023-05-19,360,Active,Kotak Mahindra
REC004062,PER01514,Home Loan,216,2021-02-06,360,Repaid,IndusInd Bank
REC004063,PER01514,Two-Wheeler Loan,12,2019-10-03,36,Repaid,SBI
REC004064,PER01515,Home Loan,324,2022-04-20,240,Repaid,Tata Capital
REC004065,PER01515,Personal Loan,45,2010-01-11,60,Repaid,IndusInd Bank
REC004066,PER01515,Home Loan,97,2019-06-04,300,Active,SBI
REC004067,PER01515,Home Loan,177,2012-04-15,120,Repaid,Axis Bank
REC004068,PER01515,Personal Loan,94,2014-05-27,12,Repaid,ICICI Bank
REC004069,PER01516,Education Loan,45,2020-07-05,60,Repaid,ICICI Bank
REC004070,PER01516,Home Loan,84,2015-04-15,300,Repaid,Bank of Baroda
REC004071,PER01516,Personal Loan,100,2020-08-12,24,Repaid,IndusInd Bank
REC004072,PER01517,Education Loan,130,2015-08-16,84,Repaid,ICICI Bank
REC004073,PER01517,Car Loan,58,2013-06-04,60,Repaid,HDFC Bank
REC004074,PER01517,Home Loan,131,2017-10-20,300,Repaid,Union Bank
REC004075,PER01518,Home Loan,114,2010-03-28,240,Defaulted,Canara Bank
REC004076,PER01519,Home Loan,286,2014-03-02,120,Repaid,HDFC Bank
REC004077,PER01519,Home Loan,102,2010-06-04,360,Defaulted,IndusInd Bank
REC004078,PER01519,Car Loan,96,2012-07-07,60,Repaid,Canara Bank
REC004079,PER01519,Home Loan,87,2021-11-16,240,Active,HDFC Bank
REC004080,PER01520,Home Loan,404,2012-04-18,120,Repaid,PNB
REC004081,PER01520,Personal Loan,29,2013-12-20,48,Defaulted,Tata Capital
REC004082,PER01521,Personal Loan,19,2012-06-10,60,Active,IndusInd Bank
REC004083,PER01521,Home Loan,247,2016-11-11,360,Defaulted,ICICI Bank
REC004084,PER01521,Home Loan,104,2010-09-18,120,Repaid,Bajaj Finserv
REC004085,PER01521,Personal Loan,20,2012-07-03,60,Active,PNB
REC004086,PER01521,Home Loan,108,2011-07-23,240,Repaid,Bank of Baroda
REC004087,PER01522,Home Loan,115,2013-07-05,180,Active,Axis Bank
REC004088,PER01522,Personal Loan,21,2015-05-19,36,Repaid,LIC Housing Finance
REC004089,PER01523,Car Loan,78,2019-01-21,84,Active,LIC Housing Finance
REC004090,PER01523,Car Loan,90,2011-01-01,60,Active,IDBI Bank
REC004091,PER01523,Personal Loan,18,2012-08-22,24,Defaulted,ICICI Bank
REC004092,PER01524,Personal Loan,77,2013-09-22,24,Active,Bajaj Finserv
REC004093,PER01524,Personal Loan,43,2024-12-16,12,Defaulted,IndusInd Bank
REC004094,PER01524,Personal Loan,24,2012-11-13,12,Repaid,Kotak Mahindra
REC004095,PER01524,Education Loan,76,2017-05-11,36,Repaid,Bajaj Finserv
REC004096,PER01524,Personal Loan,29,2017-11-06,48,Repaid,ICICI Bank
REC004097,PER01524,Education Loan,43,2018-04-04,48,Active,Union Bank
REC004098,PER01524,Home Loan,422,2025-08-19,180,Active,HDFC Bank
REC004099,PER01525,Home Loan,270,2020-06-13,180,Defaulted,Bank of Baroda
REC004100,PER01525,Business Loan,20,2024-08-19,24,Repaid,Union Bank
REC004101,PER01525,Home Loan,128,2014-02-16,180,Active,ICICI Bank
REC004102,PER01526,Home Loan,50,2020-01-03,300,Repaid,IDBI Bank
REC004103,PER01526,Personal Loan,32,2012-08-27,12,Defaulted,Bank of Baroda
REC004104,PER01527,Personal Loan,23,2012-01-24,60,Active,Canara Bank
REC004105,PER01527,Home Loan,182,2020-08-19,240,Repaid,IDBI Bank
REC004106,PER01527,Education Loan,117,2025-12-20,60,Defaulted,PNB
REC004107,PER01527,Two-Wheeler Loan,1,2024-11-24,60,Repaid,Bank of Baroda
REC004108,PER01527,Personal Loan,19,2021-01-23,48,Active,Canara Bank
REC004109,PER01529,Car Loan,77,2022-10-27,48,Repaid,PNB
REC004110,PER01529,Home Loan,256,2025-11-02,240,Active,Tata Capital
REC004111,PER01529,Home Loan,257,2024-10-08,240,Active,IDBI Bank
REC004112,PER01529,Personal Loan,93,2021-08-28,12,Repaid,PNB
REC004113,PER01529,Business Loan,83,2020-06-28,36,Defaulted,Union Bank
REC004114,PER01530,Business Loan,97,2022-06-24,24,Repaid,SBI
REC004115,PER01530,Education Loan,47,2018-10-21,36,Repaid,Bank of Baroda
REC004116,PER01530,Car Loan,94,2023-03-23,60,Active,Kotak Mahindra
REC004117,PER01531,Home Loan,148,2011-07-14,180,Repaid,IDBI Bank
REC004118,PER01531,Home Loan,252,2018-06-21,180,Active,IDBI Bank
REC004119,PER01531,Home Loan,149,2010-03-13,120,Repaid,Canara Bank
REC004120,PER01531,Education Loan,65,2013-03-19,48,Active,LIC Housing Finance
REC004121,PER01533,Personal Loan,24,2015-07-11,24,Repaid,Tata Capital
REC004122,PER01533,Car Loan,67,2010-01-06,36,Defaulted,Tata Capital
REC004123,PER01533,Car Loan,46,2019-07-07,60,Defaulted,Bank of Baroda
REC004124,PER01534,Personal Loan,13,2021-07-25,36,Active,Union Bank
REC004125,PER01535,Gold Loan,10,2012-02-24,12,Repaid,IDBI Bank
REC004126,PER01535,Personal Loan,11,2017-03-17,24,Repaid,Yes Bank
REC004127,PER01535,Business Loan,63,2010-08-26,24,Defaulted,ICICI Bank
REC004128,PER01535,Two-Wheeler Loan,3,2015-01-06,60,Repaid,Bajaj Finserv
REC004129,PER01536,Home Loan,313,2025-02-19,360,Active,ICICI Bank
REC004130,PER01536,Personal Loan,46,2019-01-11,24,Repaid,Bajaj Finserv
REC004131,PER01537,Home Loan,249,2015-02-15,300,Repaid,Tata Capital
REC004132,PER01538,Personal Loan,14,2019-01-06,12,Repaid,Canara Bank
REC004133,PER01538,Gold Loan,4,2014-10-17,12,Repaid,Tata Capital
REC004134,PER01538,Home Loan,300,2012-04-01,120,Defaulted,HDFC Bank
REC004135,PER01539,Car Loan,42,2016-07-10,36,Repaid,IDBI Bank
REC004136,PER01539,Business Loan,74,2021-12-02,12,Defaulted,Yes Bank
REC004137,PER01539,Home Loan,331,2015-12-18,240,Active,Kotak Mahindra
REC004138,PER01539,Car Loan,57,2019-07-16,60,Active,Kotak Mahindra
REC004139,PER01540,Personal Loan,100,2019-08-22,60,Repaid,Kotak Mahindra
REC004140,PER01540,Car Loan,80,2025-06-27,84,Repaid,Axis Bank
REC004141,PER01540,Personal Loan,30,2010-04-04,60,Repaid,IDBI Bank
REC004142,PER01542,Two-Wheeler Loan,10,2017-04-16,12,Repaid,Kotak Mahindra
REC004143,PER01542,Home Loan,136,2012-06-10,240,Defaulted,Tata Capital
REC004144,PER01543,Home Loan,97,2025-10-22,360,Active,ICICI Bank
REC004145,PER01543,Home Loan,225,2011-08-27,300,Repaid,IDBI Bank
REC004146,PER01544,Personal Loan,70,2025-04-06,24,Repaid,ICICI Bank
REC004147,PER01544,Car Loan,24,2019-02-15,84,Repaid,LIC Housing Finance
REC004148,PER01544,Business Loan,460,2010-06-21,60,Active,Kotak Mahindra
REC004149,PER01545,Education Loan,59,2015-09-10,36,Defaulted,IndusInd Bank
REC004150,PER01545,Business Loan,156,2018-03-20,12,Repaid,LIC Housing Finance
REC004151,PER01545,Business Loan,80,2016-06-13,36,Repaid,Axis Bank
REC004152,PER01545,Home Loan,92,2023-09-06,120,Repaid,Axis Bank
REC004153,PER01546,Car Loan,35,2012-02-04,84,Repaid,Yes Bank
REC004154,PER01546,Home Loan,641,2012-07-08,300,Active,IndusInd Bank
REC004155,PER01546,Personal Loan,19,2013-01-18,24,Active,LIC Housing Finance
REC004156,PER01546,Personal Loan,71,2022-09-26,36,Active,SBI
REC004157,PER01546,Consumer Durable Loan,2,2025-04-16,60,Repaid,Bajaj Finserv
REC004158,PER01547,Car Loan,26,2018-05-26,48,Repaid,Yes Bank
REC004159,PER01547,Home Loan,290,2013-08-27,300,Repaid,ICICI Bank
REC004160,PER01548,Consumer Durable Loan,18,2016-11-03,24,Defaulted,IndusInd Bank
REC004161,PER01548,Home Loan,113,2010-11-24,180,Defaulted,HDFC Bank
REC004162,PER01549,Car Loan,109,2011-01-01,84,Repaid,HDFC Bank
REC004163,PER01550,Home Loan,76,2019-06-22,240,Repaid,Canara Bank
REC004164,PER01550,Car Loan,62,2016-02-03,48,Defaulted,Yes Bank
REC004165,PER01551,Car Loan,24,2015-05-13,36,Repaid,Tata Capital
REC004166,PER01551,Home Loan,229,2016-10-26,360,Repaid,Yes Bank
REC004167,PER01552,Car Loan,33,2023-02-25,48,Repaid,Union Bank
REC004168,PER01552,Personal Loan,81,2014-01-08,24,Repaid,HDFC Bank
REC004169,PER01552,Home Loan,349,2024-11-22,180,Repaid,Union Bank
REC004170,PER01553,Consumer Durable Loan,6,2014-04-19,36,Defaulted,Kotak Mahindra
REC004171,PER01553,Education Loan,22,2012-06-22,60,Repaid,Axis Bank
REC004172,PER01554,Personal Loan,7,2016-10-04,36,Repaid,HDFC Bank
REC004173,PER01554,Personal Loan,34,2019-02-07,60,Repaid,Bank of Baroda
REC004174,PER01555,Home Loan,339,2011-06-12,120,Repaid,Axis Bank
REC004175,PER01555,Home Loan,181,2025-09-11,300,Repaid,Bank of Baroda
REC004176,PER01556,Consumer Durable Loan,8,2010-08-11,12,Active,Union Bank
REC004177,PER01556,Home Loan,237,2014-01-24,180,Repaid,IndusInd Bank
REC004178,PER01556,Home Loan,191,2017-12-14,240,Repaid,LIC Housing Finance
REC004179,PER01556,Car Loan,33,2023-10-10,48,Repaid,IndusInd Bank
REC004180,PER01557,Gold Loan,15,2014-07-04,24,Active,HDFC Bank
REC004181,PER01557,Education Loan,14,2022-10-10,36,Active,Yes Bank
REC004182,PER01557,Personal Loan,70,2011-02-28,60,Repaid,SBI
REC004183,PER01557,Business Loan,63,2020-07-11,36,Repaid,Yes Bank
REC004184,PER01558,Home Loan,80,2014-11-06,120,Active,ICICI Bank
REC004185,PER01558,Car Loan,48,2020-05-23,60,Active,Bank of Baroda
REC004186,PER01559,Home Loan,82,2024-05-24,240,Repaid,Canara Bank
REC004187,PER01559,Home Loan,125,2014-11-21,240,Repaid,IndusInd Bank
REC004188,PER01559,Car Loan,58,2024-03-16,48,Repaid,Union Bank
REC004189,PER01561,Business Loan,20,2011-01-22,36,Defaulted,Canara Bank
REC004190,PER01561,Home Loan,158,2010-01-15,360,Repaid,ICICI Bank
REC004191,PER01561,Car Loan,43,2023-06-27,84,Repaid,Tata Capital
REC004192,PER01561,Education Loan,29,2025-11-21,36,Repaid,Union Bank
REC004193,PER01562,Home Loan,163,2023-03-28,180,Defaulted,IDBI Bank
REC004194,PER01562,Personal Loan,40,2019-08-12,36,Repaid,SBI
REC004195,PER01562,Home Loan,275,2015-02-11,180,Active,Bajaj Finserv
REC004196,PER01562,Business Loan,90,2017-07-16,12,Repaid,Union Bank
REC004197,PER01562,Home Loan,107,2020-05-27,120,Defaulted,Bajaj Finserv
REC004198,PER01562,Home Loan,209,2025-06-27,180,Repaid,Canara Bank
REC004199,PER01562,Two-Wheeler Loan,12,2013-05-16,36,Defaulted,IndusInd Bank
REC004200,PER01563,Home Loan,167,2018-09-03,300,Repaid,SBI
REC004201,PER01563,Personal Loan,39,2023-05-07,60,Active,SBI
REC004202,PER01564,Car Loan,45,2020-10-09,84,Repaid,Kotak Mahindra
REC004203,PER01564,Education Loan,25,2023-05-27,48,Active,Canara Bank
REC004204,PER01564,Personal Loan,15,2016-05-13,60,Active,Canara Bank
REC004205,PER01565,Business Loan,217,2014-09-23,60,Repaid,HDFC Bank
REC004206,PER01565,Personal Loan,19,2018-03-14,12,Repaid,SBI
REC004207,PER01565,Gold Loan,3,2024-05-08,12,Repaid,Canara Bank
REC004208,PER01565,Business Loan,58,2012-10-19,36,Repaid,Yes Bank
REC004209,PER01566,Home Loan,275,2012-01-05,300,Active,LIC Housing Finance
REC004210,PER01566,Car Loan,33,2025-03-14,84,Active,SBI
REC004211,PER01568,Personal Loan,13,2011-02-25,24,Active,ICICI Bank
REC004212,PER01569,Education Loan,29,2023-01-15,48,Repaid,SBI
REC004213,PER01569,Education Loan,45,2025-10-04,48,Active,IDBI Bank
REC004214,PER01570,Business Loan,116,2018-11-09,24,Repaid,PNB
REC004215,PER01570,Car Loan,72,2016-10-01,48,Defaulted,Tata Capital
REC004216,PER01570,Gold Loan,13,2013-09-28,60,Repaid,Yes Bank
REC004217,PER01571,Gold Loan,14,2013-10-01,60,Defaulted,IndusInd Bank
REC004218,PER01572,Personal Loan,45,2010-08-28,60,Repaid,Kotak Mahindra
REC004219,PER01572,Business Loan,25,2017-12-21,48,Repaid,Tata Capital
REC004220,PER01572,Business Loan,160,2012-04-04,60,Repaid,HDFC Bank
REC004221,PER01572,Personal Loan,100,2014-03-13,36,Active,Yes Bank
REC004222,PER01573,Education Loan,26,2013-11-04,48,Active,Bank of Baroda
REC004223,PER01573,Personal Loan,32,2015-09-04,24,Repaid,Canara Bank
REC004224,PER01574,Education Loan,26,2023-02-27,36,Repaid,Canara Bank
REC004225,PER01575,Personal Loan,37,2020-04-25,36,Repaid,Tata Capital
REC004226,PER01575,Personal Loan,57,2011-11-14,24,Active,Kotak Mahindra
REC004227,PER01576,Business Loan,65,2022-05-26,36,Repaid,HDFC Bank
REC004228,PER01576,Car Loan,39,2018-01-08,84,Repaid,ICICI Bank
REC004229,PER01577,Personal Loan,58,2018-02-18,36,Repaid,PNB
REC004230,PER01577,Car Loan,53,2015-11-22,84,Repaid,Bajaj Finserv
REC004231,PER01577,Home Loan,193,2020-03-06,300,Repaid,Yes Bank
REC004232,PER01578,Car Loan,28,2023-05-16,48,Defaulted,ICICI Bank
REC004233,PER01578,Personal Loan,82,2023-02-24,60,Repaid,Bank of Baroda
REC004234,PER01578,Two-Wheeler Loan,9,2022-04-06,24,Defaulted,ICICI Bank
REC004235,PER01578,Gold Loan,9,2015-04-08,60,Repaid,Axis Bank
REC004236,PER01578,Business Loan,164,2024-10-16,24,Repaid,Bank of Baroda
REC004237,PER01579,Home Loan,200,2023-04-07,300,Repaid,HDFC Bank
REC004238,PER01579,Personal Loan,13,2015-05-26,60,Repaid,Bank of Baroda
REC004239,PER01579,Home Loan,173,2024-04-27,180,Defaulted,SBI
REC004240,PER01579,Personal Loan,24,2021-03-01,24,Repaid,HDFC Bank
REC004241,PER01580,Personal Loan,63,2015-12-24,36,Repaid,LIC Housing Finance
REC004242,PER01580,Education Loan,39,2014-04-24,48,Repaid,IDBI Bank
REC004243,PER01580,Personal Loan,18,2025-06-20,48,Repaid,Bank of Baroda
REC004244,PER01580,Personal Loan,48,2014-12-14,24,Active,Bajaj Finserv
REC004245,PER01580,Personal Loan,29,2010-06-04,12,Repaid,Axis Bank
REC004246,PER01581,Car Loan,27,2014-12-06,84,Repaid,Bank of Baroda
REC004247,PER01582,Education Loan,27,2024-10-15,36,Defaulted,Bank of Baroda
REC004248,PER01583,Education Loan,32,2019-01-08,36,Defaulted,LIC Housing Finance
REC004249,PER01583,Home Loan,144,2013-09-25,360,Repaid,Tata Capital
REC004250,PER01583,Car Loan,37,2011-04-20,36,Active,Bank of Baroda
REC004251,PER01583,Car Loan,78,2022-02-03,84,Defaulted,Canara Bank
REC004252,PER01584,Home Loan,139,2023-03-23,120,Defaulted,HDFC Bank
REC004253,PER01584,Home Loan,332,2017-04-13,360,Repaid,PNB
REC004254,PER01584,Home Loan,201,2020-12-24,240,Defaulted,ICICI Bank
REC004255,PER01584,Personal Loan,30,2025-08-25,12,Repaid,SBI
REC004256,PER01585,Home Loan,91,2018-09-17,300,Active,Canara Bank
REC004257,PER01585,Gold Loan,9,2024-07-17,12,Defaulted,Canara Bank
REC004258,PER01585,Home Loan,177,2011-03-04,240,Repaid,IDBI Bank
REC004259,PER01586,Home Loan,124,2020-09-22,180,Repaid,Bajaj Finserv
REC004260,PER01587,Personal Loan,92,2014-05-08,36,Defaulted,Bajaj Finserv
REC004261,PER01587,Home Loan,299,2016-01-19,240,Defaulted,ICICI Bank
REC004262,PER01587,Education Loan,10,2014-07-20,84,Active,Yes Bank
REC004263,PER01588,Business Loan,48,2019-12-15,48,Active,Axis Bank
REC004264,PER01588,Car Loan,69,2011-09-16,84,Repaid,Axis Bank
REC004265,PER01588,Car Loan,47,2013-11-22,60,Repaid,IDBI Bank
REC004266,PER01588,Home Loan,94,2016-11-15,300,Defaulted,Bajaj Finserv
REC004267,PER01588,Personal Loan,12,2011-05-10,36,Repaid,LIC Housing Finance
REC004268,PER01588,Car Loan,50,2011-10-20,60,Repaid,ICICI Bank
REC004269,PER01588,Home Loan,179,2016-10-04,360,Defaulted,IndusInd Bank
REC004270,PER01588,Home Loan,255,2022-10-03,240,Repaid,SBI
REC004271,PER01589,Home Loan,159,2018-06-03,300,Defaulted,SBI
REC004272,PER01590,Home Loan,305,2024-07-08,240,Repaid,Kotak Mahindra
REC004273,PER01590,Business Loan,123,2019-08-01,24,Defaulted,IndusInd Bank
REC004274,PER01590,Education Loan,97,2017-08-02,60,Repaid,Bajaj Finserv
REC004275,PER01590,Personal Loan,23,2023-02-27,24,Repaid,Kotak Mahindra
REC004276,PER01590,Education Loan,39,2014-04-18,60,Repaid,IDBI Bank
REC004277,PER01591,Education Loan,76,2017-01-03,48,Repaid,PNB
REC004278,PER01591,Two-Wheeler Loan,9,2020-04-04,24,Repaid,LIC Housing Finance
REC004279,PER01591,Education Loan,16,2016-07-17,48,Repaid,Kotak Mahindra
REC004280,PER01592,Car Loan,49,2015-03-17,60,Active,LIC Housing Finance
REC004281,PER01592,Home Loan,128,2012-11-23,180,Defaulted,Kotak Mahindra
REC004282,PER01593,Consumer Durable Loan,10,2014-01-28,36,Repaid,Canara Bank
REC004283,PER01593,Home Loan,167,2016-01-22,300,Repaid,Bank of Baroda
REC004284,PER01594,Personal Loan,69,2015-09-24,60,Repaid,SBI
REC004285,PER01594,Home Loan,228,2016-06-12,360,Defaulted,Kotak Mahindra
REC004286,PER01594,Education Loan,33,2020-03-05,60,Active,LIC Housing Finance
REC004287,PER01594,Personal Loan,33,2018-05-15,12,Defaulted,IDBI Bank
REC004288,PER01595,Consumer Durable Loan,7,2012-04-06,36,Active,Axis Bank
REC004289,PER01595,Personal Loan,35,2017-04-23,60,Repaid,HDFC Bank
REC004290,PER01595,Personal Loan,51,2021-08-28,12,Defaulted,Union Bank
REC004291,PER01596,Personal Loan,61,2011-01-19,48,Active,HDFC Bank
REC004292,PER01596,Car Loan,32,2019-11-18,36,Defaulted,IDBI Bank
REC004293,PER01597,Home Loan,140,2014-12-04,240,Active,Union Bank
REC004294,PER01598,Education Loan,81,2013-06-24,84,Active,Bank of Baroda
REC004295,PER01599,Consumer Durable Loan,3,2010-05-26,36,Repaid,Bank of Baroda
REC004296,PER01599,Business Loan,479,2019-05-21,60,Repaid,SBI
REC004297,PER01599,Personal Loan,55,2011-01-24,48,Repaid,Bank of Baroda
REC004298,PER01599,Home Loan,266,2025-06-03,300,Repaid,Bajaj Finserv
REC004299,PER01600,Home Loan,87,2018-10-11,120,Repaid,IDBI Bank
REC004300,PER01600,Personal Loan,43,2018-04-26,48,Repaid,Tata Capital
REC004301,PER01600,Home Loan,137,2014-08-06,240,Repaid,Yes Bank
REC004302,PER01600,Personal Loan,100,2013-08-27,36,Repaid,Kotak Mahindra
REC004303,PER01600,Car Loan,42,2024-01-24,48,Repaid,Bajaj Finserv
REC004304,PER01601,Home Loan,394,2013-01-05,300,Active,Canara Bank
REC004305,PER01601,Education Loan,58,2022-08-22,84,Repaid,Kotak Mahindra
REC004306,PER01601,Home Loan,225,2020-06-12,240,Repaid,Axis Bank
REC004307,PER01603,Home Loan,105,2024-07-14,120,Repaid,PNB
REC004308,PER01603,Education Loan,15,2017-07-06,84,Active,Yes Bank
REC004309,PER01603,Car Loan,32,2010-11-15,84,Repaid,Axis Bank
REC004310,PER01604,Home Loan,136,2013-08-14,120,Active,Axis Bank
REC004311,PER01604,Home Loan,86,2011-02-08,180,Active,Bajaj Finserv
REC004312,PER01604,Personal Loan,19,2024-04-04,60,Repaid,Tata Capital
REC004313,PER01604,Personal Loan,36,2018-12-03,60,Active,HDFC Bank
REC004314,PER01606,Personal Loan,31,2010-06-27,48,Defaulted,Kotak Mahindra
REC004315,PER01606,Home Loan,209,2015-02-23,360,Repaid,Tata Capital
REC004316,PER01608,Personal Loan,23,2011-07-14,60,Repaid,Bank of Baroda
REC004317,PER01608,Home Loan,131,2023-02-03,300,Repaid,Bank of Baroda
REC004318,PER01609,Gold Loan,3,2025-02-10,60,Defaulted,Kotak Mahindra
REC004319,PER01609,Personal Loan,12,2019-09-28,60,Defaulted,Canara Bank
REC004320,PER01609,Home Loan,138,2019-11-15,180,Defaulted,Yes Bank
REC004321,PER01609,Personal Loan,45,2010-04-23,36,Defaulted,Bank of Baroda
REC004322,PER01610,Gold Loan,12,2018-11-06,36,Active,Yes Bank
REC004323,PER01610,Gold Loan,6,2014-05-28,24,Repaid,Canara Bank
REC004324,PER01611,Personal Loan,14,2014-05-24,24,Repaid,Axis Bank
REC004325,PER01611,Business Loan,64,2014-01-19,12,Active,Tata Capital
REC004326,PER01611,Personal Loan,44,2021-12-02,36,Repaid,PNB
REC004327,PER01611,Education Loan,118,2019-01-03,48,Repaid,IDBI Bank
REC004328,PER01611,Two-Wheeler Loan,18,2013-09-25,12,Repaid,Union Bank
REC004329,PER01612,Gold Loan,17,2011-01-20,12,Active,LIC Housing Finance
REC004330,PER01613,Education Loan,29,2022-04-09,36,Active,PNB
REC004331,PER01614,Home Loan,268,2020-02-13,240,Repaid,Yes Bank
REC004332,PER01614,Education Loan,28,2023-11-18,36,Repaid,IndusInd Bank
REC004333,PER01614,Car Loan,115,2014-02-09,48,Repaid,Union Bank
REC004334,PER01614,Personal Loan,35,2018-03-10,48,Repaid,Bajaj Finserv
REC004335,PER01615,Home Loan,187,2019-08-03,240,Active,Yes Bank
REC004336,PER01615,Personal Loan,52,2023-01-07,24,Repaid,Bank of Baroda
REC004337,PER01615,Car Loan,33,2018-10-08,48,Repaid,LIC Housing Finance
REC004338,PER01615,Personal Loan,35,2024-12-11,60,Repaid,ICICI Bank
REC004339,PER01615,Home Loan,127,2017-01-10,240,Repaid,HDFC Bank
REC004340,PER01616,Personal Loan,31,2012-04-21,60,Repaid,PNB
REC004341,PER01616,Business Loan,75,2025-03-01,24,Defaulted,Bajaj Finserv
REC004342,PER01616,Home Loan,211,2010-11-19,240,Active,ICICI Bank
REC004343,PER01617,Car Loan,81,2020-08-24,84,Active,SBI
REC004344,PER01618,Personal Loan,42,2013-05-09,12,Defaulted,PNB
REC004345,PER01618,Gold Loan,25,2014-05-27,60,Repaid,LIC Housing Finance
REC004346,PER01620,Education Loan,66,2013-02-04,60,Repaid,PNB
REC004347,PER01620,Personal Loan,45,2012-06-05,48,Repaid,ICICI Bank
REC004348,PER01620,Personal Loan,28,2013-01-09,36,Active,PNB
REC004349,PER01620,Car Loan,118,2012-05-07,48,Repaid,Canara Bank
REC004350,PER01620,Personal Loan,28,2012-10-12,36,Active,Yes Bank
REC004351,PER01620,Personal Loan,22,2013-12-28,60,Defaulted,PNB
REC004352,PER01620,Personal Loan,55,2019-08-21,60,Defaulted,Union Bank
REC004353,PER01621,Personal Loan,17,2013-04-12,24,Active,IndusInd Bank
REC004354,PER01621,Home Loan,148,2019-02-14,180,Repaid,Kotak Mahindra
REC004355,PER01621,Consumer Durable Loan,3,2020-02-04,48,Repaid,Bank of Baroda
REC004356,PER01622,Personal Loan,41,2010-11-08,24,Defaulted,Bank of Baroda
REC004357,PER01622,Two-Wheeler Loan,14,2017-02-17,24,Defaulted,Bajaj Finserv
REC004358,PER01622,Personal Loan,21,2016-12-21,60,Repaid,SBI
REC004359,PER01623,Business Loan,227,2018-10-15,36,Repaid,Canara Bank
REC004360,PER01623,Education Loan,31,2018-04-26,48,Repaid,Yes Bank
REC004361,PER01623,Personal Loan,40,2021-04-16,36,Active,Kotak Mahindra
REC004362,PER01624,Personal Loan,32,2023-10-03,60,Defaulted,IndusInd Bank
REC004363,PER01625,Consumer Durable Loan,7,2025-10-04,36,Repaid,Union Bank
REC004364,PER01626,Education Loan,42,2020-02-14,60,Defaulted,SBI
REC004365,PER01626,Home Loan,198,2021-07-03,360,Defaulted,Yes Bank
REC004366,PER01626,Personal Loan,16,2014-03-07,48,Repaid,Union Bank
REC004367,PER01627,Business Loan,111,2018-01-22,24,Defaulted,Bank of Baroda
REC004368,PER01628,Car Loan,52,2011-02-23,36,Repaid,Bank of Baroda
REC004369,PER01628,Car Loan,35,2010-04-21,60,Defaulted,IDBI Bank
REC004370,PER01628,Home Loan,162,2014-04-22,180,Defaulted,IndusInd Bank
REC004371,PER01628,Two-Wheeler Loan,6,2021-04-19,36,Defaulted,Canara Bank
REC004372,PER01628,Education Loan,45,2010-03-12,84,Active,SBI
REC004373,PER01628,Business Loan,191,2011-08-02,36,Active,HDFC Bank
REC004374,PER01628,Education Loan,35,2016-01-16,60,Defaulted,Kotak Mahindra
REC004375,PER01629,Personal Loan,35,2013-12-26,24,Repaid,Kotak Mahindra
REC004376,PER01629,Consumer Durable Loan,10,2024-04-15,36,Active,HDFC Bank
REC004377,PER01629,Car Loan,34,2017-04-05,84,Defaulted,Tata Capital
REC004378,PER01630,Business Loan,76,2022-12-24,60,Active,Tata Capital
REC004379,PER01630,Home Loan,165,2019-06-02,360,Repaid,LIC Housing Finance
REC004380,PER01631,Home Loan,169,2010-01-14,360,Defaulted,IDBI Bank
REC004381,PER01631,Business Loan,89,2011-02-12,60,Active,Yes Bank
REC004382,PER01632,Personal Loan,34,2023-04-15,48,Defaulted,Kotak Mahindra
REC004383,PER01632,Home Loan,81,2022-06-04,120,Repaid,Tata Capital
REC004384,PER01632,Education Loan,71,2010-02-02,84,Repaid,ICICI Bank
REC004385,PER01632,Consumer Durable Loan,7,2018-07-27,60,Active,IDBI Bank
REC004386,PER01633,Home Loan,75,2016-10-12,300,Repaid,Union Bank
REC004387,PER01633,Personal Loan,14,2021-07-21,48,Repaid,ICICI Bank
REC004388,PER01634,Personal Loan,100,2022-07-28,12,Repaid,PNB
REC004389,PER01634,Car Loan,67,2011-08-20,48,Active,PNB
REC004390,PER01634,Personal Loan,25,2016-11-21,60,Defaulted,Axis Bank
REC004391,PER01634,Personal Loan,58,2021-04-02,60,Active,Union Bank
REC004392,PER01634,Personal Loan,26,2011-09-06,36,Active,Canara Bank
REC004393,PER01635,Personal Loan,25,2011-10-11,60,Active,Tata Capital
REC004394,PER01635,Personal Loan,30,2010-03-09,24,Defaulted,Bank of Baroda
REC004395,PER01635,Consumer Durable Loan,4,2025-11-11,60,Active,Tata Capital
REC004396,PER01635,Home Loan,77,2010-09-17,180,Active,ICICI Bank
REC004397,PER01636,Gold Loan,17,2023-06-11,60,Active,LIC Housing Finance
REC004398,PER01636,Business Loan,26,2014-07-17,12,Repaid,SBI
REC004399,PER01636,Car Loan,40,2023-01-21,84,Repaid,Kotak Mahindra
REC004400,PER01636,Home Loan,103,2012-06-02,300,Repaid,Axis Bank
REC004401,PER01637,Consumer Durable Loan,5,2010-09-14,12,Active,ICICI Bank
REC004402,PER01638,Education Loan,66,2024-06-25,48,Repaid,HDFC Bank
REC004403,PER01638,Personal Loan,62,2020-08-14,48,Repaid,SBI
REC004404,PER01638,Car Loan,114,2022-05-14,48,Active,IDBI Bank
REC004405,PER01638,Business Loan,134,2020-06-26,60,Active,PNB
REC004406,PER01638,Home Loan,228,2012-04-18,120,Repaid,IDBI Bank
REC004407,PER01638,Gold Loan,13,2010-05-05,48,Active,SBI
REC004408,PER01638,Personal Loan,22,2025-12-11,24,Repaid,PNB
REC004409,PER01640,Car Loan,87,2012-01-26,84,Repaid,IDBI Bank
REC004410,PER01640,Home Loan,192,2016-06-19,300,Repaid,Canara Bank
REC004411,PER01640,Home Loan,165,2025-12-13,360,Repaid,ICICI Bank
REC004412,PER01641,Business Loan,47,2010-02-09,12,Repaid,Axis Bank
REC004413,PER01642,Home Loan,184,2023-01-09,240,Repaid,LIC Housing Finance
REC004414,PER01642,Education Loan,64,2025-01-19,84,Repaid,IDBI Bank
REC004415,PER01643,Home Loan,274,2021-11-06,180,Defaulted,Tata Capital
REC004416,PER01643,Car Loan,54,2023-08-06,48,Active,Axis Bank
REC004417,PER01643,Car Loan,45,2016-07-02,84,Repaid,IndusInd Bank
REC004418,PER01643,Personal Loan,42,2014-03-18,60,Repaid,Bajaj Finserv
REC004419,PER01643,Business Loan,162,2019-03-21,12,Active,Canara Bank
REC004420,PER01643,Personal Loan,32,2024-05-08,24,Active,Axis Bank
REC004421,PER01643,Education Loan,123,2013-08-03,84,Defaulted,Tata Capital
REC004422,PER01643,Home Loan,156,2010-07-07,360,Repaid,Bajaj Finserv
REC004423,PER01644,Home Loan,211,2018-01-19,360,Active,Axis Bank
REC004424,PER01644,Gold Loan,15,2011-12-28,48,Active,LIC Housing Finance
REC004425,PER01645,Personal Loan,18,2013-05-25,36,Active,Canara Bank
REC004426,PER01645,Personal Loan,39,2019-01-16,24,Active,HDFC Bank
REC004427,PER01645,Car Loan,49,2016-12-23,84,Defaulted,PNB
REC004428,PER01646,Personal Loan,27,2011-07-05,48,Repaid,Yes Bank
REC004429,PER01646,Car Loan,66,2022-09-06,48,Active,ICICI Bank
REC004430,PER01646,Home Loan,188,2023-02-18,360,Repaid,SBI
REC004431,PER01646,Home Loan,223,2024-11-17,240,Repaid,SBI
REC004432,PER01647,Home Loan,111,2019-08-18,300,Active,PNB
REC004433,PER01647,Education Loan,17,2024-03-19,36,Repaid,IDBI Bank
REC004434,PER01648,Car Loan,48,2018-03-19,36,Defaulted,ICICI Bank
REC004435,PER01648,Personal Loan,46,2011-08-13,12,Repaid,ICICI Bank
REC004436,PER01649,Personal Loan,41,2024-06-03,36,Active,ICICI Bank
REC004437,PER01649,Personal Loan,28,2025-10-03,24,Repaid,Yes Bank
REC004438,PER01650,Education Loan,14,2017-02-13,84,Repaid,LIC Housing Finance
REC004439,PER01650,Business Loan,34,2011-11-08,60,Active,Bajaj Finserv
REC004440,PER01650,Personal Loan,24,2010-12-05,60,Repaid,HDFC Bank
REC004441,PER01650,Home Loan,121,2019-04-14,360,Repaid,SBI
REC004442,PER01651,Education Loan,13,2013-12-08,48,Repaid,LIC Housing Finance
REC004443,PER01651,Two-Wheeler Loan,9,2018-11-13,36,Active,IDBI Bank
REC004444,PER01651,Personal Loan,24,2017-02-03,24,Active,Kotak Mahindra
REC004445,PER01651,Consumer Durable Loan,7,2022-11-12,12,Repaid,Bank of Baroda
REC004446,PER01651,Car Loan,52,2016-03-23,36,Repaid,LIC Housing Finance
REC004447,PER01651,Two-Wheeler Loan,4,2013-01-24,48,Active,IndusInd Bank
REC004448,PER01651,Home Loan,187,2012-06-09,360,Active,Yes Bank
REC004449,PER01652,Home Loan,128,2023-07-25,240,Repaid,ICICI Bank
REC004450,PER01653,Home Loan,124,2015-02-24,360,Repaid,Axis Bank
REC004451,PER01653,Business Loan,115,2021-01-20,48,Repaid,Yes Bank
REC004452,PER01654,Home Loan,51,2020-05-27,240,Defaulted,HDFC Bank
REC004453,PER01654,Business Loan,174,2011-05-05,60,Active,LIC Housing Finance
REC004454,PER01655,Home Loan,79,2015-06-02,180,Repaid,Kotak Mahindra
REC004455,PER01655,Personal Loan,26,2013-08-09,24,Repaid,Tata Capital
REC004456,PER01655,Education Loan,18,2014-12-23,48,Active,PNB
REC004457,PER01655,Education Loan,40,2013-05-03,36,Active,IDBI Bank
REC004458,PER01655,Personal Loan,76,2020-02-23,48,Active,Kotak Mahindra
REC004459,PER01655,Personal Loan,13,2022-09-21,48,Repaid,ICICI Bank
REC004460,PER01656,Home Loan,94,2023-04-23,300,Active,Canara Bank
REC004461,PER01656,Personal Loan,32,2011-06-13,12,Repaid,Kotak Mahindra
REC004462,PER01656,Home Loan,283,2017-02-02,240,Repaid,HDFC Bank
REC004463,PER01657,Business Loan,148,2019-05-12,36,Repaid,LIC Housing Finance
REC004464,PER01657,Home Loan,100,2020-09-17,240,Repaid,IDBI Bank
REC004465,PER01657,Home Loan,156,2019-06-03,180,Defaulted,LIC Housing Finance
REC004466,PER01658,Gold Loan,9,2017-01-06,36,Repaid,Bank of Baroda
REC004467,PER01659,Personal Loan,23,2017-11-23,36,Defaulted,Kotak Mahindra
REC004468,PER01659,Education Loan,36,2016-12-07,84,Repaid,IndusInd Bank
REC004469,PER01659,Home Loan,269,2015-12-25,180,Defaulted,IDBI Bank
REC004470,PER01660,Personal Loan,26,2019-04-11,12,Active,Bajaj Finserv
REC004471,PER01660,Home Loan,114,2015-03-04,240,Active,Canara Bank
REC004472,PER01660,Home Loan,424,2011-04-27,180,Defaulted,Bank of Baroda
REC004473,PER01660,Personal Loan,39,2019-10-21,48,Repaid,SBI
REC004474,PER01661,Personal Loan,67,2012-08-14,48,Defaulted,LIC Housing Finance
REC004475,PER01661,Home Loan,285,2013-04-16,300,Repaid,HDFC Bank
REC004476,PER01661,Business Loan,119,2022-01-19,36,Defaulted,Tata Capital
REC004477,PER01661,Personal Loan,77,2013-06-20,12,Defaulted,SBI
REC004478,PER01661,Car Loan,76,2020-03-24,48,Repaid,HDFC Bank
REC004479,PER01661,Car Loan,58,2021-07-21,36,Repaid,Bajaj Finserv
REC004480,PER01662,Personal Loan,26,2011-05-03,60,Repaid,IndusInd Bank
REC004481,PER01662,Home Loan,93,2012-10-21,180,Repaid,HDFC Bank
REC004482,PER01662,Gold Loan,20,2024-03-17,12,Repaid,IDBI Bank
REC004483,PER01662,Home Loan,113,2012-09-17,180,Repaid,IndusInd Bank
REC004484,PER01662,Car Loan,65,2014-08-01,60,Repaid,SBI
REC004485,PER01662,Car Loan,77,2022-05-14,60,Active,Tata Capital
REC004486,PER01662,Home Loan,239,2018-04-04,120,Repaid,HDFC Bank
REC004487,PER01663,Home Loan,280,2023-01-27,360,Defaulted,Yes Bank
REC004488,PER01663,Personal Loan,23,2022-09-10,48,Repaid,Tata Capital
REC004489,PER01664,Home Loan,190,2013-04-16,240,Active,Kotak Mahindra
REC004490,PER01664,Personal Loan,28,2022-10-14,48,Repaid,LIC Housing Finance
REC004491,PER01664,Gold Loan,10,2014-06-14,12,Active,Axis Bank
REC004492,PER01664,Home Loan,133,2022-10-28,180,Repaid,Yes Bank
REC004493,PER01664,Home Loan,320,2010-05-09,240,Active,SBI
REC004494,PER01664,Home Loan,164,2015-02-03,360,Active,Union Bank
REC004495,PER01665,Personal Loan,24,2011-10-13,12,Active,SBI
REC004496,PER01665,Home Loan,170,2024-06-15,300,Active,Canara Bank
REC004497,PER01667,Business Loan,76,2023-05-19,12,Active,Kotak Mahindra
REC004498,PER01667,Car Loan,100,2020-02-10,36,Repaid,Bank of Baroda
REC004499,PER01667,Personal Loan,33,2020-04-01,36,Repaid,IDBI Bank
REC004500,PER01667,Home Loan,196,2023-02-10,300,Active,PNB
REC004501,PER01667,Personal Loan,21,2019-06-13,12,Active,Kotak Mahindra
REC004502,PER01668,Home Loan,171,2012-10-08,300,Active,LIC Housing Finance
REC004503,PER01668,Car Loan,42,2013-07-13,60,Repaid,IndusInd Bank
REC004504,PER01668,Personal Loan,36,2012-08-22,12,Repaid,Yes Bank
REC004505,PER01668,Two-Wheeler Loan,6,2022-04-24,12,Repaid,Kotak Mahindra
REC004506,PER01669,Home Loan,82,2022-05-04,240,Repaid,Union Bank
REC004507,PER01669,Home Loan,125,2017-02-22,240,Repaid,Bajaj Finserv
REC004508,PER01669,Home Loan,387,2024-08-18,360,Active,Union Bank
REC004509,PER01669,Consumer Durable Loan,15,2013-06-21,48,Active,Bajaj Finserv
REC004510,PER01669,Two-Wheeler Loan,4,2021-02-11,24,Repaid,ICICI Bank
REC004511,PER01670,Home Loan,104,2011-09-09,120,Active,Tata Capital
REC004512,PER01670,Car Loan,73,2013-02-16,84,Repaid,HDFC Bank
REC004513,PER01672,Two-Wheeler Loan,2,2022-06-11,24,Active,Bank of Baroda
REC004514,PER01672,Education Loan,49,2012-06-10,36,Repaid,IDBI Bank
REC004515,PER01672,Gold Loan,9,2014-01-25,60,Defaulted,Bank of Baroda
REC004516,PER01673,Two-Wheeler Loan,11,2024-05-17,24,Repaid,Yes Bank
REC004517,PER01673,Education Loan,36,2023-11-03,84,Defaulted,Bajaj Finserv
REC004518,PER01673,Home Loan,561,2020-02-05,300,Active,IDBI Bank
REC004519,PER01673,Car Loan,46,2017-03-25,60,Repaid,Yes Bank
REC004520,PER01674,Home Loan,130,2024-03-11,120,Repaid,IndusInd Bank
REC004521,PER01675,Business Loan,70,2021-09-20,12,Repaid,Bajaj Finserv
REC004522,PER01675,Home Loan,121,2024-04-27,180,Repaid,Bajaj Finserv
REC004523,PER01676,Personal Loan,34,2016-07-04,60,Repaid,IDBI Bank
REC004524,PER01677,Two-Wheeler Loan,30,2016-07-27,24,Active,LIC Housing Finance
REC004525,PER01678,Home Loan,221,2024-11-19,240,Repaid,Union Bank
REC004526,PER01678,Home Loan,572,2020-05-15,300,Repaid,SBI
REC004527,PER01678,Personal Loan,40,2019-04-20,24,Repaid,ICICI Bank
REC004528,PER01678,Education Loan,42,2013-11-22,36,Active,ICICI Bank
REC004529,PER01678,Car Loan,50,2017-11-27,36,Repaid,LIC Housing Finance
REC004530,PER01680,Personal Loan,39,2016-07-09,12,Repaid,LIC Housing Finance
REC004531,PER01680,Education Loan,15,2024-06-10,48,Repaid,Yes Bank
REC004532,PER01681,Car Loan,54,2024-05-17,48,Active,LIC Housing Finance
REC004533,PER01682,Home Loan,235,2018-05-17,300,Active,Axis Bank
REC004534,PER01682,Home Loan,125,2012-05-06,180,Repaid,PNB
REC004535,PER01683,Gold Loan,11,2024-08-27,48,Repaid,SBI
REC004536,PER01683,Car Loan,29,2012-05-02,60,Repaid,Bajaj Finserv
REC004537,PER01683,Personal Loan,34,2017-11-04,24,Defaulted,PNB
REC004538,PER01684,Personal Loan,97,2010-08-11,36,Repaid,SBI
REC004539,PER01684,Education Loan,41,2017-04-12,84,Repaid,Yes Bank
REC004540,PER01684,Business Loan,20,2017-01-16,48,Active,HDFC Bank
REC004541,PER01684,Gold Loan,11,2019-08-18,24,Active,Yes Bank
REC004542,PER01686,Home Loan,212,2011-07-07,120,Repaid,ICICI Bank
REC004543,PER01686,Personal Loan,23,2025-09-21,24,Defaulted,IDBI Bank
REC004544,PER01686,Personal Loan,24,2013-03-20,12,Repaid,Bank of Baroda
REC004545,PER01687,Car Loan,55,2010-09-24,48,Active,Canara Bank
REC004546,PER01688,Business Loan,50,2012-01-13,36,Active,HDFC Bank
REC004547,PER01688,Gold Loan,12,2011-01-13,24,Repaid,Bajaj Finserv
REC004548,PER01688,Personal Loan,97,2010-01-06,60,Repaid,Tata Capital
REC004549,PER01689,Car Loan,59,2021-02-03,48,Repaid,ICICI Bank
REC004550,PER01689,Home Loan,292,2015-01-16,300,Repaid,Union Bank
REC004551,PER01690,Personal Loan,54,2012-06-25,48,Defaulted,ICICI Bank
REC004552,PER01690,Education Loan,38,2014-09-06,48,Repaid,PNB
REC004553,PER01690,Car Loan,45,2018-10-01,36,Repaid,Bank of Baroda
REC004554,PER01690,Home Loan,256,2010-12-20,300,Repaid,ICICI Bank
REC004555,PER01690,Home Loan,103,2014-06-25,240,Defaulted,Bank of Baroda
REC004556,PER01691,Personal Loan,11,2012-02-04,36,Repaid,SBI
REC004557,PER01691,Home Loan,236,2016-10-02,360,Defaulted,Kotak Mahindra
REC004558,PER01691,Car Loan,33,2020-06-17,48,Repaid,LIC Housing Finance
REC004559,PER01693,Home Loan,194,2013-11-20,300,Repaid,Canara Bank
REC004560,PER01693,Business Loan,91,2023-04-21,12,Repaid,Kotak Mahindra
REC004561,PER01695,Personal Loan,67,2011-03-03,48,Repaid,PNB
REC004562,PER01695,Personal Loan,24,2022-02-14,36,Active,IDBI Bank
REC004563,PER01696,Home Loan,165,2021-09-21,120,Repaid,PNB
REC004564,PER01696,Home Loan,155,2015-09-05,180,Repaid,Canara Bank
REC004565,PER01696,Personal Loan,37,2024-06-21,24,Active,Canara Bank
REC004566,PER01697,Home Loan,186,2014-05-28,300,Repaid,Tata Capital
REC004567,PER01697,Education Loan,31,2013-08-10,84,Defaulted,Axis Bank
REC004568,PER01697,Personal Loan,29,2019-06-15,36,Repaid,ICICI Bank
REC004569,PER01697,Home Loan,236,2024-06-15,180,Repaid,Tata Capital
REC004570,PER01697,Home Loan,666,2011-06-06,180,Repaid,Axis Bank
REC004571,PER01697,Home Loan,263,2024-03-16,360,Active,Yes Bank
REC004572,PER01699,Personal Loan,36,2023-07-12,24,Defaulted,Union Bank
REC004573,PER01699,Gold Loan,14,2018-08-08,36,Repaid,IDBI Bank
REC004574,PER01699,Business Loan,58,2010-11-18,12,Active,Bajaj Finserv
REC004575,PER01699,Personal Loan,100,2023-10-05,24,Active,Axis Bank
REC004576,PER01700,Personal Loan,25,2025-09-24,60,Repaid,Kotak Mahindra
REC004577,PER01700,Education Loan,43,2019-11-16,36,Active,Yes Bank
REC004578,PER01701,Personal Loan,32,2017-12-21,12,Active,ICICI Bank
REC004579,PER01701,Gold Loan,15,2016-08-22,12,Repaid,Canara Bank
REC004580,PER01701,Personal Loan,36,2020-04-24,60,Active,Kotak Mahindra
REC004581,PER01701,Home Loan,472,2016-08-28,180,Active,Kotak Mahindra
REC004582,PER01701,Home Loan,399,2023-09-02,180,Repaid,Union Bank
REC004583,PER01701,Business Loan,289,2015-05-04,36,Repaid,Kotak Mahindra
REC004584,PER01702,Business Loan,44,2023-01-04,48,Active,LIC Housing Finance
REC004585,PER01704,Home Loan,79,2016-04-23,120,Repaid,IndusInd Bank
REC004586,PER01704,Home Loan,366,2025-01-10,120,Repaid,PNB
REC004587,PER01704,Personal Loan,40,2013-03-28,48,Active,Kotak Mahindra
REC004588,PER01704,Personal Loan,23,2013-10-28,12,Defaulted,IndusInd Bank
REC004589,PER01704,Home Loan,313,2018-09-25,120,Repaid,SBI
REC004590,PER01704,Education Loan,135,2015-05-07,36,Repaid,Tata Capital
REC004591,PER01704,Business Loan,93,2020-04-23,48,Repaid,Bajaj Finserv
REC004592,PER01706,Personal Loan,27,2025-10-20,12,Repaid,Bank of Baroda
REC004593,PER01706,Home Loan,304,2015-01-07,360,Active,ICICI Bank
REC004594,PER01706,Home Loan,104,2013-09-25,360,Active,Bank of Baroda
REC004595,PER01707,Home Loan,447,2019-03-21,120,Repaid,Yes Bank
REC004596,PER01707,Business Loan,264,2018-12-01,48,Repaid,ICICI Bank
REC004597,PER01708,Home Loan,216,2012-11-19,300,Repaid,LIC Housing Finance
REC004598,PER01708,Personal Loan,48,2016-09-11,60,Defaulted,Canara Bank
REC004599,PER01708,Home Loan,120,2015-06-27,180,Repaid,Bajaj Finserv
REC004600,PER01708,Personal Loan,17,2022-01-10,60,Defaulted,LIC Housing Finance
REC004601,PER01708,Two-Wheeler Loan,8,2012-11-15,12,Repaid,Bank of Baroda
REC004602,PER01708,Personal Loan,55,2012-04-21,12,Repaid,Kotak Mahindra
REC004603,PER01709,Personal Loan,93,2015-07-21,36,Repaid,Bank of Baroda
REC004604,PER01709,Personal Loan,22,2021-09-13,36,Active,Tata Capital
REC004605,PER01709,Home Loan,272,2016-12-08,240,Active,IDBI Bank
REC004606,PER01710,Home Loan,172,2014-11-02,120,Defaulted,IndusInd Bank
REC004607,PER01710,Home Loan,50,2017-01-21,240,Defaulted,Canara Bank
REC004608,PER01710,Gold Loan,37,2021-09-15,12,Defaulted,Axis Bank
REC004609,PER01711,Car Loan,47,2018-09-03,60,Repaid,PNB
REC004610,PER01711,Gold Loan,29,2015-06-13,24,Active,Yes Bank
REC004611,PER01711,Personal Loan,59,2022-08-16,12,Repaid,IndusInd Bank
REC004612,PER01711,Personal Loan,37,2014-07-25,24,Repaid,Bank of Baroda
REC004613,PER01711,Personal Loan,100,2012-12-06,36,Repaid,Tata Capital
REC004614,PER01711,Gold Loan,15,2011-11-21,48,Repaid,SBI
REC004615,PER01711,Home Loan,200,2012-01-23,180,Active,Bank of Baroda
REC004616,PER01712,Personal Loan,29,2023-09-04,12,Defaulted,LIC Housing Finance
REC004617,PER01712,Education Loan,47,2012-07-01,60,Defaulted,Bank of Baroda
REC004618,PER01713,Car Loan,70,2019-04-27,36,Active,IndusInd Bank
REC004619,PER01713,Personal Loan,58,2018-01-13,48,Active,Canara Bank
REC004620,PER01713,Personal Loan,56,2010-01-24,60,Active,Yes Bank
REC004621,PER01713,Education Loan,150,2013-10-27,84,Defaulted,IndusInd Bank
REC004622,PER01713,Personal Loan,44,2012-02-04,36,Active,Tata Capital
REC004623,PER01714,Home Loan,398,2015-03-09,180,Repaid,LIC Housing Finance
REC004624,PER01715,Home Loan,163,2018-08-25,120,Repaid,HDFC Bank
REC004625,PER01715,Education Loan,45,2010-06-06,84,Active,Kotak Mahindra
REC004626,PER01716,Car Loan,101,2013-07-20,60,Active,ICICI Bank
REC004627,PER01716,Gold Loan,36,2022-03-04,36,Defaulted,Canara Bank
REC004628,PER01716,Personal Loan,39,2011-10-01,36,Repaid,PNB
REC004629,PER01716,Home Loan,264,2022-03-04,240,Active,Bajaj Finserv
REC004630,PER01717,Personal Loan,42,2017-03-06,12,Repaid,Axis Bank
REC004631,PER01717,Car Loan,57,2017-05-23,36,Repaid,IndusInd Bank
REC004632,PER01717,Car Loan,84,2025-12-22,36,Repaid,HDFC Bank
REC004633,PER01719,Personal Loan,31,2013-08-11,36,Active,IDBI Bank
REC004634,PER01719,Car Loan,38,2016-12-10,60,Repaid,LIC Housing Finance
REC004635,PER01719,Business Loan,135,2022-09-15,48,Active,ICICI Bank
REC004636,PER01719,Car Loan,48,2020-10-03,36,Active,Canara Bank
REC004637,PER01719,Consumer Durable Loan,8,2020-01-27,24,Repaid,HDFC Bank
REC004638,PER01720,Personal Loan,28,2021-10-09,60,Repaid,ICICI Bank
REC004639,PER01720,Car Loan,42,2025-08-12,48,Repaid,Bank of Baroda
REC004640,PER01721,Home Loan,66,2012-01-09,120,Repaid,HDFC Bank
REC004641,PER01721,Personal Loan,54,2017-12-14,36,Repaid,Kotak Mahindra
REC004642,PER01721,Gold Loan,15,2024-11-05,24,Repaid,SBI
REC004643,PER01721,Education Loan,68,2016-07-18,36,Repaid,Bajaj Finserv
REC004644,PER01722,Personal Loan,77,2025-08-21,48,Active,Canara Bank
REC004645,PER01722,Personal Loan,71,2019-05-10,60,Defaulted,Yes Bank
REC004646,PER01723,Gold Loan,9,2014-01-20,60,Active,IndusInd Bank
REC004647,PER01723,Two-Wheeler Loan,2,2015-03-12,36,Active,Union Bank
REC004648,PER01724,Gold Loan,24,2010-10-12,48,Repaid,Tata Capital
REC004649,PER01725,Personal Loan,30,2013-12-15,24,Repaid,IDBI Bank
REC004650,PER01725,Personal Loan,100,2017-01-08,48,Repaid,Bank of Baroda
REC004651,PER01726,Consumer Durable Loan,2,2013-12-17,12,Active,Bank of Baroda
REC004652,PER01726,Home Loan,96,2013-11-17,300,Repaid,IndusInd Bank
REC004653,PER01726,Home Loan,121,2010-10-05,360,Repaid,LIC Housing Finance
REC004654,PER01726,Home Loan,517,2022-08-01,360,Repaid,ICICI Bank
REC004655,PER01727,Car Loan,47,2022-09-16,36,Defaulted,Yes Bank
REC004656,PER01729,Personal Loan,30,2016-10-09,36,Repaid,Canara Bank
REC004657,PER01729,Personal Loan,41,2010-01-20,12,Active,IndusInd Bank
REC004658,PER01730,Home Loan,122,2017-11-13,360,Active,HDFC Bank
REC004659,PER01730,Education Loan,26,2023-07-17,48,Repaid,SBI
REC004660,PER01730,Personal Loan,39,2024-08-16,12,Repaid,Axis Bank
REC004661,PER01730,Education Loan,14,2017-02-14,48,Repaid,Axis Bank
REC004662,PER01730,Education Loan,35,2015-02-22,84,Repaid,PNB
REC004663,PER01731,Business Loan,100,2015-06-08,24,Repaid,PNB
REC004664,PER01731,Education Loan,73,2025-01-25,84,Repaid,PNB
REC004665,PER01731,Home Loan,226,2024-09-25,180,Active,LIC Housing Finance
REC004666,PER01731,Education Loan,55,2016-02-20,84,Active,Bank of Baroda
REC004667,PER01732,Home Loan,148,2021-12-27,300,Repaid,Axis Bank
REC004668,PER01733,Car Loan,50,2012-09-03,48,Defaulted,ICICI Bank
REC004669,PER01733,Car Loan,62,2018-02-07,60,Active,SBI
REC004670,PER01734,Home Loan,234,2023-10-02,240,Repaid,PNB
REC004671,PER01734,Home Loan,237,2016-04-05,240,Repaid,IndusInd Bank
REC004672,PER01735,Home Loan,234,2024-04-24,240,Active,Tata Capital
REC004673,PER01735,Personal Loan,25,2023-04-26,24,Active,Kotak Mahindra
REC004674,PER01736,Business Loan,37,2021-06-23,48,Repaid,SBI
REC004675,PER01737,Personal Loan,40,2015-09-22,36,Repaid,Yes Bank
REC004676,PER01737,Business Loan,117,2020-01-01,12,Repaid,IndusInd Bank
REC004677,PER01737,Two-Wheeler Loan,18,2011-06-07,24,Repaid,Yes Bank
REC004678,PER01738,Personal Loan,100,2013-01-17,48,Active,PNB
REC004679,PER01739,Personal Loan,47,2025-11-24,24,Defaulted,ICICI Bank
REC004680,PER01739,Business Loan,114,2011-01-07,24,Defaulted,HDFC Bank
REC004681,PER01739,Personal Loan,56,2013-07-17,60,Repaid,Kotak Mahindra
REC004682,PER01740,Personal Loan,54,2020-01-19,60,Repaid,Yes Bank
REC004683,PER01740,Education Loan,31,2015-07-05,84,Active,Tata Capital
REC004684,PER01741,Education Loan,45,2015-12-22,60,Repaid,ICICI Bank
REC004685,PER01742,Personal Loan,29,2018-10-07,36,Repaid,HDFC Bank
REC004686,PER01742,Car Loan,44,2019-09-25,84,Defaulted,Yes Bank
REC004687,PER01743,Gold Loan,30,2013-07-04,12,Repaid,Union Bank
REC004688,PER01743,Home Loan,140,2011-06-08,360,Repaid,HDFC Bank
REC004689,PER01743,Personal Loan,23,2023-11-27,60,Active,Tata Capital
REC004690,PER01744,Two-Wheeler Loan,17,2024-03-07,36,Active,PNB
REC004691,PER01745,Education Loan,111,2012-02-07,36,Repaid,PNB
REC004692,PER01745,Car Loan,83,2010-08-07,84,Repaid,IDBI Bank
REC004693,PER01746,Home Loan,73,2025-10-04,240,Active,Yes Bank
REC004694,PER01746,Home Loan,139,2024-04-10,180,Defaulted,Bajaj Finserv
REC004695,PER01746,Two-Wheeler Loan,6,2020-03-20,48,Active,Kotak Mahindra
REC004696,PER01747,Personal Loan,77,2016-03-18,60,Defaulted,Yes Bank
REC004697,PER01748,Home Loan,117,2013-12-19,240,Repaid,IndusInd Bank
REC004698,PER01748,Personal Loan,80,2010-12-16,60,Defaulted,Canara Bank
REC004699,PER01749,Home Loan,203,2021-10-25,240,Repaid,ICICI Bank
REC004700,PER01750,Personal Loan,28,2014-01-09,36,Active,IDBI Bank
REC004701,PER01750,Gold Loan,11,2010-12-13,24,Active,IndusInd Bank
REC004702,PER01750,Gold Loan,13,2017-08-15,12,Defaulted,Bank of Baroda
REC004703,PER01750,Personal Loan,36,2016-04-05,48,Repaid,Tata Capital
REC004704,PER01750,Home Loan,198,2012-01-03,300,Defaulted,Tata Capital
REC004705,PER01750,Home Loan,111,2021-05-26,120,Active,Tata Capital
REC004706,PER01752,Home Loan,428,2020-05-22,240,Active,Tata Capital
REC004707,PER01752,Education Loan,11,2022-02-16,48,Active,Kotak Mahindra
REC004708,PER01753,Personal Loan,45,2013-11-03,24,Repaid,SBI
REC004709,PER01753,Home Loan,268,2025-07-13,300,Active,IndusInd Bank
REC004710,PER01753,Business Loan,121,2024-03-13,60,Repaid,PNB
REC004711,PER01753,Personal Loan,35,2016-02-02,12,Active,LIC Housing Finance
REC004712,PER01753,Business Loan,94,2017-03-18,12,Repaid,PNB
REC004713,PER01753,Personal Loan,34,2020-11-19,36,Active,PNB
REC004714,PER01753,Home Loan,289,2024-07-16,360,Repaid,IndusInd Bank
REC004715,PER01754,Personal Loan,100,2019-05-22,12,Repaid,IDBI Bank
REC004716,PER01754,Car Loan,62,2021-03-05,48,Defaulted,Bajaj Finserv
REC004717,PER01754,Business Loan,379,2017-05-08,12,Repaid,LIC Housing Finance
REC004718,PER01755,Business Loan,46,2019-01-05,36,Defaulted,IndusInd Bank
REC004719,PER01755,Car Loan,50,2020-09-08,36,Defaulted,Yes Bank
REC004720,PER01755,Education Loan,27,2011-08-17,84,Repaid,SBI
REC004721,PER01755,Car Loan,18,2015-07-09,60,Defaulted,Bajaj Finserv
REC004722,PER01756,Car Loan,58,2012-04-24,60,Active,Bajaj Finserv
REC004723,PER01756,Car Loan,33,2016-02-28,84,Defaulted,ICICI Bank
REC004724,PER01756,Consumer Durable Loan,25,2015-01-22,36,Active,Axis Bank
REC004725,PER01756,Personal Loan,10,2013-03-12,12,Active,IndusInd Bank
REC004726,PER01756,Two-Wheeler Loan,10,2025-02-14,12,Defaulted,Tata Capital
REC004727,PER01757,Home Loan,252,2010-06-01,300,Repaid,Canara Bank
REC004728,PER01757,Home Loan,110,2011-06-20,300,Repaid,Canara Bank
REC004729,PER01757,Car Loan,29,2014-05-10,36,Active,Yes Bank
REC004730,PER01757,Home Loan,385,2022-09-22,120,Repaid,Union Bank
REC004731,PER01758,Car Loan,122,2018-08-28,36,Repaid,Kotak Mahindra
REC004732,PER01758,Home Loan,351,2013-07-11,240,Repaid,Canara Bank
REC004733,PER01758,Car Loan,71,2016-05-09,48,Defaulted,Yes Bank
REC004734,PER01759,Car Loan,73,2019-11-25,36,Active,Bajaj Finserv
REC004735,PER01759,Personal Loan,53,2015-11-20,36,Active,Union Bank
REC004736,PER01759,Business Loan,43,2018-10-18,48,Active,Union Bank
REC004737,PER01759,Personal Loan,18,2013-06-09,60,Active,HDFC Bank
REC004738,PER01760,Home Loan,98,2010-07-23,240,Repaid,Kotak Mahindra
REC004739,PER01760,Consumer Durable Loan,6,2023-03-25,12,Active,ICICI Bank
REC004740,PER01760,Two-Wheeler Loan,20,2023-03-10,60,Active,Yes Bank
REC004741,PER01761,Gold Loan,26,2022-06-13,36,Repaid,PNB
REC004742,PER01762,Gold Loan,14,2018-06-24,48,Repaid,SBI
REC004743,PER01762,Business Loan,407,2019-02-21,48,Defaulted,Canara Bank
REC004744,PER01762,Two-Wheeler Loan,7,2018-11-26,36,Active,Axis Bank
REC004745,PER01763,Home Loan,157,2017-12-14,300,Active,SBI
REC004746,PER01763,Personal Loan,31,2020-09-15,36,Active,PNB
REC004747,PER01763,Personal Loan,48,2022-08-07,12,Repaid,IDBI Bank
REC004748,PER01763,Home Loan,561,2019-02-17,300,Repaid,Kotak Mahindra
REC004749,PER01764,Personal Loan,100,2020-06-18,48,Defaulted,LIC Housing Finance
REC004750,PER01764,Home Loan,158,2024-08-02,300,Defaulted,Yes Bank
REC004751,PER01764,Car Loan,33,2019-11-28,36,Defaulted,Tata Capital
REC004752,PER01764,Personal Loan,31,2022-06-01,24,Defaulted,Bank of Baroda
REC004753,PER01765,Personal Loan,24,2023-02-01,12,Repaid,Union Bank
REC004754,PER01765,Home Loan,242,2016-04-03,120,Repaid,ICICI Bank
REC004755,PER01766,Home Loan,249,2020-07-15,360,Repaid,HDFC Bank
REC004756,PER01767,Home Loan,201,2019-07-16,180,Repaid,Axis Bank
REC004757,PER01767,Consumer Durable Loan,5,2020-06-03,24,Repaid,Union Bank
REC004758,PER01767,Home Loan,93,2017-09-04,120,Repaid,Bajaj Finserv
REC004759,PER01768,Home Loan,146,2019-09-06,120,Active,Tata Capital
REC004760,PER01769,Home Loan,262,2022-11-23,180,Active,Kotak Mahindra
REC004761,PER01770,Personal Loan,24,2022-09-13,60,Active,PNB
REC004762,PER01771,Education Loan,60,2017-05-24,84,Defaulted,Canara Bank
REC004763,PER01771,Home Loan,50,2023-06-26,360,Defaulted,LIC Housing Finance
REC004764,PER01771,Car Loan,92,2023-04-13,84,Defaulted,Kotak Mahindra
REC004765,PER01772,Gold Loan,19,2014-10-19,24,Repaid,Canara Bank
REC004766,PER01772,Car Loan,135,2017-09-02,84,Repaid,Axis Bank
REC004767,PER01772,Consumer Durable Loan,5,2016-01-08,12,Repaid,Axis Bank
REC004768,PER01772,Consumer Durable Loan,6,2015-03-09,60,Repaid,Kotak Mahindra
REC004769,PER01773,Gold Loan,9,2010-02-27,12,Active,SBI
REC004770,PER01773,Personal Loan,13,2018-03-12,48,Defaulted,ICICI Bank
REC004771,PER01774,Home Loan,183,2013-06-27,300,Repaid,LIC Housing Finance
REC004772,PER01775,Personal Loan,100,2013-09-23,60,Repaid,IndusInd Bank
REC004773,PER01776,Home Loan,115,2020-07-22,360,Repaid,IndusInd Bank
REC004774,PER01777,Business Loan,115,2025-02-21,12,Active,Axis Bank
REC004775,PER01777,Business Loan,75,2019-01-12,36,Defaulted,HDFC Bank
REC004776,PER01778,Business Loan,150,2015-02-13,36,Active,LIC Housing Finance
REC004777,PER01779,Personal Loan,69,2020-12-17,48,Repaid,LIC Housing Finance
REC004778,PER01779,Business Loan,151,2011-09-09,12,Defaulted,Bank of Baroda
REC004779,PER01779,Personal Loan,40,2022-02-14,60,Repaid,Bank of Baroda
REC004780,PER01780,Education Loan,40,2011-11-07,84,Repaid,Bank of Baroda
REC004781,PER01780,Home Loan,167,2013-03-03,240,Repaid,Bajaj Finserv
REC004782,PER01781,Personal Loan,23,2024-10-22,60,Repaid,IndusInd Bank
REC004783,PER01781,Home Loan,115,2024-09-07,120,Repaid,Kotak Mahindra
REC004784,PER01782,Car Loan,66,2022-10-22,36,Repaid,Axis Bank
REC004785,PER01783,Education Loan,42,2010-02-22,60,Repaid,Union Bank
REC004786,PER01783,Home Loan,220,2024-11-23,240,Active,ICICI Bank
REC004787,PER01783,Car Loan,57,2019-10-09,60,Defaulted,ICICI Bank
REC004788,PER01783,Home Loan,301,2015-07-12,240,Repaid,Union Bank
REC004789,PER01784,Car Loan,36,2017-02-01,60,Defaulted,Tata Capital
REC004790,PER01784,Education Loan,41,2025-04-22,48,Repaid,Axis Bank
REC004791,PER01785,Two-Wheeler Loan,3,2019-09-06,60,Defaulted,Axis Bank
REC004792,PER01785,Personal Loan,28,2017-01-05,24,Defaulted,IDBI Bank
REC004793,PER01785,Home Loan,291,2024-06-04,240,Defaulted,Union Bank
REC004794,PER01785,Gold Loan,33,2023-12-04,60,Repaid,Kotak Mahindra
REC004795,PER01786,Education Loan,129,2017-09-11,84,Repaid,HDFC Bank
REC004796,PER01787,Home Loan,311,2016-11-10,240,Repaid,HDFC Bank
REC004797,PER01787,Car Loan,33,2025-12-18,48,Repaid,LIC Housing Finance
REC004798,PER01787,Home Loan,68,2015-02-01,240,Repaid,SBI
REC004799,PER01788,Personal Loan,21,2012-01-07,60,Repaid,SBI
REC004800,PER01789,Car Loan,53,2010-08-19,84,Defaulted,Kotak Mahindra
REC004801,PER01790,Business Loan,63,2025-12-22,60,Repaid,Bank of Baroda
REC004802,PER01790,Personal Loan,100,2010-05-27,36,Repaid,PNB
REC004803,PER01791,Personal Loan,44,2018-10-05,48,Repaid,IDBI Bank
REC004804,PER01791,Personal Loan,80,2012-07-05,12,Repaid,IDBI Bank
REC004805,PER01791,Car Loan,67,2019-02-27,84,Repaid,Union Bank
REC004806,PER01791,Personal Loan,35,2017-02-18,12,Repaid,Kotak Mahindra
REC004807,PER01791,Car Loan,63,2020-11-16,36,Active,IndusInd Bank
REC004808,PER01791,Business Loan,140,2021-10-22,24,Repaid,PNB
REC004809,PER01791,Personal Loan,31,2015-03-10,60,Active,Tata Capital
REC004810,PER01792,Car Loan,65,2011-01-17,60,Defaulted,Canara Bank
REC004811,PER01792,Home Loan,369,2011-07-28,300,Defaulted,Axis Bank
REC004812,PER01793,Gold Loan,11,2010-01-28,48,Active,Yes Bank
REC004813,PER01793,Home Loan,296,2013-11-24,300,Active,Tata Capital
REC004814,PER01794,Car Loan,47,2018-02-09,84,Repaid,SBI
REC004815,PER01794,Business Loan,33,2016-02-08,48,Active,Union Bank
REC004816,PER01794,Personal Loan,9,2018-07-03,48,Active,IndusInd Bank
REC004817,PER01794,Car Loan,44,2016-10-20,84,Repaid,Axis Bank
REC004818,PER01795,Car Loan,35,2025-12-06,84,Repaid,Tata Capital
REC004819,PER01795,Education Loan,28,2014-12-28,36,Repaid,PNB
REC004820,PER01795,Personal Loan,71,2013-05-26,12,Repaid,LIC Housing Finance
REC004821,PER01795,Personal Loan,100,2023-08-23,60,Repaid,LIC Housing Finance
REC004822,PER01796,Home Loan,169,2011-01-14,300,Repaid,IDBI Bank
REC004823,PER01797,Home Loan,140,2015-08-27,240,Active,PNB
REC004824,PER01797,Education Loan,40,2010-08-04,84,Defaulted,Axis Bank
REC004825,PER01797,Personal Loan,29,2015-03-24,36,Defaulted,Tata Capital
REC004826,PER01798,Home Loan,101,2020-07-24,240,Defaulted,IDBI Bank
REC004827,PER01799,Home Loan,162,2024-04-23,120,Active,LIC Housing Finance
REC004828,PER01799,Car Loan,108,2010-12-06,60,Repaid,SBI
REC004829,PER01799,Gold Loan,22,2021-01-18,36,Active,LIC Housing Finance
REC004830,PER01799,Car Loan,65,2016-06-02,36,Defaulted,Bajaj Finserv
REC004831,PER01800,Home Loan,168,2022-03-16,180,Active,Canara Bank
REC004832,PER01800,Car Loan,68,2020-12-16,48,Defaulted,Bank of Baroda
REC004833,PER01800,Home Loan,208,2024-01-10,180,Repaid,ICICI Bank
REC004834,PER01800,Home Loan,199,2020-12-04,240,Active,Yes Bank
REC004835,PER01800,Business Loan,187,2019-06-03,24,Defaulted,SBI
REC004836,PER01800,Gold Loan,13,2010-08-02,60,Repaid,HDFC Bank
REC004837,PER01800,Consumer Durable Loan,13,2025-10-21,24,Active,Canara Bank
REC004838,PER01800,Car Loan,89,2021-05-10,48,Repaid,IndusInd Bank
REC004839,PER01801,Two-Wheeler Loan,13,2016-10-06,60,Repaid,IndusInd Bank
REC004840,PER01801,Personal Loan,77,2022-09-23,12,Active,IDBI Bank
REC004841,PER01801,Personal Loan,16,2019-07-26,24,Active,IndusInd Bank
REC004842,PER01802,Home Loan,227,2018-09-20,180,Repaid,Axis Bank
REC004843,PER01802,Consumer Durable Loan,8,2015-01-28,36,Defaulted,Yes Bank
REC004844,PER01802,Car Loan,49,2019-07-07,36,Defaulted,Yes Bank
REC004845,PER01803,Education Loan,45,2022-11-28,48,Repaid,Tata Capital
REC004846,PER01803,Car Loan,52,2010-07-06,36,Repaid,Kotak Mahindra
REC004847,PER01803,Home Loan,121,2016-07-08,180,Active,IDBI Bank
REC004848,PER01803,Home Loan,298,2013-08-22,180,Repaid,HDFC Bank
REC004849,PER01805,Car Loan,43,2025-03-28,48,Repaid,HDFC Bank
REC004850,PER01805,Business Loan,92,2017-08-27,36,Repaid,Tata Capital
REC004851,PER01805,Education Loan,30,2019-03-24,60,Active,Kotak Mahindra
REC004852,PER01806,Personal Loan,33,2014-05-08,24,Repaid,HDFC Bank
REC004853,PER01806,Car Loan,60,2010-06-16,60,Active,Kotak Mahindra
REC004854,PER01806,Education Loan,20,2019-11-15,60,Defaulted,PNB
REC004855,PER01806,Car Loan,40,2011-06-10,36,Repaid,Tata Capital
REC004856,PER01806,Business Loan,152,2024-01-18,36,Active,Yes Bank
REC004857,PER01807,Business Loan,205,2017-09-05,24,Repaid,Canara Bank
REC004858,PER01809,Car Loan,142,2022-05-25,60,Active,IDBI Bank
REC004859,PER01809,Business Loan,48,2017-03-26,36,Active,HDFC Bank
REC004860,PER01809,Home Loan,248,2018-10-14,300,Repaid,Yes Bank
REC004861,PER01809,Home Loan,126,2024-12-07,360,Repaid,Kotak Mahindra
REC004862,PER01809,Personal Loan,53,2019-09-19,48,Active,Union Bank
REC004863,PER01810,Personal Loan,16,2016-10-14,36,Active,LIC Housing Finance
REC004864,PER01810,Car Loan,72,2019-09-12,36,Active,HDFC Bank
REC004865,PER01810,Car Loan,69,2011-01-02,36,Repaid,SBI
REC004866,PER01811,Education Loan,29,2012-06-08,60,Repaid,Yes Bank
REC004867,PER01812,Home Loan,246,2019-11-09,240,Defaulted,Yes Bank
REC004868,PER01812,Gold Loan,16,2016-06-09,36,Defaulted,LIC Housing Finance
REC004869,PER01813,Gold Loan,8,2019-03-04,12,Active,LIC Housing Finance
REC004870,PER01813,Home Loan,293,2022-01-01,300,Repaid,IDBI Bank
REC004871,PER01813,Personal Loan,9,2013-06-09,12,Active,IndusInd Bank
REC004872,PER01814,Personal Loan,14,2020-02-23,36,Repaid,Tata Capital
REC004873,PER01815,Personal Loan,63,2019-12-07,24,Repaid,HDFC Bank
REC004874,PER01815,Consumer Durable Loan,18,2014-12-02,12,Repaid,Canara Bank
REC004875,PER01815,Home Loan,176,2014-09-22,360,Repaid,Yes Bank
REC004876,PER01815,Education Loan,49,2015-07-23,60,Repaid,Bank of Baroda
REC004877,PER01816,Personal Loan,42,2016-07-23,48,Repaid,Union Bank
REC004878,PER01816,Home Loan,219,2019-03-10,360,Repaid,Kotak Mahindra
REC004879,PER01817,Consumer Durable Loan,13,2013-05-15,60,Defaulted,SBI
REC004880,PER01817,Personal Loan,55,2021-10-21,60,Repaid,HDFC Bank
REC004881,PER01817,Personal Loan,96,2025-10-26,36,Repaid,Yes Bank
REC004882,PER01818,Business Loan,198,2024-01-28,12,Active,PNB
REC004883,PER01820,Home Loan,91,2021-09-11,240,Active,Union Bank
REC004884,PER01820,Personal Loan,42,2016-12-24,48,Repaid,Axis Bank
REC004885,PER01820,Home Loan,131,2011-10-04,360,Active,Bank of Baroda
REC004886,PER01820,Education Loan,54,2022-05-17,84,Repaid,Yes Bank
REC004887,PER01820,Personal Loan,29,2018-05-25,48,Repaid,PNB
REC004888,PER01821,Home Loan,61,2023-09-21,120,Repaid,Bajaj Finserv
REC004889,PER01821,Education Loan,95,2010-08-02,84,Repaid,Union Bank
REC004890,PER01821,Home Loan,245,2024-05-28,120,Repaid,PNB
REC004891,PER01821,Business Loan,98,2018-03-04,60,Repaid,HDFC Bank
REC004892,PER01822,Home Loan,171,2022-10-20,180,Active,Bajaj Finserv
REC004893,PER01822,Education Loan,35,2013-07-19,84,Repaid,ICICI Bank
REC004894,PER01823,Personal Loan,8,2012-06-27,48,Repaid,Bank of Baroda
REC004895,PER01823,Personal Loan,66,2024-07-12,48,Repaid,IDBI Bank
REC004896,PER01823,Home Loan,251,2016-10-24,180,Repaid,ICICI Bank
REC004897,PER01824,Car Loan,54,2012-04-03,60,Defaulted,Axis Bank
REC004898,PER01824,Business Loan,63,2017-12-11,48,Repaid,IndusInd Bank
REC004899,PER01824,Gold Loan,20,2012-12-24,24,Repaid,Bajaj Finserv
REC004900,PER01824,Business Loan,30,2015-02-13,60,Active,Bajaj Finserv
REC004901,PER01824,Home Loan,135,2017-01-03,300,Active,HDFC Bank
REC004902,PER01825,Personal Loan,37,2012-02-28,24,Repaid,HDFC Bank
REC004903,PER01825,Home Loan,208,2017-12-14,240,Repaid,Bank of Baroda
REC004904,PER01825,Home Loan,196,2021-09-11,300,Active,LIC Housing Finance
REC004905,PER01825,Home Loan,219,2020-08-11,240,Active,LIC Housing Finance
REC004906,PER01826,Personal Loan,37,2023-09-12,60,Defaulted,PNB
REC004907,PER01828,Car Loan,19,2021-11-26,36,Active,IndusInd Bank
REC004908,PER01828,Home Loan,174,2010-01-04,240,Repaid,PNB
REC004909,PER01829,Personal Loan,58,2022-10-18,60,Active,Bajaj Finserv
REC004910,PER01829,Personal Loan,43,2020-04-09,60,Active,Union Bank
REC004911,PER01830,Education Loan,57,2022-01-01,48,Repaid,ICICI Bank
REC004912,PER01830,Home Loan,213,2010-11-24,360,Active,HDFC Bank
REC004913,PER01831,Personal Loan,29,2020-08-05,12,Repaid,Axis Bank
REC004914,PER01831,Home Loan,235,2017-06-03,360,Repaid,Union Bank
REC004915,PER01831,Education Loan,10,2013-09-21,36,Repaid,PNB
REC004916,PER01832,Gold Loan,6,2021-04-19,48,Defaulted,IndusInd Bank
REC004917,PER01832,Car Loan,37,2013-03-08,48,Defaulted,Kotak Mahindra
REC004918,PER01832,Education Loan,34,2014-07-12,36,Defaulted,PNB
REC004919,PER01832,Personal Loan,23,2020-04-13,24,Repaid,PNB
REC004920,PER01833,Car Loan,73,2011-03-23,84,Defaulted,SBI
REC004921,PER01833,Home Loan,150,2025-02-04,300,Repaid,Bajaj Finserv
REC004922,PER01833,Home Loan,194,2018-02-10,360,Active,Canara Bank
REC004923,PER01834,Home Loan,103,2011-09-23,360,Defaulted,Kotak Mahindra
REC004924,PER01834,Business Loan,68,2024-03-03,48,Active,PNB
REC004925,PER01835,Two-Wheeler Loan,4,2020-11-28,12,Repaid,Axis Bank
REC004926,PER01835,Gold Loan,8,2020-07-20,12,Defaulted,Bank of Baroda
REC004927,PER01835,Personal Loan,42,2010-08-27,36,Repaid,Tata Capital
REC004928,PER01835,Education Loan,20,2015-06-15,36,Repaid,Bank of Baroda
REC004929,PER01836,Home Loan,240,2021-05-28,240,Repaid,Bank of Baroda
REC004930,PER01836,Home Loan,105,2018-06-23,180,Repaid,Bank of Baroda
REC004931,PER01836,Personal Loan,100,2017-08-26,12,Active,Union Bank
REC004932,PER01837,Home Loan,247,2023-05-06,120,Repaid,LIC Housing Finance
REC004933,PER01837,Education Loan,60,2010-05-27,48,Repaid,Axis Bank
REC004934,PER01837,Personal Loan,28,2022-11-19,36,Repaid,SBI
REC004935,PER01837,Personal Loan,33,2019-08-07,24,Active,Axis Bank
REC004936,PER01838,Home Loan,435,2014-02-04,240,Active,SBI
REC004937,PER01838,Consumer Durable Loan,10,2014-10-03,36,Repaid,LIC Housing Finance
REC004938,PER01838,Personal Loan,22,2021-04-24,36,Defaulted,ICICI Bank
REC004939,PER01838,Personal Loan,49,2020-02-03,60,Repaid,Yes Bank
REC004940,PER01839,Home Loan,186,2019-11-08,360,Repaid,PNB
REC004941,PER01839,Car Loan,56,2024-10-28,36,Active,Union Bank
REC004942,PER01839,Home Loan,203,2010-01-01,300,Repaid,PNB
REC004943,PER01840,Home Loan,318,2011-02-02,180,Repaid,Tata Capital
REC004944,PER01840,Business Loan,115,2023-08-01,24,Repaid,Yes Bank
REC004945,PER01840,Consumer Durable Loan,8,2021-09-23,12,Defaulted,IDBI Bank
REC004946,PER01840,Car Loan,80,2024-09-08,84,Active,IDBI Bank
REC004947,PER01840,Personal Loan,23,2015-02-04,48,Defaulted,LIC Housing Finance
REC004948,PER01840,Personal Loan,24,2019-11-02,12,Defaulted,Bank of Baroda
REC004949,PER01841,Home Loan,211,2020-07-14,240,Active,ICICI Bank
REC004950,PER01841,Home Loan,199,2015-06-22,360,Defaulted,Canara Bank
REC004951,PER01841,Personal Loan,11,2017-11-16,48,Active,Bank of Baroda
REC004952,PER01842,Home Loan,384,2018-08-10,120,Defaulted,Union Bank
REC004953,PER01842,Car Loan,58,2016-04-08,84,Repaid,Canara Bank
REC004954,PER01842,Business Loan,177,2017-12-01,12,Repaid,LIC Housing Finance
REC004955,PER01842,Home Loan,162,2015-04-03,240,Active,Axis Bank
REC004956,PER01843,Home Loan,140,2025-04-07,120,Active,IndusInd Bank
REC004957,PER01843,Personal Loan,28,2015-05-11,12,Repaid,Axis Bank
REC004958,PER01844,Personal Loan,66,2022-08-04,24,Repaid,Canara Bank
REC004959,PER01844,Home Loan,121,2024-07-12,180,Active,PNB
REC004960,PER01845,Personal Loan,70,2013-05-06,60,Defaulted,LIC Housing Finance
REC004961,PER01845,Home Loan,212,2012-07-07,120,Defaulted,Kotak Mahindra
REC004962,PER01846,Personal Loan,100,2020-04-12,60,Active,HDFC Bank
REC004963,PER01847,Gold Loan,26,2022-09-05,60,Repaid,Union Bank
REC004964,PER01848,Gold Loan,7,2019-06-05,36,Repaid,LIC Housing Finance
REC004965,PER01848,Personal Loan,58,2018-03-13,60,Active,IndusInd Bank
REC004966,PER01848,Two-Wheeler Loan,18,2012-07-17,60,Repaid,ICICI Bank
REC004967,PER01848,Car Loan,34,2019-12-07,48,Active,Bajaj Finserv
REC004968,PER01848,Personal Loan,11,2020-05-22,12,Repaid,IndusInd Bank
REC004969,PER01849,Home Loan,106,2015-09-13,300,Active,Canara Bank
REC004970,PER01849,Consumer Durable Loan,10,2015-03-18,36,Repaid,Canara Bank
REC004971,PER01850,Business Loan,49,2018-01-25,60,Defaulted,PNB
REC004972,PER01850,Home Loan,338,2025-08-10,360,Active,Bajaj Finserv
REC004973,PER01850,Home Loan,102,2018-03-17,360,Repaid,Bank of Baroda
REC004974,PER01850,Two-Wheeler Loan,11,2025-04-04,24,Active,HDFC Bank
REC004975,PER01850,Education Loan,52,2016-02-28,36,Active,HDFC Bank
REC004976,PER01850,Home Loan,180,2014-12-13,300,Repaid,Tata Capital
REC004977,PER01851,Business Loan,76,2018-10-03,12,Repaid,ICICI Bank
REC004978,PER01851,Two-Wheeler Loan,19,2022-05-02,36,Active,IDBI Bank
REC004979,PER01851,Two-Wheeler Loan,6,2021-12-03,60,Active,HDFC Bank
REC004980,PER01851,Business Loan,101,2025-06-21,36,Repaid,PNB
REC004981,PER01852,Home Loan,162,2023-10-20,360,Repaid,Union Bank
REC004982,PER01852,Home Loan,119,2011-03-16,180,Active,SBI
REC004983,PER01853,Personal Loan,12,2025-11-07,36,Repaid,SBI
REC004984,PER01853,Home Loan,71,2019-04-11,300,Repaid,Union Bank
REC004985,PER01854,Home Loan,113,2019-06-22,180,Defaulted,Kotak Mahindra
REC004986,PER01854,Home Loan,290,2010-07-12,360,Repaid,Tata Capital
REC004987,PER01854,Home Loan,255,2020-12-17,300,Active,Axis Bank
REC004988,PER01854,Two-Wheeler Loan,11,2014-08-18,48,Defaulted,IndusInd Bank
REC004989,PER01854,Personal Loan,49,2019-07-19,60,Defaulted,Bank of Baroda
REC004990,PER01854,Personal Loan,41,2021-05-14,48,Repaid,Axis Bank
REC004991,PER01855,Home Loan,225,2015-10-16,360,Repaid,LIC Housing Finance
REC004992,PER01855,Education Loan,44,2015-10-24,60,Active,Kotak Mahindra
REC004993,PER01855,Education Loan,70,2020-10-14,36,Repaid,Tata Capital
REC004994,PER01856,Home Loan,197,2016-03-27,120,Defaulted,Tata Capital
REC004995,PER01856,Consumer Durable Loan,3,2025-03-20,60,Repaid,Yes Bank
REC004996,PER01856,Consumer Durable Loan,14,2013-05-24,12,Active,Kotak Mahindra
REC004997,PER01856,Two-Wheeler Loan,6,2015-03-28,60,Repaid,IndusInd Bank
REC004998,PER01857,Home Loan,185,2011-05-28,240,Active,Kotak Mahindra
REC004999,PER01857,Home Loan,112,2021-03-06,300,Repaid,Canara Bank
REC005000,PER01857,Personal Loan,63,2021-01-20,48,Defaulted,SBI
REC005001,PER01858,Personal Loan,79,2016-11-26,24,Defaulted,Bajaj Finserv
REC005002,PER01858,Education Loan,76,2017-05-05,60,Repaid,Yes Bank
REC005003,PER01859,Consumer Durable Loan,9,2025-05-21,12,Active,Yes Bank
REC005004,PER01859,Home Loan,204,2010-09-27,120,Repaid,Union Bank
REC005005,PER01860,Gold Loan,9,2019-07-10,24,Active,Bajaj Finserv
REC005006,PER01861,Two-Wheeler Loan,7,2024-10-15,12,Repaid,Yes Bank
REC005007,PER01861,Home Loan,143,2023-11-13,120,Defaulted,PNB
REC005008,PER01861,Personal Loan,62,2019-05-18,36,Repaid,Canara Bank
REC005009,PER01862,Education Loan,150,2023-08-22,60,Active,HDFC Bank
REC005010,PER01863,Home Loan,130,2012-03-12,240,Repaid,Union Bank
REC005011,PER01863,Personal Loan,28,2011-08-26,24,Repaid,SBI
REC005012,PER01863,Car Loan,43,2025-07-06,48,Repaid,Yes Bank
REC005013,PER01864,Home Loan,227,2024-06-28,180,Repaid,SBI
REC005014,PER01864,Business Loan,77,2015-05-05,24,Repaid,Kotak Mahindra
REC005015,PER01865,Car Loan,48,2018-02-09,84,Active,IndusInd Bank
REC005016,PER01865,Home Loan,107,2022-10-15,180,Repaid,PNB
REC005017,PER01865,Home Loan,228,2011-02-25,360,Defaulted,Bank of Baroda
REC005018,PER01865,Gold Loan,17,2023-11-04,60,Active,SBI
REC005019,PER01866,Personal Loan,25,2012-04-18,12,Repaid,PNB
REC005020,PER01866,Car Loan,28,2010-02-23,60,Repaid,IndusInd Bank
REC005021,PER01866,Car Loan,45,2023-05-12,36,Active,IndusInd Bank
REC005022,PER01866,Two-Wheeler Loan,3,2019-10-24,36,Defaulted,IndusInd Bank
REC005023,PER01867,Education Loan,50,2020-08-09,60,Active,LIC Housing Finance
REC005024,PER01868,Car Loan,40,2018-10-23,36,Active,ICICI Bank
REC005025,PER01868,Consumer Durable Loan,9,2013-12-22,60,Active,Bank of Baroda
REC005026,PER01868,Personal Loan,18,2015-11-15,24,Repaid,IndusInd Bank
REC005027,PER01868,Education Loan,68,2014-12-17,60,Active,Kotak Mahindra
REC005028,PER01868,Car Loan,69,2013-04-16,84,Repaid,HDFC Bank
REC005029,PER01869,Car Loan,122,2013-11-20,48,Active,Canara Bank
REC005030,PER01869,Home Loan,256,2012-09-15,240,Defaulted,PNB
REC005031,PER01869,Education Loan,70,2021-05-03,48,Defaulted,IndusInd Bank
REC005032,PER01869,Car Loan,35,2010-12-21,60,Defaulted,Bajaj Finserv
REC005033,PER01869,Home Loan,132,2017-01-10,180,Repaid,PNB
REC005034,PER01869,Home Loan,395,2014-07-16,240,Defaulted,ICICI Bank
REC005035,PER01869,Personal Loan,60,2017-01-19,24,Active,IndusInd Bank
REC005036,PER01870,Car Loan,20,2013-12-15,36,Active,Bank of Baroda
REC005037,PER01870,Car Loan,93,2023-05-02,48,Repaid,Kotak Mahindra
REC005038,PER01870,Two-Wheeler Loan,4,2010-12-06,36,Repaid,Kotak Mahindra
REC005039,PER01870,Car Loan,51,2010-03-01,84,Defaulted,IndusInd Bank
REC005040,PER01871,Education Loan,20,2021-08-15,48,Defaulted,LIC Housing Finance
REC005041,PER01871,Car Loan,35,2024-01-11,60,Active,PNB
REC005042,PER01871,Personal Loan,50,2021-02-15,48,Defaulted,Tata Capital
REC005043,PER01871,Car Loan,41,2020-07-04,84,Active,Kotak Mahindra
REC005044,PER01871,Business Loan,44,2013-08-17,36,Defaulted,Tata Capital
REC005045,PER01871,Education Loan,18,2015-05-26,48,Defaulted,HDFC Bank
REC005046,PER01872,Two-Wheeler Loan,9,2025-01-15,12,Active,IDBI Bank
REC005047,PER01872,Business Loan,122,2019-09-14,24,Defaulted,PNB
REC005048,PER01872,Home Loan,177,2010-06-22,240,Active,Bank of Baroda
REC005049,PER01872,Home Loan,100,2020-06-06,360,Defaulted,LIC Housing Finance
REC005050,PER01872,Personal Loan,44,2019-05-13,12,Active,PNB
REC005051,PER01873,Car Loan,50,2024-07-09,60,Repaid,ICICI Bank
REC005052,PER01874,Home Loan,757,2010-09-06,180,Repaid,IDBI Bank
REC005053,PER01874,Home Loan,113,2025-11-06,360,Active,Kotak Mahindra
REC005054,PER01874,Home Loan,243,2019-01-24,180,Repaid,SBI
REC005055,PER01875,Gold Loan,7,2016-09-02,24,Active,HDFC Bank
REC005056,PER01876,Personal Loan,17,2010-05-23,36,Repaid,Union Bank
REC005057,PER01876,Home Loan,209,2025-08-09,360,Repaid,HDFC Bank
REC005058,PER01876,Gold Loan,16,2015-05-21,48,Repaid,Bank of Baroda
REC005059,PER01877,Home Loan,307,2017-06-21,120,Repaid,Canara Bank
REC005060,PER01877,Home Loan,94,2019-12-07,300,Repaid,IDBI Bank
REC005061,PER01877,Education Loan,29,2023-11-04,48,Repaid,HDFC Bank
REC005062,PER01877,Home Loan,320,2020-08-11,240,Repaid,Axis Bank
REC005063,PER01877,Car Loan,90,2013-10-19,36,Repaid,Canara Bank
REC005064,PER01877,Home Loan,86,2010-06-17,360,Active,Canara Bank
REC005065,PER01878,Home Loan,187,2019-12-14,300,Repaid,IndusInd Bank
REC005066,PER01878,Home Loan,293,2018-10-10,120,Repaid,Bank of Baroda
REC005067,PER01879,Personal Loan,57,2018-10-28,36,Repaid,HDFC Bank
REC005068,PER01879,Business Loan,51,2010-10-26,12,Repaid,Axis Bank
REC005069,PER01879,Business Loan,115,2021-09-17,12,Repaid,Axis Bank
REC005070,PER01879,Personal Loan,13,2019-07-04,12,Repaid,Yes Bank
REC005071,PER01879,Car Loan,24,2013-07-26,36,Repaid,Yes Bank
REC005072,PER01880,Consumer Durable Loan,11,2025-12-14,24,Defaulted,Axis Bank
REC005073,PER01880,Consumer Durable Loan,8,2018-03-23,12,Active,Yes Bank
REC005074,PER01880,Education Loan,61,2011-11-08,84,Repaid,ICICI Bank
REC005075,PER01881,Car Loan,62,2023-01-04,36,Active,Kotak Mahindra
REC005076,PER01881,Business Loan,31,2022-03-17,24,Active,Canara Bank
REC005077,PER01881,Personal Loan,21,2011-09-21,48,Active,LIC Housing Finance
REC005078,PER01881,Home Loan,98,2017-12-17,300,Defaulted,HDFC Bank
REC005079,PER01881,Home Loan,112,2012-05-02,120,Defaulted,Union Bank
REC005080,PER01882,Two-Wheeler Loan,1,2023-03-10,24,Defaulted,Bank of Baroda
REC005081,PER01882,Car Loan,62,2019-11-10,36,Repaid,Bank of Baroda
REC005082,PER01882,Car Loan,52,2025-04-13,84,Repaid,Bajaj Finserv
REC005083,PER01883,Home Loan,140,2017-07-08,180,Active,PNB
REC005084,PER01885,Home Loan,207,2010-04-06,240,Repaid,SBI
REC005085,PER01885,Home Loan,349,2014-02-14,240,Defaulted,HDFC Bank
REC005086,PER01885,Education Loan,55,2022-05-24,60,Active,LIC Housing Finance
REC005087,PER01885,Home Loan,72,2015-09-22,300,Active,ICICI Bank
REC005088,PER01886,Business Loan,93,2019-07-15,60,Repaid,Tata Capital
REC005089,PER01886,Car Loan,75,2015-05-15,36,Repaid,IndusInd Bank
REC005090,PER01886,Gold Loan,11,2017-06-11,12,Repaid,Canara Bank
REC005091,PER01887,Personal Loan,70,2019-03-11,36,Repaid,LIC Housing Finance
REC005092,PER01887,Home Loan,180,2011-06-05,360,Repaid,Axis Bank
REC005093,PER01887,Personal Loan,9,2018-10-23,36,Repaid,PNB
REC005094,PER01887,Car Loan,48,2014-11-21,36,Repaid,Union Bank
REC005095,PER01887,Personal Loan,82,2022-06-24,60,Repaid,Bajaj Finserv
REC005096,PER01888,Car Loan,72,2024-06-07,36,Repaid,HDFC Bank
REC005097,PER01888,Personal Loan,28,2012-06-11,36,Repaid,SBI
REC005098,PER01889,Home Loan,292,2022-06-24,360,Active,Kotak Mahindra
REC005099,PER01889,Home Loan,55,2010-07-21,120,Defaulted,Bank of Baroda
REC005100,PER01890,Education Loan,57,2025-09-09,48,Defaulted,HDFC Bank
REC005101,PER01891,Two-Wheeler Loan,7,2012-03-01,36,Repaid,IndusInd Bank
REC005102,PER01891,Education Loan,26,2013-04-15,84,Active,IndusInd Bank
REC005103,PER01892,Personal Loan,41,2021-07-22,36,Repaid,Kotak Mahindra
REC005104,PER01892,Personal Loan,44,2014-11-22,36,Defaulted,SBI
REC005105,PER01892,Home Loan,177,2013-06-11,360,Active,Kotak Mahindra
REC005106,PER01892,Home Loan,151,2025-04-07,240,Defaulted,SBI
REC005107,PER01893,Gold Loan,6,2012-03-10,36,Active,PNB
REC005108,PER01894,Personal Loan,7,2022-07-17,48,Active,LIC Housing Finance
REC005109,PER01894,Home Loan,148,2013-10-23,180,Active,ICICI Bank
REC005110,PER01895,Two-Wheeler Loan,4,2013-07-13,60,Active,Kotak Mahindra
REC005111,PER01895,Home Loan,150,2017-11-01,300,Repaid,ICICI Bank
REC005112,PER01896,Home Loan,63,2024-10-01,240,Repaid,Yes Bank
REC005113,PER01896,Consumer Durable Loan,7,2012-12-05,24,Defaulted,IDBI Bank
REC005114,PER01897,Home Loan,157,2011-02-09,120,Defaulted,SBI
REC005115,PER01897,Personal Loan,31,2024-09-03,24,Repaid,HDFC Bank
REC005116,PER01898,Home Loan,161,2016-08-03,300,Repaid,IDBI Bank
REC005117,PER01898,Education Loan,38,2015-11-04,48,Repaid,Yes Bank
REC005118,PER01898,Personal Loan,22,2017-10-02,48,Repaid,HDFC Bank
REC005119,PER01898,Education Loan,144,2019-12-14,60,Active,IDBI Bank
REC005120,PER01898,Business Loan,40,2017-04-25,36,Repaid,LIC Housing Finance
REC005121,PER01899,Home Loan,141,2021-10-21,360,Repaid,IndusInd Bank
REC005122,PER01899,Home Loan,226,2023-01-15,180,Defaulted,Bajaj Finserv
REC005123,PER01899,Business Loan,65,2022-11-14,48,Repaid,IDBI Bank
REC005124,PER01900,Business Loan,45,2015-03-22,12,Defaulted,Canara Bank
REC005125,PER01901,Personal Loan,100,2012-11-02,48,Repaid,IndusInd Bank
REC005126,PER01901,Home Loan,124,2015-05-08,300,Defaulted,IndusInd Bank
REC005127,PER01902,Home Loan,193,2021-08-18,240,Defaulted,PNB
REC005128,PER01902,Two-Wheeler Loan,7,2014-07-17,60,Repaid,SBI
REC005129,PER01903,Home Loan,272,2011-07-09,240,Repaid,Yes Bank
REC005130,PER01903,Education Loan,150,2013-11-02,60,Defaulted,ICICI Bank
REC005131,PER01904,Personal Loan,13,2011-06-08,12,Defaulted,Tata Capital
REC005132,PER01904,Home Loan,173,2020-09-22,360,Defaulted,Tata Capital
REC005133,PER01904,Education Loan,50,2014-11-10,48,Repaid,SBI
REC005134,PER01906,Two-Wheeler Loan,10,2022-10-24,12,Defaulted,IDBI Bank
REC005135,PER01906,Home Loan,220,2023-12-03,120,Active,Tata Capital
REC005136,PER01906,Home Loan,192,2021-07-02,360,Active,IndusInd Bank
REC005137,PER01906,Education Loan,74,2010-04-22,48,Defaulted,Union Bank
REC005138,PER01906,Home Loan,134,2019-10-11,360,Defaulted,HDFC Bank
REC005139,PER01906,Car Loan,47,2013-02-21,60,Defaulted,IndusInd Bank
REC005140,PER01906,Education Loan,35,2022-09-26,36,Active,Tata Capital
REC005141,PER01907,Personal Loan,19,2025-01-26,48,Repaid,Axis Bank
REC005142,PER01907,Home Loan,132,2021-10-28,240,Repaid,PNB
REC005143,PER01908,Home Loan,242,2015-12-27,300,Repaid,Kotak Mahindra
REC005144,PER01908,Education Loan,40,2018-02-25,60,Active,Bank of Baroda
REC005145,PER01908,Personal Loan,33,2012-01-06,12,Repaid,Yes Bank
REC005146,PER01908,Personal Loan,26,2017-03-05,36,Defaulted,Bank of Baroda
REC005147,PER01908,Education Loan,49,2015-12-06,48,Repaid,Bank of Baroda
REC005148,PER01909,Home Loan,277,2018-12-25,360,Repaid,Kotak Mahindra
REC005149,PER01909,Business Loan,121,2017-06-03,12,Active,Axis Bank
REC005150,PER01909,Business Loan,207,2020-01-22,24,Repaid,Bank of Baroda
REC005151,PER01910,Home Loan,223,2010-11-22,120,Defaulted,Canara Bank
REC005152,PER01910,Personal Loan,61,2017-10-06,48,Active,Bajaj Finserv
REC005153,PER01910,Home Loan,77,2015-06-16,300,Active,PNB
REC005154,PER01910,Education Loan,40,2012-02-12,60,Defaulted,Bank of Baroda
REC005155,PER01911,Gold Loan,6,2010-11-02,12,Repaid,Union Bank
REC005156,PER01911,Personal Loan,37,2010-10-01,48,Repaid,Canara Bank
REC005157,PER01912,Two-Wheeler Loan,23,2014-08-04,48,Active,Union Bank
REC005158,PER01912,Car Loan,40,2014-03-11,84,Repaid,PNB
REC005159,PER01912,Education Loan,34,2014-09-09,60,Repaid,Yes Bank
REC005160,PER01913,Business Loan,81,2022-05-08,24,Repaid,SBI
REC005161,PER01913,Personal Loan,42,2023-05-15,60,Defaulted,SBI
REC005162,PER01914,Personal Loan,97,2018-06-24,48,Defaulted,Union Bank
REC005163,PER01914,Car Loan,31,2017-12-01,36,Repaid,SBI
REC005164,PER01914,Home Loan,137,2019-11-21,120,Repaid,Bank of Baroda
REC005165,PER01915,Home Loan,198,2012-10-21,120,Repaid,Bank of Baroda
REC005166,PER01915,Home Loan,152,2015-02-15,300,Repaid,ICICI Bank
REC005167,PER01915,Personal Loan,27,2022-03-18,48,Repaid,Bajaj Finserv
REC005168,PER01915,Consumer Durable Loan,8,2022-03-03,12,Active,IndusInd Bank
REC005169,PER01915,Home Loan,347,2016-01-15,360,Repaid,Canara Bank
REC005170,PER01915,Home Loan,329,2025-06-01,240,Repaid,Bank of Baroda
REC005171,PER01915,Home Loan,215,2017-09-21,120,Active,Bajaj Finserv
REC005172,PER01916,Personal Loan,26,2017-11-05,60,Repaid,IndusInd Bank
REC005173,PER01916,Personal Loan,34,2014-04-26,36,Active,ICICI Bank
REC005174,PER01916,Car Loan,54,2020-09-13,48,Active,Union Bank
REC005175,PER01916,Home Loan,123,2011-02-18,300,Active,ICICI Bank
REC005176,PER01916,Gold Loan,16,2014-08-05,24,Active,Bajaj Finserv
REC005177,PER01917,Home Loan,296,2024-09-13,360,Repaid,Tata Capital
REC005178,PER01917,Car Loan,66,2012-08-19,84,Active,Union Bank
REC005179,PER01917,Personal Loan,29,2022-04-02,12,Active,LIC Housing Finance
REC005180,PER01918,Car Loan,59,2024-01-07,84,Repaid,Kotak Mahindra
REC005181,PER01918,Home Loan,167,2010-10-02,360,Active,Yes Bank
REC005182,PER01918,Two-Wheeler Loan,5,2010-10-20,60,Repaid,LIC Housing Finance
REC005183,PER01919,Education Loan,55,2021-10-21,84,Repaid,LIC Housing Finance
REC005184,PER01919,Personal Loan,21,2025-02-01,48,Repaid,Kotak Mahindra
REC005185,PER01919,Home Loan,153,2016-04-20,300,Active,IndusInd Bank
REC005186,PER01920,Home Loan,315,2015-08-21,300,Repaid,HDFC Bank
REC005187,PER01920,Gold Loan,18,2024-02-22,60,Repaid,SBI
REC005188,PER01920,Home Loan,288,2013-07-26,120,Repaid,Kotak Mahindra
REC005189,PER01921,Home Loan,78,2011-12-11,240,Repaid,Canara Bank
REC005190,PER01921,Home Loan,153,2017-06-28,300,Defaulted,Yes Bank
REC005191,PER01921,Car Loan,102,2016-07-07,36,Repaid,HDFC Bank
REC005192,PER01921,Personal Loan,44,2010-07-01,48,Repaid,IDBI Bank
REC005193,PER01921,Home Loan,332,2012-02-06,300,Active,Canara Bank
REC005194,PER01921,Home Loan,469,2019-10-13,300,Repaid,Tata Capital
REC005195,PER01921,Personal Loan,31,2017-09-06,24,Active,Canara Bank
REC005196,PER01922,Personal Loan,100,2010-04-17,24,Defaulted,Axis Bank
REC005197,PER01923,Home Loan,140,2016-08-28,300,Repaid,SBI
REC005198,PER01923,Home Loan,112,2019-11-16,120,Defaulted,Union Bank
REC005199,PER01923,Education Loan,24,2019-09-22,48,Defaulted,Bajaj Finserv
REC005200,PER01923,Personal Loan,36,2023-04-14,24,Defaulted,Bank of Baroda
REC005201,PER01925,Home Loan,228,2013-05-26,300,Repaid,SBI
REC005202,PER01925,Home Loan,156,2011-08-06,360,Repaid,Axis Bank
REC005203,PER01925,Education Loan,27,2015-06-05,60,Active,Yes Bank
REC005204,PER01926,Education Loan,48,2018-11-24,84,Repaid,HDFC Bank
REC005205,PER01926,Business Loan,77,2018-06-17,12,Repaid,LIC Housing Finance
REC005206,PER01926,Car Loan,51,2012-02-13,60,Repaid,LIC Housing Finance
REC005207,PER01926,Education Loan,21,2014-07-25,36,Repaid,HDFC Bank
REC005208,PER01927,Personal Loan,32,2019-05-27,24,Defaulted,Canara Bank
REC005209,PER01927,Car Loan,54,2017-03-12,84,Repaid,Union Bank
REC005210,PER01928,Home Loan,260,2020-12-17,360,Defaulted,Kotak Mahindra
REC005211,PER01928,Education Loan,56,2024-03-23,48,Defaulted,IndusInd Bank
REC005212,PER01928,Car Loan,37,2017-07-10,36,Defaulted,Union Bank
REC005213,PER01928,Car Loan,67,2016-09-27,60,Defaulted,ICICI Bank
REC005214,PER01928,Education Loan,32,2015-10-04,48,Active,Yes Bank
REC005215,PER01928,Home Loan,150,2012-04-23,120,Active,Union Bank
REC005216,PER01928,Education Loan,50,2017-09-27,60,Defaulted,Canara Bank
REC005217,PER01928,Home Loan,204,2014-07-03,360,Defaulted,IndusInd Bank
REC005218,PER01929,Car Loan,65,2018-11-11,84,Defaulted,Axis Bank
REC005219,PER01929,Personal Loan,79,2022-03-08,60,Defaulted,IndusInd Bank
REC005220,PER01929,Education Loan,24,2018-06-11,36,Repaid,Canara Bank
REC005221,PER01930,Education Loan,20,2017-12-02,84,Active,Kotak Mahindra
REC005222,PER01930,Home Loan,326,2021-11-17,300,Repaid,Bajaj Finserv
REC005223,PER01931,Personal Loan,30,2024-03-28,36,Repaid,SBI
REC005224,PER01931,Home Loan,219,2014-08-26,360,Repaid,SBI
REC005225,PER01931,Home Loan,145,2022-05-04,360,Repaid,Union Bank
REC005226,PER01931,Car Loan,33,2025-08-09,48,Repaid,Axis Bank
REC005227,PER01931,Two-Wheeler Loan,9,2012-08-05,36,Repaid,Union Bank
REC005228,PER01932,Home Loan,84,2011-06-26,240,Repaid,HDFC Bank
REC005229,PER01933,Gold Loan,10,2023-02-27,12,Repaid,Union Bank
REC005230,PER01933,Car Loan,121,2025-08-24,48,Repaid,IDBI Bank
REC005231,PER01933,Education Loan,64,2019-01-03,48,Repaid,Bajaj Finserv
REC005232,PER01933,Gold Loan,7,2017-08-06,48,Repaid,Union Bank
REC005233,PER01934,Personal Loan,52,2019-09-25,48,Repaid,HDFC Bank
REC005234,PER01934,Personal Loan,18,2020-12-24,36,Defaulted,Bank of Baroda
REC005235,PER01934,Personal Loan,23,2020-12-17,48,Defaulted,LIC Housing Finance
REC005236,PER01934,Personal Loan,47,2020-08-26,36,Active,Bank of Baroda
REC005237,PER01934,Home Loan,111,2020-01-18,360,Repaid,Canara Bank
REC005238,PER01934,Personal Loan,15,2019-08-11,48,Repaid,Tata Capital
REC005239,PER01935,Business Loan,106,2011-01-15,24,Active,PNB
REC005240,PER01937,Car Loan,18,2011-04-11,60,Repaid,LIC Housing Finance
REC005241,PER01937,Home Loan,144,2018-10-27,360,Repaid,Bajaj Finserv
REC005242,PER01937,Consumer Durable Loan,8,2022-03-21,48,Repaid,SBI
REC005243,PER01938,Car Loan,52,2010-08-03,84,Repaid,Axis Bank
REC005244,PER01938,Home Loan,435,2010-09-27,120,Repaid,Union Bank
REC005245,PER01938,Home Loan,99,2016-08-03,180,Repaid,PNB
REC005246,PER01939,Two-Wheeler Loan,2,2015-08-17,24,Active,Bank of Baroda
REC005247,PER01940,Home Loan,171,2022-01-01,120,Repaid,Bajaj Finserv
REC005248,PER01940,Education Loan,20,2020-07-02,48,Active,Tata Capital
REC005249,PER01940,Home Loan,198,2018-01-18,180,Active,PNB
REC005250,PER01940,Business Loan,74,2010-06-27,48,Defaulted,LIC Housing Finance
REC005251,PER01941,Personal Loan,21,2024-08-22,48,Defaulted,Yes Bank
REC005252,PER01941,Personal Loan,16,2011-03-04,24,Repaid,Tata Capital
REC005253,PER01941,Car Loan,69,2013-11-21,60,Defaulted,ICICI Bank
REC005254,PER01941,Personal Loan,40,2020-07-19,36,Repaid,Axis Bank
REC005255,PER01942,Personal Loan,11,2022-11-15,48,Repaid,LIC Housing Finance
REC005256,PER01942,Personal Loan,44,2020-10-19,36,Repaid,Kotak Mahindra
REC005257,PER01942,Education Loan,23,2012-09-06,36,Active,Canara Bank
REC005258,PER01943,Home Loan,483,2015-02-01,120,Repaid,Tata Capital
REC005259,PER01944,Car Loan,54,2011-05-02,60,Active,Union Bank
REC005260,PER01944,Two-Wheeler Loan,3,2012-04-28,48,Active,LIC Housing Finance
REC005261,PER01946,Business Loan,102,2023-03-26,24,Active,Kotak Mahindra
REC005262,PER01947,Personal Loan,22,2014-11-19,12,Active,Bajaj Finserv
REC005263,PER01947,Personal Loan,61,2010-06-27,60,Repaid,SBI
REC005264,PER01947,Car Loan,49,2015-06-26,60,Repaid,HDFC Bank
REC005265,PER01947,Car Loan,64,2021-04-15,48,Active,Yes Bank
REC005266,PER01948,Personal Loan,30,2016-07-20,60,Repaid,LIC Housing Finance
REC005267,PER01948,Gold Loan,15,2019-03-17,36,Active,Yes Bank
REC005268,PER01948,Education Loan,43,2020-07-15,36,Defaulted,Bajaj Finserv
REC005269,PER01949,Personal Loan,15,2010-07-11,12,Repaid,Bank of Baroda
REC005270,PER01949,Personal Loan,21,2024-08-15,60,Repaid,Bank of Baroda
REC005271,PER01950,Personal Loan,13,2020-11-25,24,Active,Bajaj Finserv
REC005272,PER01950,Car Loan,135,2016-12-26,48,Repaid,LIC Housing Finance
REC005273,PER01950,Home Loan,112,2019-01-27,300,Defaulted,IndusInd Bank
REC005274,PER01950,Home Loan,365,2014-06-08,360,Repaid,Yes Bank
REC005275,PER01950,Personal Loan,18,2022-07-08,36,Active,IDBI Bank
REC005276,PER01950,Car Loan,40,2016-05-21,84,Defaulted,Tata Capital
REC005277,PER01951,Business Loan,27,2020-06-10,48,Defaulted,Bank of Baroda
REC005278,PER01952,Business Loan,378,2013-07-03,12,Repaid,IndusInd Bank
REC005279,PER01952,Personal Loan,14,2013-01-24,60,Repaid,Kotak Mahindra
REC005280,PER01953,Home Loan,104,2014-05-22,240,Repaid,IndusInd Bank
REC005281,PER01953,Home Loan,119,2025-08-09,180,Defaulted,Bajaj Finserv
REC005282,PER01953,Gold Loan,3,2017-07-01,24,Repaid,IndusInd Bank
REC005283,PER01954,Education Loan,37,2011-08-21,48,Repaid,ICICI Bank
REC005284,PER01954,Business Loan,64,2015-11-08,12,Repaid,LIC Housing Finance
REC005285,PER01954,Car Loan,48,2011-11-10,48,Active,Axis Bank
REC005286,PER01955,Home Loan,338,2020-05-22,300,Repaid,Canara Bank
REC005287,PER01955,Home Loan,248,2013-06-23,360,Repaid,PNB
REC005288,PER01955,Home Loan,145,2013-06-05,360,Repaid,Bank of Baroda
REC005289,PER01956,Personal Loan,81,2016-04-02,60,Active,Yes Bank
REC005290,PER01956,Car Loan,53,2016-09-07,84,Repaid,ICICI Bank
REC005291,PER01956,Two-Wheeler Loan,20,2018-04-10,24,Active,Kotak Mahindra
REC005292,PER01956,Personal Loan,72,2013-11-25,12,Repaid,Axis Bank
REC005293,PER01956,Business Loan,67,2025-02-16,48,Active,IDBI Bank
REC005294,PER01957,Education Loan,49,2015-07-20,84,Active,PNB
REC005295,PER01957,Gold Loan,10,2012-08-05,60,Active,LIC Housing Finance
REC005296,PER01959,Home Loan,218,2020-04-12,360,Repaid,LIC Housing Finance
REC005297,PER01960,Business Loan,141,2022-12-04,12,Active,PNB
REC005298,PER01960,Car Loan,56,2014-01-16,84,Defaulted,LIC Housing Finance
REC005299,PER01960,Car Loan,37,2010-12-05,48,Defaulted,ICICI Bank
REC005300,PER01961,Personal Loan,65,2024-04-20,48,Defaulted,Yes Bank
REC005301,PER01961,Home Loan,136,2017-08-10,300,Repaid,Bajaj Finserv
REC005302,PER01961,Education Loan,67,2014-04-13,84,Active,ICICI Bank
REC005303,PER01962,Business Loan,65,2011-06-07,12,Active,Bank of Baroda
REC005304,PER01962,Home Loan,180,2013-11-02,120,Repaid,HDFC Bank
REC005305,PER01962,Business Loan,134,2013-06-10,60,Active,Yes Bank
REC005306,PER01962,Car Loan,46,2024-10-24,60,Active,Union Bank
REC005307,PER01963,Business Loan,124,2015-05-15,36,Repaid,IDBI Bank
REC005308,PER01963,Personal Loan,14,2023-03-19,12,Repaid,Bank of Baroda
REC005309,PER01963,Gold Loan,8,2024-10-05,24,Active,Yes Bank
REC005310,PER01963,Car Loan,31,2017-04-24,84,Repaid,ICICI Bank
REC005311,PER01964,Home Loan,162,2021-06-03,180,Repaid,Axis Bank
REC005312,PER01964,Home Loan,267,2018-06-28,120,Active,IndusInd Bank
REC005313,PER01964,Home Loan,231,2013-11-16,120,Repaid,ICICI Bank
REC005314,PER01964,Personal Loan,46,2011-03-03,48,Repaid,Kotak Mahindra
REC005315,PER01964,Car Loan,26,2015-06-21,48,Repaid,IDBI Bank
REC005316,PER01965,Car Loan,148,2024-09-23,60,Defaulted,Axis Bank
REC005317,PER01966,Car Loan,38,2017-10-16,36,Defaulted,Axis Bank
REC005318,PER01966,Home Loan,165,2016-12-09,120,Defaulted,IndusInd Bank
REC005319,PER01966,Personal Loan,22,2019-08-25,12,Defaulted,LIC Housing Finance
REC005320,PER01966,Education Loan,45,2020-07-20,48,Defaulted,IDBI Bank
REC005321,PER01967,Personal Loan,48,2020-06-25,12,Active,IDBI Bank
REC005322,PER01967,Personal Loan,19,2012-12-15,48,Defaulted,Yes Bank
REC005323,PER01967,Business Loan,144,2020-08-13,48,Defaulted,IDBI Bank
REC005324,PER01967,Car Loan,73,2024-08-15,48,Defaulted,Union Bank
REC005325,PER01967,Business Loan,168,2022-04-18,60,Repaid,ICICI Bank
REC005326,PER01969,Home Loan,328,2016-12-18,240,Repaid,IndusInd Bank
REC005327,PER01969,Personal Loan,13,2021-04-02,60,Repaid,IndusInd Bank
REC005328,PER01969,Personal Loan,53,2012-08-22,36,Repaid,IndusInd Bank
REC005329,PER01969,Car Loan,47,2013-05-25,48,Defaulted,IDBI Bank
REC005330,PER01969,Car Loan,78,2021-03-05,48,Repaid,Kotak Mahindra
REC005331,PER01970,Home Loan,212,2016-05-25,120,Active,Canara Bank
REC005332,PER01970,Personal Loan,55,2024-04-05,60,Repaid,HDFC Bank
REC005333,PER01970,Business Loan,106,2010-09-26,12,Repaid,IDBI Bank
REC005334,PER01972,Home Loan,89,2017-08-26,240,Repaid,Axis Bank
REC005335,PER01973,Consumer Durable Loan,4,2024-05-05,12,Repaid,Tata Capital
REC005336,PER01973,Car Loan,24,2022-04-17,84,Active,IndusInd Bank
REC005337,PER01974,Car Loan,39,2015-06-18,48,Repaid,LIC Housing Finance
REC005338,PER01975,Personal Loan,29,2017-08-09,24,Repaid,Kotak Mahindra
REC005339,PER01975,Car Loan,66,2023-01-04,84,Repaid,Bajaj Finserv
REC005340,PER01975,Business Loan,41,2014-05-24,36,Repaid,Tata Capital
REC005341,PER01977,Education Loan,52,2012-11-08,84,Repaid,Yes Bank
REC005342,PER01977,Two-Wheeler Loan,9,2018-05-13,36,Active,LIC Housing Finance
REC005343,PER01977,Car Loan,72,2023-06-11,48,Repaid,Bank of Baroda
REC005344,PER01977,Education Loan,35,2025-06-13,48,Repaid,Axis Bank
REC005345,PER01978,Home Loan,298,2014-03-02,120,Repaid,PNB
REC005346,PER01978,Car Loan,68,2013-05-23,48,Active,SBI
REC005347,PER01978,Business Loan,94,2025-03-17,24,Repaid,IDBI Bank
REC005348,PER01978,Personal Loan,29,2020-12-22,12,Repaid,PNB
REC005349,PER01979,Personal Loan,26,2019-05-23,48,Repaid,Bank of Baroda
REC005350,PER01979,Home Loan,91,2024-11-06,300,Repaid,Tata Capital
REC005351,PER01979,Personal Loan,50,2024-01-14,48,Repaid,Axis Bank
REC005352,PER01979,Education Loan,71,2018-12-28,36,Active,Kotak Mahindra
REC005353,PER01979,Consumer Durable Loan,5,2019-11-25,24,Active,HDFC Bank
REC005354,PER01979,Car Loan,33,2019-11-25,84,Active,PNB
REC005355,PER01979,Gold Loan,4,2024-08-05,48,Repaid,Bank of Baroda
REC005356,PER01980,Education Loan,33,2022-08-13,84,Repaid,Kotak Mahindra
REC005357,PER01980,Home Loan,148,2021-10-08,120,Repaid,Canara Bank
REC005358,PER01980,Personal Loan,38,2023-02-07,60,Defaulted,Axis Bank
REC005359,PER01981,Personal Loan,39,2010-05-17,12,Repaid,Axis Bank
REC005360,PER01981,Gold Loan,10,2024-05-05,24,Active,Bajaj Finserv
REC005361,PER01981,Personal Loan,58,2018-03-28,60,Repaid,LIC Housing Finance
REC005362,PER01981,Education Loan,76,2017-08-03,36,Active,Axis Bank
REC005363,PER01982,Home Loan,222,2014-04-06,120,Repaid,Canara Bank
REC005364,PER01982,Car Loan,46,2010-07-02,36,Repaid,SBI
REC005365,PER01982,Home Loan,243,2021-10-16,180,Active,HDFC Bank
REC005366,PER01983,Home Loan,91,2019-08-03,360,Repaid,Bank of Baroda
REC005367,PER01983,Two-Wheeler Loan,16,2011-02-16,24,Repaid,Union Bank
REC005368,PER01983,Business Loan,239,2023-02-27,12,Active,PNB
REC005369,PER01983,Personal Loan,54,2021-02-03,60,Repaid,IDBI Bank
REC005370,PER01983,Home Loan,203,2024-02-17,300,Repaid,IndusInd Bank
REC005371,PER01984,Personal Loan,30,2020-01-05,48,Repaid,PNB
REC005372,PER01985,Education Loan,136,2016-11-06,48,Active,ICICI Bank
REC005373,PER01985,Home Loan,165,2022-12-02,180,Repaid,ICICI Bank
REC005374,PER01985,Education Loan,82,2022-01-07,48,Active,Kotak Mahindra
REC005375,PER01985,Home Loan,98,2015-09-18,120,Repaid,Bank of Baroda
REC005376,PER01985,Two-Wheeler Loan,23,2010-12-28,24,Repaid,PNB
REC005377,PER01986,Personal Loan,49,2017-07-11,24,Repaid,Axis Bank
REC005378,PER01986,Home Loan,125,2018-09-25,360,Active,Canara Bank
REC005379,PER01986,Car Loan,98,2017-10-21,36,Defaulted,PNB
REC005380,PER01987,Car Loan,37,2011-01-14,36,Active,Axis Bank
REC005381,PER01987,Personal Loan,43,2014-02-26,60,Active,Yes Bank
REC005382,PER01988,Education Loan,30,2010-06-27,36,Repaid,ICICI Bank
REC005383,PER01988,Two-Wheeler Loan,15,2015-01-13,24,Active,Yes Bank
REC005384,PER01988,Home Loan,346,2014-05-22,360,Active,ICICI Bank
REC005385,PER01990,Gold Loan,9,2012-03-21,36,Repaid,Tata Capital
REC005386,PER01990,Home Loan,117,2016-07-17,360,Active,Bajaj Finserv
REC005387,PER01991,Gold Loan,7,2024-07-12,36,Defaulted,Canara Bank
REC005388,PER01993,Education Loan,30,2018-03-11,48,Repaid,IndusInd Bank
REC005389,PER01993,Education Loan,49,2013-09-26,36,Active,ICICI Bank
REC005390,PER01994,Home Loan,225,2020-10-12,180,Active,HDFC Bank
REC005391,PER01995,Home Loan,319,2022-10-28,300,Repaid,Yes Bank
REC005392,PER01996,Personal Loan,15,2012-09-16,12,Active,ICICI Bank
REC005393,PER01996,Personal Loan,8,2018-09-08,12,Defaulted,Yes Bank
REC005394,PER01996,Business Loan,142,2024-01-09,12,Repaid,IndusInd Bank
REC005395,PER01996,Education Loan,46,2023-06-13,48,Repaid,IDBI Bank
REC005396,PER01996,Car Loan,24,2019-02-12,36,Repaid,Kotak Mahindra
REC005397,PER01996,Home Loan,199,2021-01-19,120,Repaid,Kotak Mahindra
REC005398,PER01996,Car Loan,62,2016-08-11,48,Repaid,Axis Bank
REC005399,PER01997,Education Loan,125,2011-08-11,60,Active,Yes Bank
REC005400,PER01998,Home Loan,153,2019-04-10,240,Active,PNB
REC005401,PER01998,Home Loan,329,2022-01-19,180,Repaid,SBI
REC005402,PER01998,Car Loan,48,2021-02-24,48,Repaid,IDBI Bank
REC005403,PER01999,Personal Loan,10,2016-08-03,60,Defaulted,Yes Bank
REC005404,PER01999,Home Loan,50,2012-02-05,120,Defaulted,LIC Housing Finance
REC005405,PER02001,Home Loan,235,2019-08-09,300,Active,Bank of Baroda
REC005406,PER02001,Gold Loan,7,2015-06-02,12,Repaid,Canara Bank
REC005407,PER02002,Car Loan,49,2019-05-26,48,Repaid,IDBI Bank
REC005408,PER02002,Personal Loan,44,2025-07-17,24,Active,IndusInd Bank
REC005409,PER02002,Business Loan,186,2013-02-28,12,Repaid,IndusInd Bank
REC005410,PER02002,Personal Loan,78,2013-05-05,48,Repaid,LIC Housing Finance
REC005411,PER02002,Personal Loan,80,2022-07-21,60,Repaid,Yes Bank
REC005412,PER02003,Car Loan,123,2011-03-01,48,Repaid,Bank of Baroda
REC005413,PER02003,Personal Loan,53,2010-07-18,24,Active,Bank of Baroda
REC005414,PER02003,Car Loan,23,2013-05-08,48,Active,ICICI Bank
REC005415,PER02003,Home Loan,348,2015-05-05,240,Active,Canara Bank
REC005416,PER02003,Car Loan,50,2022-01-04,48,Repaid,PNB
REC005417,PER02003,Personal Loan,20,2025-07-26,12,Repaid,LIC Housing Finance
REC005418,PER02004,Two-Wheeler Loan,15,2024-02-15,36,Repaid,PNB
REC005419,PER02004,Education Loan,22,2024-08-20,60,Defaulted,IndusInd Bank
REC005420,PER02006,Home Loan,68,2018-08-11,240,Active,IndusInd Bank
REC005421,PER02006,Personal Loan,12,2019-07-22,36,Repaid,Axis Bank
REC005422,PER02006,Car Loan,51,2015-01-26,84,Defaulted,Union Bank
REC005423,PER02007,Personal Loan,55,2019-02-28,24,Repaid,IndusInd Bank
REC005424,PER02007,Two-Wheeler Loan,10,2016-10-11,36,Repaid,Yes Bank
REC005425,PER02007,Home Loan,263,2019-10-09,120,Repaid,ICICI Bank
REC005426,PER02007,Business Loan,25,2017-06-22,60,Active,PNB
REC005427,PER02008,Home Loan,282,2012-04-04,300,Repaid,Union Bank
REC005428,PER02008,Car Loan,43,2010-09-14,48,Repaid,HDFC Bank
REC005429,PER02009,Personal Loan,44,2015-04-04,36,Active,IndusInd Bank
REC005430,PER02009,Business Loan,69,2015-11-09,36,Defaulted,ICICI Bank
REC005431,PER02011,Personal Loan,39,2025-01-23,48,Active,PNB
REC005432,PER02011,Personal Loan,25,2024-04-16,60,Defaulted,Union Bank
REC005433,PER02011,Personal Loan,21,2023-02-24,60,Defaulted,IDBI Bank
REC005434,PER02011,Personal Loan,17,2018-12-10,24,Defaulted,Union Bank
REC005435,PER02011,Business Loan,47,2019-06-11,48,Repaid,Bajaj Finserv
REC005436,PER02011,Education Loan,35,2012-05-22,60,Repaid,HDFC Bank
REC005437,PER02012,Personal Loan,26,2017-04-04,36,Defaulted,LIC Housing Finance
REC005438,PER02012,Personal Loan,28,2019-10-23,12,Repaid,Yes Bank
REC005439,PER02012,Car Loan,61,2025-12-24,48,Defaulted,Kotak Mahindra
REC005440,PER02012,Personal Loan,25,2015-03-21,60,Active,IndusInd Bank
REC005441,PER02012,Education Loan,44,2016-01-19,48,Active,Canara Bank
REC005442,PER02012,Personal Loan,48,2013-03-07,60,Defaulted,PNB
REC005443,PER02012,Car Loan,54,2014-06-11,48,Defaulted,Bajaj Finserv
REC005444,PER02012,Two-Wheeler Loan,4,2016-03-11,24,Active,Canara Bank
REC005445,PER02013,Home Loan,127,2011-07-21,180,Repaid,Kotak Mahindra
REC005446,PER02013,Education Loan,35,2011-09-06,60,Active,Bajaj Finserv
REC005447,PER02013,Personal Loan,36,2014-08-08,12,Repaid,Tata Capital
REC005448,PER02013,Home Loan,188,2016-12-17,360,Active,PNB
REC005449,PER02013,Business Loan,177,2025-12-19,60,Repaid,Axis Bank
REC005450,PER02013,Business Loan,37,2019-01-21,48,Defaulted,IDBI Bank
REC005451,PER02014,Personal Loan,28,2022-01-22,36,Defaulted,IndusInd Bank
REC005452,PER02014,Home Loan,116,2011-02-21,300,Defaulted,PNB
REC005453,PER02015,Car Loan,54,2025-12-04,36,Repaid,Canara Bank
REC005454,PER02015,Car Loan,141,2012-05-28,84,Repaid,IDBI Bank
REC005455,PER02015,Car Loan,50,2010-05-08,36,Repaid,Bank of Baroda
REC005456,PER02015,Home Loan,210,2024-04-09,240,Active,Tata Capital
REC005457,PER02015,Education Loan,89,2018-12-05,36,Defaulted,ICICI Bank
REC005458,PER02016,Two-Wheeler Loan,15,2020-04-25,36,Repaid,IDBI Bank
REC005459,PER02016,Home Loan,197,2012-10-14,300,Repaid,Tata Capital
REC005460,PER02016,Home Loan,164,2017-02-08,120,Active,Bank of Baroda
REC005461,PER02016,Home Loan,108,2024-08-11,360,Repaid,PNB
REC005462,PER02016,Personal Loan,37,2019-01-21,60,Repaid,HDFC Bank
REC005463,PER02016,Car Loan,34,2012-03-11,60,Repaid,Kotak Mahindra
REC005464,PER02017,Personal Loan,56,2014-02-06,36,Defaulted,ICICI Bank
REC005465,PER02018,Consumer Durable Loan,4,2024-11-27,60,Repaid,Axis Bank
REC005466,PER02018,Education Loan,63,2011-02-02,60,Repaid,PNB
REC005467,PER02018,Home Loan,162,2020-10-17,300,Active,ICICI Bank
REC005468,PER02019,Home Loan,254,2011-01-14,180,Repaid,IndusInd Bank
REC005469,PER02019,Home Loan,174,2011-11-04,300,Active,HDFC Bank
REC005470,PER02020,Home Loan,179,2016-03-22,360,Repaid,Axis Bank
REC005471,PER02021,Home Loan,94,2015-05-13,180,Active,Bajaj Finserv
REC005472,PER02021,Two-Wheeler Loan,9,2013-10-11,48,Repaid,Bajaj Finserv
REC005473,PER02021,Consumer Durable Loan,7,2019-06-09,24,Repaid,SBI
REC005474,PER02021,Personal Loan,87,2014-12-20,60,Repaid,Tata Capital
REC005475,PER02021,Home Loan,292,2023-01-02,360,Active,ICICI Bank
REC005476,PER02021,Home Loan,158,2023-06-11,240,Repaid,IDBI Bank
REC005477,PER02022,Education Loan,46,2021-01-15,36,Repaid,Axis Bank
REC005478,PER02023,Home Loan,158,2019-10-16,240,Repaid,PNB
REC005479,PER02023,Personal Loan,32,2018-06-12,12,Repaid,ICICI Bank
REC005480,PER02023,Home Loan,225,2012-08-22,120,Active,SBI
REC005481,PER02023,Home Loan,68,2020-03-11,360,Active,Kotak Mahindra
REC005482,PER02023,Business Loan,222,2023-07-21,60,Repaid,Tata Capital
REC005483,PER02024,Personal Loan,37,2011-04-20,36,Repaid,PNB
REC005484,PER02024,Business Loan,20,2017-10-07,36,Repaid,HDFC Bank
REC005485,PER02024,Home Loan,200,2014-10-05,360,Repaid,LIC Housing Finance
REC005486,PER02025,Home Loan,199,2020-01-01,240,Active,ICICI Bank
REC005487,PER02025,Home Loan,223,2023-01-20,300,Repaid,Kotak Mahindra
REC005488,PER02026,Car Loan,49,2012-01-07,36,Repaid,Yes Bank
REC005489,PER02026,Gold Loan,11,2011-03-27,48,Repaid,Union Bank
REC005490,PER02026,Personal Loan,17,2022-01-28,12,Repaid,PNB
REC005491,PER02026,Car Loan,97,2021-06-10,36,Active,PNB
REC005492,PER02027,Home Loan,175,2015-02-09,360,Defaulted,Axis Bank
REC005493,PER02028,Home Loan,338,2022-01-02,120,Active,Yes Bank
REC005494,PER02028,Home Loan,119,2021-04-24,240,Repaid,Bajaj Finserv
REC005495,PER02029,Car Loan,55,2011-10-14,36,Repaid,SBI
REC005496,PER02030,Two-Wheeler Loan,19,2017-07-23,36,Repaid,HDFC Bank
REC005497,PER02030,Home Loan,161,2016-09-15,120,Defaulted,Axis Bank
REC005498,PER02030,Home Loan,130,2022-02-08,120,Defaulted,Kotak Mahindra
REC005499,PER02030,Car Loan,59,2023-02-12,60,Repaid,IDBI Bank
REC005500,PER02030,Personal Loan,75,2021-10-15,60,Repaid,Bank of Baroda
REC005501,PER02031,Car Loan,31,2022-01-07,60,Active,HDFC Bank
REC005502,PER02031,Education Loan,67,2024-06-06,84,Active,Bank of Baroda
REC005503,PER02031,Home Loan,122,2011-06-14,120,Defaulted,Tata Capital
REC005504,PER02032,Personal Loan,38,2020-08-27,12,Repaid,Axis Bank
REC005505,PER02032,Car Loan,71,2010-05-20,84,Active,SBI
REC005506,PER02033,Home Loan,294,2020-08-28,240,Repaid,PNB
REC005507,PER02033,Personal Loan,18,2017-02-23,24,Repaid,Canara Bank
REC005508,PER02034,Education Loan,29,2017-11-01,84,Repaid,Union Bank
REC005509,PER02034,Personal Loan,71,2014-06-03,24,Repaid,LIC Housing Finance
REC005510,PER02034,Education Loan,34,2016-12-17,36,Repaid,Yes Bank
REC005511,PER02034,Personal Loan,11,2020-06-03,36,Active,PNB
REC005512,PER02034,Home Loan,64,2014-09-19,240,Defaulted,Bajaj Finserv
REC005513,PER02034,Two-Wheeler Loan,5,2012-03-26,60,Repaid,Union Bank
REC005514,PER02034,Personal Loan,21,2019-07-15,48,Repaid,HDFC Bank
REC005515,PER02035,Education Loan,70,2021-01-16,48,Repaid,Canara Bank
REC005516,PER02035,Home Loan,460,2016-05-05,120,Repaid,LIC Housing Finance
REC005517,PER02036,Home Loan,410,2016-01-24,240,Defaulted,Union Bank
REC005518,PER02036,Personal Loan,32,2016-11-01,24,Defaulted,ICICI Bank
REC005519,PER02036,Car Loan,24,2020-12-06,84,Active,SBI
REC005520,PER02037,Car Loan,56,2025-02-02,36,Active,Axis Bank
REC005521,PER02037,Home Loan,67,2017-01-05,360,Active,Yes Bank
REC005522,PER02037,Home Loan,199,2014-06-16,300,Repaid,LIC Housing Finance
REC005523,PER02037,Car Loan,68,2018-05-16,60,Repaid,IndusInd Bank
REC005524,PER02038,Two-Wheeler Loan,11,2018-12-26,60,Repaid,ICICI Bank
REC005525,PER02038,Personal Loan,49,2023-03-23,24,Active,Axis Bank
REC005526,PER02038,Home Loan,262,2021-02-18,180,Defaulted,PNB
REC005527,PER02038,Education Loan,38,2022-08-27,84,Repaid,IDBI Bank
REC005528,PER02038,Education Loan,63,2022-10-10,36,Defaulted,Tata Capital
REC005529,PER02039,Car Loan,38,2018-05-26,48,Repaid,Bajaj Finserv
REC005530,PER02039,Car Loan,62,2021-12-13,84,Repaid,SBI
REC005531,PER02040,Business Loan,68,2015-11-10,36,Repaid,Canara Bank
REC005532,PER02040,Car Loan,37,2016-07-11,60,Defaulted,IndusInd Bank
REC005533,PER02040,Personal Loan,44,2025-06-27,24,Repaid,SBI
REC005534,PER02040,Gold Loan,35,2023-12-10,48,Active,Union Bank
REC005535,PER02041,Home Loan,238,2015-04-11,300,Repaid,Kotak Mahindra
REC005536,PER02041,Consumer Durable Loan,13,2023-03-10,48,Repaid,ICICI Bank
REC005537,PER02042,Consumer Durable Loan,6,2022-03-04,36,Repaid,SBI
REC005538,PER02043,Business Loan,120,2023-03-16,24,Active,HDFC Bank
REC005539,PER02043,Personal Loan,67,2012-09-21,60,Defaulted,Tata Capital
REC005540,PER02044,Car Loan,76,2013-03-16,36,Repaid,PNB
REC005541,PER02044,Education Loan,42,2011-05-19,84,Defaulted,Kotak Mahindra
REC005542,PER02044,Personal Loan,100,2024-03-12,60,Active,Axis Bank
REC005543,PER02044,Car Loan,63,2010-03-03,60,Repaid,Bajaj Finserv
REC005544,PER02044,Home Loan,123,2010-11-24,120,Active,Union Bank
REC005545,PER02045,Education Loan,41,2012-11-08,36,Active,Union Bank
REC005546,PER02045,Personal Loan,28,2013-07-22,12,Repaid,Bajaj Finserv
REC005547,PER02046,Car Loan,24,2022-12-08,48,Defaulted,PNB
REC005548,PER02046,Home Loan,231,2015-06-23,120,Repaid,Union Bank
REC005549,PER02046,Business Loan,233,2018-09-04,36,Defaulted,ICICI Bank
REC005550,PER02046,Home Loan,431,2012-01-08,360,Defaulted,IndusInd Bank
REC005551,PER02046,Personal Loan,11,2018-08-08,12,Active,Kotak Mahindra
REC005552,PER02046,Education Loan,33,2010-12-05,48,Defaulted,Union Bank
REC005553,PER02046,Personal Loan,45,2024-12-23,24,Defaulted,Axis Bank
REC005554,PER02047,Business Loan,51,2015-08-07,24,Active,Tata Capital
REC005555,PER02047,Car Loan,92,2025-02-20,48,Active,Tata Capital
REC005556,PER02047,Gold Loan,9,2011-07-10,48,Defaulted,IndusInd Bank
REC005557,PER02047,Personal Loan,73,2023-12-09,24,Defaulted,Yes Bank
REC005558,PER02047,Gold Loan,18,2021-07-17,48,Defaulted,Bank of Baroda
REC005559,PER02048,Gold Loan,8,2024-08-14,12,Repaid,Kotak Mahindra
REC005560,PER02049,Two-Wheeler Loan,6,2016-12-02,36,Repaid,ICICI Bank
REC005561,PER02049,Business Loan,151,2023-07-22,12,Active,Yes Bank
REC005562,PER02049,Car Loan,48,2018-12-18,60,Repaid,HDFC Bank
REC005563,PER02049,Car Loan,50,2014-02-16,36,Repaid,ICICI Bank
REC005564,PER02050,Home Loan,96,2023-02-17,300,Active,Kotak Mahindra
REC005565,PER02050,Education Loan,97,2018-04-09,60,Defaulted,Bank of Baroda
REC005566,PER02051,Car Loan,97,2020-06-03,60,Repaid,Canara Bank
REC005567,PER02051,Car Loan,54,2013-01-17,36,Repaid,IDBI Bank
REC005568,PER02051,Education Loan,134,2021-04-02,48,Repaid,HDFC Bank
REC005569,PER02051,Two-Wheeler Loan,1,2016-09-15,24,Repaid,Bank of Baroda
REC005570,PER02051,Home Loan,322,2017-02-26,300,Repaid,LIC Housing Finance
REC005571,PER02052,Personal Loan,49,2017-05-02,12,Repaid,Union Bank
REC005572,PER02052,Personal Loan,27,2010-02-02,60,Repaid,Union Bank
REC005573,PER02052,Education Loan,41,2011-01-08,36,Defaulted,LIC Housing Finance
REC005574,PER02052,Home Loan,162,2011-12-23,300,Repaid,LIC Housing Finance
REC005575,PER02052,Education Loan,34,2019-01-04,36,Defaulted,Yes Bank
REC005576,PER02053,Personal Loan,28,2014-01-13,60,Active,Union Bank
REC005577,PER02053,Personal Loan,14,2025-02-25,24,Repaid,SBI
REC005578,PER02053,Home Loan,61,2014-05-20,120,Repaid,Yes Bank
REC005579,PER02053,Home Loan,356,2024-04-25,360,Repaid,LIC Housing Finance
REC005580,PER02053,Home Loan,367,2012-08-28,120,Repaid,Union Bank
REC005581,PER02054,Gold Loan,11,2024-08-05,60,Defaulted,ICICI Bank
REC005582,PER02054,Home Loan,173,2017-08-28,360,Repaid,PNB
REC005583,PER02054,Home Loan,284,2019-10-25,300,Repaid,Union Bank
REC005584,PER02055,Home Loan,93,2011-07-06,240,Repaid,Canara Bank
REC005585,PER02055,Home Loan,284,2017-06-23,120,Repaid,ICICI Bank
REC005586,PER02055,Home Loan,204,2015-01-18,360,Repaid,Tata Capital
REC005587,PER02056,Business Loan,32,2017-12-07,24,Repaid,Bank of Baroda
REC005588,PER02056,Business Loan,55,2024-02-19,24,Repaid,Union Bank
REC005589,PER02056,Car Loan,57,2022-11-16,84,Active,Canara Bank
REC005590,PER02057,Gold Loan,27,2010-05-02,36,Repaid,Bajaj Finserv
REC005591,PER02057,Personal Loan,32,2015-02-19,12,Repaid,HDFC Bank
REC005592,PER02057,Car Loan,42,2016-01-09,48,Active,Bank of Baroda
REC005593,PER02058,Personal Loan,26,2021-08-22,36,Active,IDBI Bank
REC005594,PER02058,Home Loan,755,2011-05-22,120,Active,ICICI Bank
REC005595,PER02058,Personal Loan,95,2014-05-19,36,Repaid,Canara Bank
REC005596,PER02058,Car Loan,49,2020-02-04,48,Repaid,Canara Bank
REC005597,PER02058,Business Loan,52,2013-05-02,48,Repaid,IndusInd Bank
REC005598,PER02059,Gold Loan,10,2024-08-01,36,Repaid,Union Bank
REC005599,PER02060,Home Loan,313,2025-02-06,180,Repaid,Kotak Mahindra
REC005600,PER02060,Home Loan,484,2016-06-12,180,Active,HDFC Bank
REC005601,PER02060,Education Loan,125,2011-05-24,36,Repaid,Bajaj Finserv
REC005602,PER02060,Home Loan,363,2016-08-15,240,Defaulted,Axis Bank
REC005603,PER02060,Gold Loan,19,2023-05-07,36,Defaulted,Axis Bank
REC005604,PER02061,Home Loan,125,2016-09-21,300,Defaulted,HDFC Bank
REC005605,PER02062,Education Loan,36,2019-02-15,60,Active,PNB
REC005606,PER02064,Education Loan,33,2016-11-06,60,Repaid,Bank of Baroda
REC005607,PER02064,Personal Loan,14,2015-10-17,48,Repaid,SBI
REC005608,PER02064,Personal Loan,33,2018-05-09,60,Active,Canara Bank
REC005609,PER02065,Personal Loan,61,2015-01-16,60,Repaid,Canara Bank
REC005610,PER02066,Home Loan,167,2018-01-01,180,Active,Tata Capital
REC005611,PER02066,Gold Loan,8,2021-07-08,60,Defaulted,Bank of Baroda
REC005612,PER02067,Home Loan,205,2025-09-20,360,Repaid,Union Bank
REC005613,PER02067,Home Loan,292,2021-06-09,240,Repaid,Bajaj Finserv
REC005614,PER02068,Personal Loan,21,2023-04-06,48,Defaulted,SBI
REC005615,PER02068,Car Loan,45,2020-05-03,36,Active,Bank of Baroda
REC005616,PER02068,Personal Loan,100,2015-06-22,24,Defaulted,IDBI Bank
REC005617,PER02069,Education Loan,31,2013-07-24,48,Defaulted,Tata Capital
REC005618,PER02069,Car Loan,57,2020-07-12,36,Active,PNB
REC005619,PER02069,Car Loan,95,2024-11-20,84,Repaid,IndusInd Bank
REC005620,PER02070,Car Loan,91,2015-01-26,84,Defaulted,PNB
REC005621,PER02070,Personal Loan,27,2016-11-10,60,Repaid,LIC Housing Finance
REC005622,PER02070,Car Loan,53,2012-05-02,60,Active,Canara Bank
REC005623,PER02070,Personal Loan,41,2020-06-28,12,Active,Canara Bank
REC005624,PER02071,Personal Loan,31,2017-03-07,48,Repaid,IDBI Bank
REC005625,PER02071,Home Loan,118,2023-03-21,240,Active,IDBI Bank
REC005626,PER02071,Home Loan,172,2025-05-10,360,Active,Canara Bank
REC005627,PER02071,Business Loan,48,2020-06-02,24,Active,ICICI Bank
REC005628,PER02072,Car Loan,45,2016-01-19,36,Defaulted,SBI
REC005629,PER02072,Car Loan,60,2019-02-01,36,Active,Axis Bank
REC005630,PER02073,Education Loan,23,2024-10-02,36,Defaulted,Kotak Mahindra
REC005631,PER02073,Education Loan,93,2020-09-20,84,Repaid,IDBI Bank
REC005632,PER02074,Education Loan,64,2021-06-26,48,Repaid,Canara Bank
REC005633,PER02076,Home Loan,132,2019-11-04,240,Repaid,SBI
REC005634,PER02076,Home Loan,171,2017-06-20,300,Repaid,Canara Bank
REC005635,PER02076,Gold Loan,13,2011-11-09,36,Repaid,SBI
REC005636,PER02076,Education Loan,69,2014-08-15,84,Repaid,IndusInd Bank
REC005637,PER02077,Car Loan,50,2011-03-13,84,Repaid,Bajaj Finserv
REC005638,PER02078,Personal Loan,35,2019-07-18,36,Active,Bajaj Finserv
REC005639,PER02078,Car Loan,67,2025-06-02,36,Repaid,Union Bank
REC005640,PER02078,Home Loan,232,2021-10-09,180,Active,Axis Bank
REC005641,PER02079,Home Loan,122,2012-04-03,300,Repaid,Bank of Baroda
REC005642,PER02079,Education Loan,45,2017-02-20,48,Repaid,Bank of Baroda
REC005643,PER02080,Home Loan,207,2024-07-11,300,Defaulted,Kotak Mahindra
REC005644,PER02081,Home Loan,260,2015-10-01,360,Active,IndusInd Bank
REC005645,PER02081,Personal Loan,15,2024-12-14,48,Defaulted,Bajaj Finserv
REC005646,PER02081,Two-Wheeler Loan,6,2021-01-20,48,Repaid,Bajaj Finserv
REC005647,PER02082,Personal Loan,35,2011-11-24,36,Active,LIC Housing Finance
REC005648,PER02083,Business Loan,126,2024-11-01,12,Repaid,HDFC Bank
REC005649,PER02084,Personal Loan,34,2013-03-09,24,Repaid,ICICI Bank
REC005650,PER02084,Home Loan,59,2012-06-12,360,Defaulted,Bajaj Finserv
REC005651,PER02084,Education Loan,51,2018-04-26,84,Defaulted,Yes Bank
REC005652,PER02084,Personal Loan,21,2021-05-12,12,Repaid,PNB
REC005653,PER02084,Personal Loan,17,2014-05-10,12,Repaid,SBI
REC005654,PER02085,Two-Wheeler Loan,6,2019-12-22,60,Active,HDFC Bank
REC005655,PER02085,Home Loan,316,2017-07-09,300,Active,Yes Bank
REC005656,PER02085,Personal Loan,34,2010-03-26,12,Repaid,Axis Bank
REC005657,PER02086,Two-Wheeler Loan,7,2012-10-04,48,Repaid,HDFC Bank
REC005658,PER02087,Consumer Durable Loan,13,2016-03-27,12,Repaid,PNB
REC005659,PER02087,Personal Loan,86,2018-10-13,12,Repaid,Bank of Baroda
REC005660,PER02087,Home Loan,209,2020-11-08,120,Active,Bank of Baroda
REC005661,PER02088,Home Loan,98,2023-02-22,300,Active,Canara Bank
REC005662,PER02088,Gold Loan,6,2012-10-17,24,Defaulted,Yes Bank
REC005663,PER02088,Car Loan,59,2018-07-16,60,Defaulted,PNB
REC005664,PER02089,Home Loan,80,2014-10-20,240,Repaid,IndusInd Bank
REC005665,PER02089,Personal Loan,24,2025-10-02,60,Active,LIC Housing Finance
REC005666,PER02090,Consumer Durable Loan,13,2020-02-25,24,Repaid,IndusInd Bank
REC005667,PER02090,Education Loan,98,2022-05-14,48,Repaid,ICICI Bank
REC005668,PER02091,Personal Loan,38,2014-03-02,60,Repaid,PNB
REC005669,PER02091,Home Loan,295,2012-08-19,120,Active,LIC Housing Finance
REC005670,PER02092,Education Loan,63,2013-08-19,36,Repaid,HDFC Bank
REC005671,PER02092,Home Loan,381,2023-12-13,180,Active,Canara Bank
REC005672,PER02092,Personal Loan,82,2024-05-01,60,Active,LIC Housing Finance
REC005673,PER02092,Gold Loan,17,2011-07-19,12,Active,Canara Bank
REC005674,PER02092,Personal Loan,43,2017-01-26,48,Active,Kotak Mahindra
REC005675,PER02092,Education Loan,52,2022-06-19,36,Repaid,Union Bank
REC005676,PER02092,Home Loan,272,2012-11-07,360,Active,Union Bank
REC005677,PER02093,Car Loan,58,2025-09-10,48,Repaid,Yes Bank
REC005678,PER02093,Home Loan,65,2011-02-19,240,Repaid,SBI
REC005679,PER02095,Home Loan,341,2020-02-26,180,Repaid,Union Bank
REC005680,PER02095,Home Loan,155,2018-09-11,180,Repaid,HDFC Bank
REC005681,PER02095,Home Loan,292,2023-08-25,300,Repaid,PNB
REC005682,PER02095,Personal Loan,33,2018-12-15,48,Active,IDBI Bank
REC005683,PER02095,Personal Loan,43,2015-06-19,24,Defaulted,Kotak Mahindra
REC005684,PER02095,Home Loan,312,2022-09-15,300,Repaid,Bank of Baroda
REC005685,PER02096,Consumer Durable Loan,16,2018-01-17,24,Repaid,Canara Bank
REC005686,PER02096,Home Loan,143,2020-03-25,180,Repaid,Axis Bank
REC005687,PER02098,Business Loan,162,2019-02-20,48,Active,HDFC Bank
REC005688,PER02098,Business Loan,101,2013-12-23,24,Repaid,Bajaj Finserv
REC005689,PER02098,Home Loan,112,2011-11-03,360,Repaid,Tata Capital
REC005690,PER02098,Two-Wheeler Loan,11,2015-02-27,24,Repaid,SBI
REC005691,PER02099,Home Loan,267,2023-02-04,360,Active,Union Bank
REC005692,PER02099,Home Loan,217,2022-09-21,180,Defaulted,LIC Housing Finance
REC005693,PER02099,Home Loan,62,2023-06-28,240,Repaid,ICICI Bank
REC005694,PER02100,Personal Loan,30,2014-02-12,36,Active,Axis Bank
REC005695,PER02101,Home Loan,172,2025-02-25,180,Active,Yes Bank
REC005696,PER02101,Education Loan,59,2024-12-21,60,Active,IDBI Bank
REC005697,PER02102,Personal Loan,24,2011-10-21,48,Repaid,Axis Bank
REC005698,PER02103,Home Loan,167,2022-08-08,300,Repaid,HDFC Bank
REC005699,PER02103,Personal Loan,11,2013-11-27,36,Active,SBI
REC005700,PER02104,Car Loan,52,2013-08-12,60,Active,IDBI Bank
REC005701,PER02104,Personal Loan,16,2020-12-26,36,Active,Union Bank
REC005702,PER02105,Home Loan,264,2010-04-04,180,Repaid,Tata Capital
REC005703,PER02105,Home Loan,198,2015-07-25,360,Active,IDBI Bank
REC005704,PER02106,Home Loan,76,2011-11-26,240,Repaid,PNB
REC005705,PER02106,Two-Wheeler Loan,7,2024-09-07,36,Active,HDFC Bank
REC005706,PER02106,Education Loan,78,2022-12-25,60,Defaulted,LIC Housing Finance
REC005707,PER02107,Home Loan,65,2019-05-17,300,Repaid,Bank of Baroda
REC005708,PER02107,Home Loan,206,2019-11-19,360,Repaid,Kotak Mahindra
REC005709,PER02107,Gold Loan,17,2014-01-25,24,Defaulted,Tata Capital
REC005710,PER02107,Two-Wheeler Loan,4,2023-03-26,60,Repaid,Canara Bank
REC005711,PER02108,Home Loan,151,2021-05-16,180,Defaulted,LIC Housing Finance
REC005712,PER02108,Home Loan,261,2022-10-23,240,Defaulted,Axis Bank
REC005713,PER02108,Education Loan,40,2022-10-06,84,Repaid,Kotak Mahindra
REC005714,PER02108,Personal Loan,13,2021-07-05,36,Repaid,LIC Housing Finance
REC005715,PER02108,Consumer Durable Loan,12,2021-05-04,12,Defaulted,Kotak Mahindra
REC005716,PER02109,Personal Loan,100,2020-06-28,24,Repaid,Axis Bank
REC005717,PER02109,Education Loan,34,2025-09-02,48,Repaid,ICICI Bank
REC005718,PER02109,Personal Loan,52,2017-03-24,36,Repaid,Union Bank
REC005719,PER02109,Personal Loan,34,2015-07-24,60,Repaid,HDFC Bank
REC005720,PER02109,Car Loan,89,2013-03-04,84,Repaid,Kotak Mahindra
REC005721,PER02109,Education Loan,29,2018-05-03,60,Repaid,Canara Bank
REC005722,PER02109,Home Loan,66,2021-09-07,120,Repaid,IndusInd Bank
REC005723,PER02110,Personal Loan,13,2022-11-04,36,Active,IndusInd Bank
REC005724,PER02111,Home Loan,144,2016-02-05,120,Repaid,IDBI Bank
REC005725,PER02111,Personal Loan,11,2015-08-08,48,Defaulted,IDBI Bank
REC005726,PER02111,Gold Loan,7,2014-07-13,24,Active,Yes Bank
REC005727,PER02112,Personal Loan,39,2019-11-20,24,Defaulted,IDBI Bank
REC005728,PER02113,Home Loan,197,2011-12-04,240,Repaid,LIC Housing Finance
REC005729,PER02114,Home Loan,103,2015-06-19,180,Defaulted,Axis Bank
REC005730,PER02114,Home Loan,174,2022-10-12,360,Defaulted,Axis Bank
REC005731,PER02114,Personal Loan,11,2018-01-05,12,Repaid,IDBI Bank
REC005732,PER02114,Car Loan,75,2013-06-21,48,Defaulted,Axis Bank
REC005733,PER02114,Home Loan,122,2021-06-11,300,Repaid,LIC Housing Finance
REC005734,PER02114,Education Loan,46,2016-01-16,48,Defaulted,Axis Bank
REC005735,PER02115,Two-Wheeler Loan,6,2017-12-23,60,Repaid,HDFC Bank
REC005736,PER02115,Business Loan,68,2020-07-25,60,Defaulted,Canara Bank
REC005737,PER02115,Education Loan,33,2020-12-17,84,Repaid,Tata Capital
REC005738,PER02115,Personal Loan,90,2023-04-12,12,Repaid,HDFC Bank
REC005739,PER02115,Education Loan,50,2015-03-03,36,Repaid,Yes Bank
REC005740,PER02116,Home Loan,121,2021-12-26,180,Repaid,Bajaj Finserv
REC005741,PER02116,Personal Loan,19,2017-08-11,60,Active,Kotak Mahindra
REC005742,PER02117,Home Loan,147,2016-08-14,180,Active,Tata Capital
REC005743,PER02118,Gold Loan,21,2011-10-14,36,Repaid,Bajaj Finserv
REC005744,PER02118,Personal Loan,37,2011-07-28,48,Repaid,Tata Capital
REC005745,PER02118,Home Loan,287,2015-11-18,180,Defaulted,Kotak Mahindra
REC005746,PER02119,Education Loan,32,2017-11-12,36,Repaid,SBI
REC005747,PER02119,Home Loan,105,2015-02-10,360,Repaid,Union Bank
REC005748,PER02120,Home Loan,210,2020-04-21,120,Repaid,IndusInd Bank
REC005749,PER02120,Home Loan,226,2024-07-06,240,Repaid,Canara Bank
REC005750,PER02120,Consumer Durable Loan,5,2017-03-02,12,Active,Canara Bank
REC005751,PER02120,Car Loan,57,2019-02-25,60,Active,Bajaj Finserv
REC005752,PER02122,Car Loan,87,2014-07-20,36,Repaid,SBI
REC005753,PER02122,Education Loan,56,2022-04-18,48,Active,HDFC Bank
REC005754,PER02123,Personal Loan,22,2025-03-14,24,Repaid,Canara Bank
REC005755,PER02123,Home Loan,149,2023-03-11,240,Active,Yes Bank
REC005756,PER02123,Car Loan,77,2019-06-02,84,Repaid,Axis Bank
REC005757,PER02123,Consumer Durable Loan,7,2025-09-26,24,Repaid,Yes Bank
REC005758,PER02123,Car Loan,50,2020-09-24,84,Repaid,Axis Bank
REC005759,PER02124,Education Loan,43,2016-08-09,48,Repaid,Union Bank
REC005760,PER02124,Education Loan,20,2011-07-06,60,Active,Yes Bank
REC005761,PER02124,Personal Loan,36,2020-12-21,36,Defaulted,Axis Bank
REC005762,PER02124,Car Loan,89,2015-01-22,36,Active,Bajaj Finserv
REC005763,PER02125,Home Loan,88,2015-03-01,300,Repaid,Canara Bank
REC005764,PER02125,Personal Loan,44,2017-03-09,24,Repaid,Kotak Mahindra
REC005765,PER02125,Business Loan,314,2016-10-03,24,Repaid,Canara Bank
REC005766,PER02125,Home Loan,181,2018-04-03,300,Defaulted,HDFC Bank
REC005767,PER02126,Home Loan,204,2018-01-27,300,Repaid,Axis Bank
REC005768,PER02126,Home Loan,163,2011-01-28,120,Repaid,Tata Capital
REC005769,PER02127,Personal Loan,42,2013-02-11,36,Active,SBI
REC005770,PER02128,Education Loan,38,2011-07-06,48,Repaid,Tata Capital
REC005771,PER02128,Personal Loan,14,2022-12-19,60,Repaid,Bajaj Finserv
REC005772,PER02128,Home Loan,207,2021-02-21,360,Repaid,Axis Bank
REC005773,PER02128,Two-Wheeler Loan,2,2011-03-02,36,Active,Union Bank
REC005774,PER02128,Education Loan,21,2025-10-17,60,Repaid,IndusInd Bank
REC005775,PER02128,Business Loan,54,2021-11-16,24,Active,Kotak Mahindra
REC005776,PER02129,Personal Loan,26,2022-07-03,60,Active,PNB
REC005777,PER02130,Home Loan,127,2021-11-26,240,Defaulted,PNB
REC005778,PER02130,Personal Loan,44,2018-02-10,24,Defaulted,Bank of Baroda
REC005779,PER02130,Business Loan,20,2015-03-09,36,Defaulted,Tata Capital
REC005780,PER02131,Home Loan,141,2023-11-11,180,Active,PNB
REC005781,PER02131,Education Loan,122,2019-09-25,36,Repaid,IDBI Bank
REC005782,PER02132,Personal Loan,16,2017-11-18,36,Active,IDBI Bank
REC005783,PER02132,Consumer Durable Loan,9,2014-12-12,36,Active,Bajaj Finserv
REC005784,PER02132,Personal Loan,23,2011-07-16,36,Active,Yes Bank
REC005785,PER02132,Home Loan,413,2020-01-24,360,Repaid,Canara Bank
REC005786,PER02133,Car Loan,66,2015-08-27,60,Repaid,SBI
REC005787,PER02133,Personal Loan,56,2019-11-06,36,Active,Kotak Mahindra
REC005788,PER02134,Education Loan,84,2020-12-28,60,Repaid,Axis Bank
REC005789,PER02134,Personal Loan,25,2016-11-05,12,Repaid,Bank of Baroda
REC005790,PER02134,Home Loan,169,2020-02-18,180,Repaid,Union Bank
REC005791,PER02135,Personal Loan,11,2015-07-06,12,Active,ICICI Bank
REC005792,PER02135,Gold Loan,13,2016-09-12,12,Active,SBI
REC005793,PER02136,Education Loan,15,2014-12-05,36,Active,HDFC Bank
REC005794,PER02136,Home Loan,219,2018-09-05,300,Repaid,Bank of Baroda
REC005795,PER02136,Education Loan,72,2015-11-14,36,Active,LIC Housing Finance
REC005796,PER02137,Home Loan,97,2015-11-10,300,Repaid,HDFC Bank
REC005797,PER02137,Home Loan,162,2024-11-02,240,Repaid,Canara Bank
REC005798,PER02137,Education Loan,39,2018-06-03,60,Repaid,Axis Bank
REC005799,PER02138,Business Loan,26,2017-08-05,24,Repaid,Kotak Mahindra
REC005800,PER02138,Car Loan,62,2020-05-15,84,Repaid,IDBI Bank
REC005801,PER02139,Home Loan,184,2021-11-05,300,Defaulted,IndusInd Bank
REC005802,PER02139,Home Loan,138,2011-06-06,360,Active,Union Bank
REC005803,PER02140,Home Loan,128,2021-06-14,300,Active,Tata Capital
REC005804,PER02140,Personal Loan,43,2016-08-27,48,Defaulted,SBI
REC005805,PER02141,Home Loan,50,2016-09-17,240,Repaid,Canara Bank
REC005806,PER02141,Personal Loan,15,2020-01-14,60,Repaid,Tata Capital
REC005807,PER02141,Education Loan,53,2023-12-07,84,Repaid,Kotak Mahindra
REC005808,PER02142,Car Loan,61,2022-09-26,60,Active,Axis Bank
REC005809,PER02142,Home Loan,225,2013-03-19,120,Defaulted,Union Bank
REC005810,PER02142,Gold Loan,6,2022-04-13,48,Repaid,IDBI Bank
REC005811,PER02143,Two-Wheeler Loan,7,2018-07-05,12,Defaulted,IDBI Bank
REC005812,PER02144,Home Loan,164,2018-02-15,360,Repaid,PNB
REC005813,PER02144,Business Loan,26,2011-12-14,24,Active,SBI
REC005814,PER02145,Car Loan,25,2012-09-25,48,Defaulted,Axis Bank
REC005815,PER02145,Consumer Durable Loan,13,2025-12-15,36,Repaid,Axis Bank
REC005816,PER02146,Car Loan,116,2023-05-23,36,Active,IDBI Bank
REC005817,PER02147,Personal Loan,30,2014-07-21,60,Repaid,Yes Bank
REC005818,PER02147,Car Loan,65,2016-11-05,36,Defaulted,Yes Bank
REC005819,PER02147,Personal Loan,23,2012-12-20,60,Repaid,Canara Bank
REC005820,PER02148,Home Loan,299,2010-07-17,360,Repaid,IndusInd Bank
REC005821,PER02149,Home Loan,73,2023-04-11,240,Defaulted,Bajaj Finserv
REC005822,PER02149,Home Loan,152,2016-07-18,360,Active,Bank of Baroda
REC005823,PER02149,Education Loan,124,2020-06-28,36,Active,Bank of Baroda
REC005824,PER02149,Personal Loan,12,2018-10-26,24,Active,Union Bank
REC005825,PER02149,Home Loan,356,2014-07-28,300,Active,PNB
REC005826,PER02149,Personal Loan,19,2011-09-02,36,Active,Bajaj Finserv
REC005827,PER02150,Gold Loan,14,2016-03-10,36,Defaulted,ICICI Bank
REC005828,PER02151,Car Loan,58,2025-10-06,36,Repaid,Bank of Baroda
REC005829,PER02151,Home Loan,129,2018-04-27,240,Active,LIC Housing Finance
REC005830,PER02153,Personal Loan,39,2022-10-02,36,Repaid,Kotak Mahindra
REC005831,PER02153,Personal Loan,50,2017-04-09,60,Active,SBI
REC005832,PER02155,Car Loan,36,2021-12-04,84,Repaid,LIC Housing Finance
REC005833,PER02155,Personal Loan,53,2020-02-01,48,Active,Bajaj Finserv
REC005834,PER02156,Personal Loan,24,2012-01-01,36,Repaid,Canara Bank
REC005835,PER02156,Home Loan,97,2015-09-14,240,Repaid,ICICI Bank
REC005836,PER02157,Business Loan,128,2021-12-10,48,Repaid,PNB
REC005837,PER02157,Car Loan,63,2015-06-16,48,Repaid,Union Bank
REC005838,PER02158,Business Loan,25,2013-07-08,48,Repaid,IDBI Bank
REC005839,PER02158,Home Loan,142,2025-07-25,240,Repaid,LIC Housing Finance
REC005840,PER02158,Business Loan,130,2016-07-15,12,Active,SBI
REC005841,PER02158,Home Loan,321,2014-12-01,300,Active,ICICI Bank
REC005842,PER02158,Consumer Durable Loan,5,2016-02-15,60,Repaid,HDFC Bank
REC005843,PER02158,Car Loan,43,2023-07-13,84,Active,Bajaj Finserv
REC005844,PER02159,Personal Loan,42,2023-02-28,36,Defaulted,HDFC Bank
REC005845,PER02159,Business Loan,78,2015-02-16,60,Repaid,Union Bank
REC005846,PER02159,Business Loan,60,2019-06-17,12,Defaulted,Kotak Mahindra
REC005847,PER02159,Home Loan,192,2014-02-01,180,Repaid,HDFC Bank
REC005848,PER02159,Education Loan,49,2017-06-21,84,Active,Bajaj Finserv
REC005849,PER02159,Home Loan,345,2019-04-22,120,Defaulted,Canara Bank
REC005850,PER02159,Home Loan,87,2017-09-18,180,Repaid,HDFC Bank
REC005851,PER02160,Home Loan,215,2011-03-18,120,Repaid,SBI
REC005852,PER02160,Personal Loan,55,2022-06-23,36,Active,LIC Housing Finance
REC005853,PER02160,Car Loan,84,2014-01-25,84,Repaid,SBI
REC005854,PER02160,Home Loan,284,2024-06-22,120,Defaulted,ICICI Bank
REC005855,PER02161,Personal Loan,29,2016-05-21,24,Repaid,Union Bank
REC005856,PER02161,Car Loan,68,2019-02-09,48,Defaulted,IDBI Bank
REC005857,PER02161,Home Loan,89,2017-02-10,180,Repaid,SBI
REC005858,PER02161,Personal Loan,100,2015-11-19,24,Repaid,ICICI Bank
REC005859,PER02162,Home Loan,144,2011-12-11,240,Defaulted,Tata Capital
REC005860,PER02162,Education Loan,43,2019-11-05,60,Active,Axis Bank
REC005861,PER02162,Consumer Durable Loan,11,2017-05-23,36,Repaid,Kotak Mahindra
REC005862,PER02162,Two-Wheeler Loan,13,2022-01-09,24,Repaid,Canara Bank
REC005863,PER02163,Home Loan,177,2022-05-03,300,Defaulted,Union Bank
REC005864,PER02164,Personal Loan,60,2021-04-16,24,Repaid,ICICI Bank
REC005865,PER02164,Home Loan,471,2015-03-28,360,Active,IDBI Bank
REC005866,PER02164,Home Loan,139,2021-01-22,360,Active,ICICI Bank
REC005867,PER02164,Personal Loan,47,2011-08-08,36,Repaid,Bajaj Finserv
REC005868,PER02164,Home Loan,323,2022-02-07,300,Repaid,Tata Capital
REC005869,PER02164,Personal Loan,78,2015-11-27,60,Repaid,Canara Bank
REC005870,PER02164,Car Loan,55,2016-10-15,84,Defaulted,Yes Bank
REC005871,PER02165,Home Loan,121,2011-10-01,120,Defaulted,HDFC Bank
REC005872,PER02165,Personal Loan,66,2023-09-04,24,Repaid,Kotak Mahindra
REC005873,PER02165,Personal Loan,36,2014-02-26,60,Defaulted,Union Bank
REC005874,PER02165,Gold Loan,13,2021-10-04,36,Repaid,Bajaj Finserv
REC005875,PER02166,Personal Loan,24,2025-09-12,12,Active,Tata Capital
REC005876,PER02166,Personal Loan,17,2010-08-08,36,Active,Bajaj Finserv
REC005877,PER02166,Business Loan,67,2019-08-28,36,Repaid,HDFC Bank
REC005878,PER02167,Car Loan,41,2021-11-13,60,Repaid,IDBI Bank
REC005879,PER02167,Home Loan,77,2010-04-14,300,Repaid,Tata Capital
REC005880,PER02167,Personal Loan,13,2023-06-23,48,Active,Bank of Baroda
REC005881,PER02167,Home Loan,105,2016-07-14,180,Repaid,Bajaj Finserv
REC005882,PER02168,Two-Wheeler Loan,5,2012-03-22,60,Repaid,LIC Housing Finance
REC005883,PER02169,Business Loan,74,2023-04-07,36,Repaid,PNB
REC005884,PER02169,Home Loan,112,2016-04-22,360,Active,ICICI Bank
REC005885,PER02169,Gold Loan,14,2017-03-25,12,Defaulted,Axis Bank
REC005886,PER02170,Personal Loan,48,2012-02-12,48,Repaid,PNB
REC005887,PER02171,Personal Loan,32,2010-09-07,60,Repaid,Bajaj Finserv
REC005888,PER02171,Home Loan,250,2016-12-13,120,Repaid,HDFC Bank
REC005889,PER02172,Car Loan,33,2022-09-05,36,Repaid,IndusInd Bank
REC005890,PER02172,Personal Loan,22,2024-04-22,12,Repaid,Canara Bank
REC005891,PER02173,Consumer Durable Loan,13,2012-08-10,12,Defaulted,LIC Housing Finance
REC005892,PER02174,Car Loan,57,2025-02-25,84,Repaid,PNB
REC005893,PER02174,Personal Loan,47,2020-12-05,36,Repaid,HDFC Bank
REC005894,PER02174,Personal Loan,25,2010-07-19,60,Active,Union Bank
REC005895,PER02175,Personal Loan,17,2020-01-25,48,Active,IndusInd Bank
REC005896,PER02175,Education Loan,66,2012-10-24,48,Repaid,HDFC Bank
REC005897,PER02176,Business Loan,103,2024-12-18,48,Active,HDFC Bank
REC005898,PER02177,Consumer Durable Loan,3,2016-05-09,12,Repaid,ICICI Bank
REC005899,PER02177,Education Loan,150,2021-03-24,84,Active,Tata Capital
REC005900,PER02177,Personal Loan,72,2023-01-05,12,Repaid,PNB
REC005901,PER02177,Home Loan,113,2013-02-21,180,Repaid,IndusInd Bank
REC005902,PER02177,Personal Loan,31,2012-11-10,60,Repaid,Union Bank
REC005903,PER02178,Two-Wheeler Loan,2,2017-04-16,12,Active,PNB
REC005904,PER02178,Home Loan,171,2014-11-05,360,Repaid,Union Bank
REC005905,PER02178,Home Loan,800,2015-11-25,360,Repaid,Axis Bank
REC005906,PER02179,Car Loan,74,2023-12-18,84,Repaid,Union Bank
REC005907,PER02179,Home Loan,183,2016-12-18,240,Defaulted,IndusInd Bank
REC005908,PER02179,Education Loan,77,2013-11-20,84,Active,LIC Housing Finance
REC005909,PER02180,Personal Loan,27,2014-07-21,24,Repaid,Canara Bank
REC005910,PER02181,Consumer Durable Loan,12,2021-12-16,12,Active,IDBI Bank
REC005911,PER02181,Home Loan,186,2018-05-24,360,Active,Bank of Baroda
REC005912,PER02181,Personal Loan,27,2020-11-02,36,Defaulted,Yes Bank
REC005913,PER02181,Home Loan,158,2025-11-24,180,Defaulted,Tata Capital
REC005914,PER02181,Personal Loan,25,2016-11-16,12,Defaulted,Bajaj Finserv
REC005915,PER02182,Education Loan,43,2015-11-13,84,Active,IDBI Bank
REC005916,PER02182,Education Loan,45,2019-03-02,48,Active,Tata Capital
REC005917,PER02182,Two-Wheeler Loan,8,2023-12-10,60,Repaid,PNB
REC005918,PER02182,Home Loan,119,2020-10-19,240,Repaid,Canara Bank
REC005919,PER02182,Personal Loan,53,2015-06-17,12,Repaid,LIC Housing Finance
REC005920,PER02183,Personal Loan,38,2010-07-09,48,Repaid,Axis Bank
REC005921,PER02183,Home Loan,112,2011-12-25,180,Defaulted,Tata Capital
REC005922,PER02183,Education Loan,46,2022-04-13,48,Active,SBI
REC005923,PER02183,Home Loan,132,2010-03-26,240,Repaid,Bajaj Finserv
REC005924,PER02183,Car Loan,78,2018-10-23,84,Repaid,Tata Capital
REC005925,PER02183,Home Loan,140,2018-04-09,300,Repaid,Kotak Mahindra
REC005926,PER02184,Home Loan,345,2020-10-10,120,Active,PNB
REC005927,PER02184,Car Loan,45,2014-10-15,60,Repaid,Union Bank
REC005928,PER02184,Education Loan,83,2010-08-03,60,Repaid,Bajaj Finserv
REC005929,PER02184,Gold Loan,20,2024-05-07,12,Repaid,Tata Capital
REC005930,PER02184,Home Loan,167,2022-06-19,180,Repaid,Bajaj Finserv
REC005931,PER02185,Car Loan,62,2015-10-09,84,Defaulted,Canara Bank
REC005932,PER02185,Business Loan,82,2012-12-06,24,Defaulted,Bajaj Finserv
REC005933,PER02186,Car Loan,78,2018-09-24,84,Defaulted,Yes Bank
REC005934,PER02186,Home Loan,145,2013-08-06,360,Active,SBI
REC005935,PER02187,Home Loan,136,2015-04-11,360,Active,Yes Bank
REC005936,PER02187,Consumer Durable Loan,2,2021-12-18,48,Repaid,Bajaj Finserv
REC005937,PER02187,Car Loan,49,2023-06-18,84,Repaid,SBI
REC005938,PER02187,Business Loan,137,2013-04-11,60,Active,Union Bank
REC005939,PER02188,Car Loan,41,2025-02-28,48,Repaid,Union Bank
REC005940,PER02189,Personal Loan,51,2015-03-04,24,Active,Union Bank
REC005941,PER02190,Car Loan,68,2020-03-22,60,Active,IDBI Bank
REC005942,PER02191,Personal Loan,15,2025-03-01,60,Repaid,Union Bank
REC005943,PER02191,Home Loan,364,2013-10-04,240,Defaulted,Bank of Baroda
REC005944,PER02192,Business Loan,53,2011-10-18,12,Active,LIC Housing Finance
REC005945,PER02192,Home Loan,246,2016-07-05,300,Repaid,SBI
REC005946,PER02192,Car Loan,43,2012-05-09,60,Repaid,Bank of Baroda
REC005947,PER02192,Home Loan,150,2024-04-18,240,Repaid,Bank of Baroda
REC005948,PER02192,Personal Loan,53,2014-06-23,48,Active,Kotak Mahindra
REC005949,PER02193,Car Loan,25,2018-03-02,60,Repaid,IndusInd Bank
REC005950,PER02193,Home Loan,147,2020-12-14,180,Active,HDFC Bank
REC005951,PER02193,Business Loan,103,2018-08-01,36,Repaid,Tata Capital
REC005952,PER02193,Personal Loan,33,2016-09-04,12,Repaid,Yes Bank
REC005953,PER02194,Gold Loan,25,2023-02-04,12,Defaulted,LIC Housing Finance
REC005954,PER02194,Personal Loan,6,2016-02-17,60,Active,IDBI Bank
REC005955,PER02194,Business Loan,63,2017-05-26,60,Active,Yes Bank
REC005956,PER02194,Home Loan,190,2016-08-15,240,Active,PNB
REC005957,PER02195,Personal Loan,67,2014-09-19,60,Defaulted,HDFC Bank
REC005958,PER02196,Business Loan,130,2013-05-14,24,Repaid,Bank of Baroda
REC005959,PER02196,Personal Loan,21,2021-09-14,12,Active,ICICI Bank
REC005960,PER02197,Home Loan,96,2013-09-19,300,Repaid,ICICI Bank
REC005961,PER02197,Home Loan,420,2025-05-21,300,Repaid,IndusInd Bank
REC005962,PER02197,Home Loan,186,2014-01-28,300,Repaid,LIC Housing Finance
REC005963,PER02197,Home Loan,377,2018-03-16,180,Repaid,Axis Bank
REC005964,PER02197,Home Loan,312,2010-06-24,300,Active,IndusInd Bank
REC005965,PER02197,Home Loan,88,2017-06-24,300,Active,Canara Bank
REC005966,PER02198,Two-Wheeler Loan,6,2010-12-07,48,Repaid,HDFC Bank
REC005967,PER02198,Home Loan,450,2023-03-22,360,Active,Yes Bank
REC005968,PER02198,Business Loan,395,2013-06-05,36,Active,LIC Housing Finance
REC005969,PER02198,Car Loan,70,2021-12-19,84,Repaid,Bajaj Finserv
REC005970,PER02198,Personal Loan,29,2025-12-21,48,Defaulted,SBI
REC005971,PER02200,Gold Loan,25,2017-04-01,60,Repaid,Tata Capital
REC005972,PER02200,Home Loan,416,2013-09-22,240,Active,PNB
REC005973,PER02200,Home Loan,235,2016-10-16,120,Active,Yes Bank
REC005974,PER02201,Car Loan,47,2010-11-13,48,Repaid,LIC Housing Finance
REC005975,PER02201,Education Loan,83,2014-10-27,36,Repaid,PNB
REC005976,PER02202,Personal Loan,18,2015-04-02,24,Repaid,Union Bank
REC005977,PER02202,Personal Loan,56,2011-09-23,12,Active,ICICI Bank
REC005978,PER02202,Home Loan,87,2017-01-15,360,Active,Tata Capital
REC005979,PER02203,Personal Loan,23,2010-06-06,48,Defaulted,Yes Bank
REC005980,PER02203,Home Loan,266,2013-01-01,360,Active,Axis Bank
REC005981,PER02203,Home Loan,266,2010-02-28,240,Active,Bank of Baroda
REC005982,PER02204,Business Loan,32,2018-10-25,48,Repaid,Kotak Mahindra
REC005983,PER02204,Business Loan,113,2010-01-27,36,Defaulted,Tata Capital
REC005984,PER02206,Car Loan,98,2021-09-04,36,Repaid,LIC Housing Finance
REC005985,PER02206,Home Loan,362,2018-02-10,300,Active,IndusInd Bank
REC005986,PER02207,Consumer Durable Loan,6,2017-07-07,60,Repaid,Bajaj Finserv
REC005987,PER02207,Personal Loan,100,2023-03-25,24,Repaid,IndusInd Bank
REC005988,PER02207,Home Loan,521,2025-10-25,360,Repaid,SBI
REC005989,PER02207,Gold Loan,12,2016-01-06,36,Active,ICICI Bank
REC005990,PER02207,Home Loan,264,2021-01-14,240,Repaid,Yes Bank
REC005991,PER02208,Home Loan,63,2024-11-03,360,Repaid,Axis Bank
REC005992,PER02208,Education Loan,115,2018-05-15,36,Active,ICICI Bank
REC005993,PER02209,Personal Loan,16,2023-02-25,60,Active,ICICI Bank
REC005994,PER02209,Home Loan,126,2020-06-15,360,Defaulted,LIC Housing Finance
REC005995,PER02209,Personal Loan,66,2025-06-03,48,Repaid,Canara Bank
REC005996,PER02209,Gold Loan,8,2017-02-01,12,Defaulted,Kotak Mahindra
REC005997,PER02210,Home Loan,94,2023-06-12,240,Repaid,ICICI Bank
REC005998,PER02210,Gold Loan,12,2021-06-09,36,Repaid,SBI
REC005999,PER02210,Gold Loan,8,2012-07-02,36,Repaid,Canara Bank
REC006000,PER02210,Car Loan,67,2014-11-04,60,Repaid,IndusInd Bank
REC006001,PER02210,Personal Loan,29,2010-12-19,48,Repaid,Yes Bank
REC006002,PER02211,Home Loan,177,2016-08-17,120,Defaulted,LIC Housing Finance
REC006003,PER02211,Home Loan,102,2016-01-13,180,Active,SBI
REC006004,PER02212,Personal Loan,9,2018-05-11,60,Active,Yes Bank
REC006005,PER02212,Personal Loan,36,2015-08-20,12,Defaulted,Bajaj Finserv
REC006006,PER02213,Business Loan,43,2017-06-03,36,Repaid,Tata Capital
REC006007,PER02213,Car Loan,75,2011-06-13,36,Repaid,Union Bank
REC006008,PER02213,Two-Wheeler Loan,23,2021-10-16,12,Repaid,Union Bank
REC006009,PER02214,Business Loan,90,2018-07-22,48,Repaid,Kotak Mahindra
REC006010,PER02214,Personal Loan,27,2021-04-28,48,Defaulted,ICICI Bank
REC006011,PER02214,Education Loan,150,2012-01-02,60,Defaulted,LIC Housing Finance
REC006012,PER02214,Home Loan,181,2013-04-11,180,Defaulted,SBI
REC006013,PER02214,Home Loan,351,2015-05-02,300,Defaulted,Bank of Baroda
REC006014,PER02214,Gold Loan,5,2020-11-15,60,Defaulted,LIC Housing Finance
REC006015,PER02215,Personal Loan,54,2013-10-22,12,Defaulted,HDFC Bank
REC006016,PER02215,Education Loan,38,2017-10-13,48,Defaulted,ICICI Bank
REC006017,PER02215,Personal Loan,8,2022-06-08,48,Active,LIC Housing Finance
REC006018,PER02216,Business Loan,57,2019-07-21,60,Repaid,ICICI Bank
REC006019,PER02217,Car Loan,64,2015-09-11,84,Repaid,LIC Housing Finance
REC006020,PER02217,Car Loan,36,2010-10-22,60,Repaid,HDFC Bank
REC006021,PER02217,Home Loan,171,2019-02-08,120,Active,Kotak Mahindra
REC006022,PER02217,Car Loan,34,2011-01-07,60,Active,Yes Bank
REC006023,PER02217,Gold Loan,26,2013-10-07,60,Repaid,Yes Bank
REC006024,PER02218,Personal Loan,50,2014-09-21,24,Defaulted,LIC Housing Finance
REC006025,PER02219,Personal Loan,25,2024-12-02,48,Repaid,Union Bank
REC006026,PER02219,Two-Wheeler Loan,6,2012-03-13,36,Repaid,Union Bank
REC006027,PER02219,Business Loan,65,2016-03-22,48,Repaid,IndusInd Bank
REC006028,PER02220,Home Loan,136,2020-10-25,300,Repaid,LIC Housing Finance
REC006029,PER02220,Home Loan,341,2011-05-10,240,Active,SBI
REC006030,PER02220,Home Loan,126,2017-10-19,120,Active,SBI
REC006031,PER02220,Home Loan,128,2015-07-17,180,Active,LIC Housing Finance
REC006032,PER02220,Car Loan,40,2019-09-25,36,Repaid,ICICI Bank
REC006033,PER02221,Business Loan,124,2011-04-08,48,Active,LIC Housing Finance
REC006034,PER02223,Gold Loan,9,2021-06-16,24,Repaid,Kotak Mahindra
REC006035,PER02223,Car Loan,46,2011-02-22,60,Active,Canara Bank
REC006036,PER02223,Home Loan,114,2020-03-02,240,Defaulted,IDBI Bank
REC006037,PER02223,Consumer Durable Loan,12,2022-07-02,24,Active,Bajaj Finserv
REC006038,PER02223,Consumer Durable Loan,6,2012-09-17,24,Repaid,Kotak Mahindra
REC006039,PER02224,Education Loan,82,2014-07-03,36,Active,ICICI Bank
REC006040,PER02224,Car Loan,87,2013-05-23,60,Active,Kotak Mahindra
REC006041,PER02224,Education Loan,69,2021-08-19,84,Active,HDFC Bank
REC006042,PER02224,Personal Loan,56,2019-08-13,60,Repaid,HDFC Bank
REC006043,PER02224,Two-Wheeler Loan,4,2010-09-24,48,Repaid,Tata Capital
REC006044,PER02224,Home Loan,213,2011-09-28,300,Active,Yes Bank
REC006045,PER02225,Car Loan,40,2023-04-28,84,Active,HDFC Bank
REC006046,PER02225,Personal Loan,25,2020-03-25,24,Active,LIC Housing Finance
REC006047,PER02225,Consumer Durable Loan,4,2022-02-12,36,Repaid,Axis Bank
REC006048,PER02225,Personal Loan,78,2013-11-24,60,Active,Union Bank
REC006049,PER02226,Business Loan,129,2017-05-25,36,Repaid,IDBI Bank
REC006050,PER02226,Personal Loan,20,2024-04-12,36,Repaid,Canara Bank
REC006051,PER02226,Education Loan,21,2023-04-06,60,Repaid,Union Bank
REC006052,PER02226,Business Loan,80,2010-04-23,36,Active,SBI
REC006053,PER02226,Two-Wheeler Loan,9,2014-05-25,36,Defaulted,Union Bank
REC006054,PER02227,Personal Loan,21,2010-09-20,36,Repaid,Axis Bank
REC006055,PER02227,Car Loan,25,2014-06-10,60,Defaulted,IDBI Bank
REC006056,PER02228,Education Loan,41,2024-05-16,48,Active,Union Bank
REC006057,PER02229,Two-Wheeler Loan,8,2015-03-19,24,Defaulted,IDBI Bank
REC006058,PER02230,Business Loan,48,2012-07-27,12,Repaid,Axis Bank
REC006059,PER02230,Personal Loan,44,2015-04-05,24,Active,Bajaj Finserv
REC006060,PER02230,Car Loan,85,2016-04-08,60,Active,Axis Bank
REC006061,PER02230,Car Loan,50,2018-08-02,60,Repaid,Canara Bank
REC006062,PER02231,Car Loan,45,2010-09-03,60,Repaid,HDFC Bank
REC006063,PER02231,Personal Loan,29,2023-06-14,24,Active,IndusInd Bank
REC006064,PER02232,Home Loan,128,2022-05-02,240,Repaid,Axis Bank
REC006065,PER02232,Gold Loan,11,2017-06-04,24,Repaid,Union Bank
REC006066,PER02233,Two-Wheeler Loan,5,2020-05-21,48,Repaid,Bank of Baroda
REC006067,PER02233,Education Loan,61,2014-08-24,60,Repaid,PNB
REC006068,PER02233,Gold Loan,24,2011-09-18,12,Repaid,LIC Housing Finance
REC006069,PER02233,Car Loan,95,2021-06-27,48,Active,PNB
REC006070,PER02234,Business Loan,125,2011-12-26,60,Active,Kotak Mahindra
REC006071,PER02234,Home Loan,113,2015-03-12,360,Active,Kotak Mahindra
REC006072,PER02235,Car Loan,62,2021-04-25,48,Repaid,ICICI Bank
REC006073,PER02235,Gold Loan,35,2017-07-19,12,Active,Union Bank
REC006074,PER02235,Business Loan,41,2015-04-04,36,Repaid,SBI
REC006075,PER02235,Gold Loan,14,2025-05-13,60,Active,Bank of Baroda
REC006076,PER02236,Education Loan,15,2015-04-26,84,Repaid,SBI
REC006077,PER02236,Home Loan,125,2011-12-17,360,Active,Bajaj Finserv
REC006078,PER02237,Two-Wheeler Loan,30,2020-01-22,48,Active,Tata Capital
REC006079,PER02237,Two-Wheeler Loan,11,2011-10-27,48,Active,Union Bank
REC006080,PER02237,Business Loan,84,2012-04-15,60,Repaid,LIC Housing Finance
REC006081,PER02237,Education Loan,57,2020-05-14,60,Active,Bajaj Finserv
REC006082,PER02237,Two-Wheeler Loan,4,2018-02-25,12,Active,IDBI Bank
REC006083,PER02238,Car Loan,86,2021-05-12,84,Active,Canara Bank
REC006084,PER02238,Business Loan,44,2023-04-03,12,Active,Union Bank
REC006085,PER02238,Personal Loan,18,2015-10-24,60,Repaid,HDFC Bank
REC006086,PER02239,Personal Loan,56,2022-01-06,60,Defaulted,PNB
REC006087,PER02240,Home Loan,253,2024-03-16,240,Active,Bajaj Finserv
REC006088,PER02241,Personal Loan,24,2012-03-22,36,Repaid,PNB
REC006089,PER02241,Car Loan,62,2018-02-15,84,Active,Canara Bank
REC006090,PER02242,Home Loan,242,2019-06-11,360,Defaulted,HDFC Bank
REC006091,PER02242,Personal Loan,100,2019-04-09,24,Repaid,HDFC Bank
REC006092,PER02242,Home Loan,144,2018-02-18,240,Defaulted,ICICI Bank
REC006093,PER02242,Personal Loan,72,2010-12-12,48,Repaid,IDBI Bank
REC006094,PER02242,Home Loan,135,2011-07-22,180,Active,SBI
REC006095,PER02242,Home Loan,176,2013-01-21,360,Repaid,PNB
REC006096,PER02243,Education Loan,60,2018-01-03,60,Repaid,IDBI Bank
REC006097,PER02244,Home Loan,262,2024-07-09,300,Defaulted,IDBI Bank
REC006098,PER02244,Home Loan,289,2018-07-17,300,Active,ICICI Bank
REC006099,PER02245,Home Loan,136,2021-01-21,240,Defaulted,PNB
REC006100,PER02245,Business Loan,81,2021-09-14,48,Active,LIC Housing Finance
REC006101,PER02246,Two-Wheeler Loan,22,2019-07-20,12,Repaid,Canara Bank
REC006102,PER02246,Car Loan,60,2025-12-08,84,Repaid,IndusInd Bank
REC006103,PER02246,Home Loan,50,2022-06-28,300,Repaid,HDFC Bank
REC006104,PER02246,Home Loan,153,2022-01-28,120,Repaid,Tata Capital
REC006105,PER02247,Personal Loan,37,2020-10-16,48,Repaid,Union Bank
REC006106,PER02247,Home Loan,292,2014-08-07,300,Repaid,Union Bank
REC006107,PER02247,Home Loan,55,2019-03-11,300,Active,Union Bank
REC006108,PER02247,Business Loan,121,2010-09-15,48,Repaid,IDBI Bank
REC006109,PER02247,Home Loan,129,2022-02-24,120,Repaid,Yes Bank
REC006110,PER02248,Car Loan,44,2013-08-18,48,Repaid,Union Bank
REC006111,PER02249,Home Loan,581,2015-11-19,300,Active,Bank of Baroda
REC006112,PER02249,Home Loan,168,2015-01-24,180,Active,Union Bank
REC006113,PER02250,Personal Loan,29,2017-05-08,48,Active,ICICI Bank
REC006114,PER02250,Personal Loan,5,2010-05-14,36,Repaid,Axis Bank
REC006115,PER02250,Education Loan,83,2021-08-16,36,Defaulted,Axis Bank
REC006116,PER02252,Car Loan,49,2025-08-28,60,Active,Kotak Mahindra
REC006117,PER02252,Home Loan,200,2018-06-08,120,Repaid,Bajaj Finserv
REC006118,PER02253,Home Loan,181,2010-02-24,240,Active,IndusInd Bank
REC006119,PER02253,Personal Loan,42,2021-01-18,24,Repaid,ICICI Bank
REC006120,PER02253,Gold Loan,10,2020-11-27,60,Repaid,ICICI Bank
REC006121,PER02253,Business Loan,183,2018-12-06,48,Defaulted,Yes Bank
REC006122,PER02253,Home Loan,210,2020-04-19,180,Active,Union Bank
REC006123,PER02254,Business Loan,37,2017-11-16,60,Repaid,Axis Bank
REC006124,PER02255,Personal Loan,80,2020-08-04,12,Repaid,IDBI Bank
REC006125,PER02255,Personal Loan,97,2012-05-18,48,Defaulted,IDBI Bank
REC006126,PER02256,Home Loan,215,2011-04-03,120,Defaulted,HDFC Bank
REC006127,PER02257,Personal Loan,57,2010-09-15,48,Repaid,HDFC Bank
REC006128,PER02257,Car Loan,36,2024-10-23,60,Repaid,IDBI Bank
REC006129,PER02258,Home Loan,90,2022-10-04,120,Repaid,HDFC Bank
REC006130,PER02258,Car Loan,45,2022-03-28,48,Repaid,Canara Bank
REC006131,PER02259,Home Loan,227,2011-02-25,360,Repaid,Tata Capital
REC006132,PER02259,Education Loan,96,2018-02-09,36,Repaid,Bajaj Finserv
REC006133,PER02260,Car Loan,21,2022-02-02,60,Repaid,Bank of Baroda
REC006134,PER02260,Home Loan,94,2011-07-09,180,Repaid,SBI
REC006135,PER02260,Business Loan,90,2015-05-25,60,Repaid,Union Bank
REC006136,PER02261,Two-Wheeler Loan,8,2018-07-27,36,Repaid,SBI
REC006137,PER02261,Home Loan,207,2017-12-17,180,Repaid,Yes Bank
REC006138,PER02261,Car Loan,44,2018-12-03,84,Repaid,IndusInd Bank
REC006139,PER02262,Education Loan,150,2011-12-05,84,Active,ICICI Bank
REC006140,PER02262,Personal Loan,13,2023-06-26,60,Repaid,Canara Bank
REC006141,PER02262,Home Loan,137,2022-06-21,180,Repaid,Kotak Mahindra
REC006142,PER02262,Home Loan,182,2015-05-13,120,Repaid,Bank of Baroda
REC006143,PER02262,Gold Loan,18,2018-01-17,60,Defaulted,Canara Bank
REC006144,PER02262,Education Loan,48,2024-07-04,36,Defaulted,Union Bank
REC006145,PER02262,Home Loan,172,2025-01-26,240,Defaulted,ICICI Bank
REC006146,PER02263,Home Loan,89,2018-07-12,120,Active,Axis Bank
REC006147,PER02263,Consumer Durable Loan,1,2023-12-23,60,Repaid,Canara Bank
REC006148,PER02263,Car Loan,78,2012-10-20,36,Active,Bajaj Finserv
REC006149,PER02263,Education Loan,35,2022-10-08,84,Repaid,ICICI Bank
REC006150,PER02263,Consumer Durable Loan,6,2021-03-16,24,Repaid,Canara Bank
REC006151,PER02264,Car Loan,50,2010-09-14,60,Active,IndusInd Bank
REC006152,PER02264,Personal Loan,61,2016-01-03,12,Active,SBI
REC006153,PER02265,Two-Wheeler Loan,8,2014-07-06,24,Repaid,Union Bank
REC006154,PER02265,Home Loan,75,2017-08-26,120,Repaid,Union Bank
REC006155,PER02265,Education Loan,56,2010-01-12,84,Repaid,SBI
REC006156,PER02265,Consumer Durable Loan,4,2015-04-14,48,Active,Canara Bank
REC006157,PER02265,Personal Loan,59,2024-09-12,48,Defaulted,IndusInd Bank
REC006158,PER02265,Education Loan,69,2024-09-12,84,Repaid,Tata Capital
REC006159,PER02265,Education Loan,21,2018-03-12,60,Active,LIC Housing Finance
REC006160,PER02266,Car Loan,156,2011-02-04,60,Defaulted,PNB
REC006161,PER02266,Car Loan,59,2015-07-18,48,Active,Bank of Baroda
REC006162,PER02266,Two-Wheeler Loan,5,2013-11-20,24,Repaid,Bank of Baroda
REC006163,PER02266,Business Loan,75,2022-03-17,48,Repaid,Union Bank
REC006164,PER02267,Personal Loan,19,2018-01-06,24,Active,PNB
REC006165,PER02267,Gold Loan,8,2025-05-10,60,Repaid,HDFC Bank
REC006166,PER02267,Education Loan,17,2017-04-04,36,Active,Yes Bank
REC006167,PER02267,Personal Loan,65,2022-10-23,24,Repaid,ICICI Bank
REC006168,PER02267,Car Loan,116,2016-10-18,60,Repaid,SBI
REC006169,PER02268,Home Loan,101,2015-12-18,120,Defaulted,Axis Bank
REC006170,PER02268,Car Loan,43,2010-01-16,48,Repaid,Bank of Baroda
REC006171,PER02268,Home Loan,200,2011-04-03,360,Repaid,Yes Bank
REC006172,PER02268,Business Loan,43,2012-10-05,60,Repaid,ICICI Bank
REC006173,PER02269,Personal Loan,12,2011-07-23,12,Repaid,PNB
REC006174,PER02269,Home Loan,300,2025-09-23,120,Repaid,ICICI Bank
REC006175,PER02269,Home Loan,411,2025-08-13,120,Repaid,Bajaj Finserv
REC006176,PER02269,Business Loan,49,2012-05-24,24,Active,ICICI Bank
REC006177,PER02269,Consumer Durable Loan,8,2016-06-07,48,Repaid,HDFC Bank
REC006178,PER02271,Car Loan,63,2014-02-15,60,Defaulted,Bajaj Finserv
REC006179,PER02272,Car Loan,110,2025-06-18,48,Repaid,IndusInd Bank
REC006180,PER02272,Home Loan,94,2011-03-23,300,Active,Bajaj Finserv
REC006181,PER02272,Home Loan,149,2018-02-15,360,Repaid,IDBI Bank
REC006182,PER02272,Personal Loan,16,2018-03-24,12,Repaid,Bank of Baroda
REC006183,PER02273,Education Loan,48,2018-04-16,60,Repaid,Canara Bank
REC006184,PER02273,Business Loan,130,2016-06-23,12,Repaid,LIC Housing Finance
REC006185,PER02273,Car Loan,29,2011-05-01,36,Repaid,Yes Bank
REC006186,PER02273,Home Loan,96,2013-07-08,300,Repaid,Union Bank
REC006187,PER02273,Car Loan,35,2024-03-27,48,Repaid,Yes Bank
REC006188,PER02274,Car Loan,57,2020-12-19,36,Repaid,SBI
REC006189,PER02275,Gold Loan,15,2011-02-28,48,Repaid,IndusInd Bank
REC006190,PER02275,Business Loan,103,2019-10-22,48,Repaid,Yes Bank
REC006191,PER02276,Personal Loan,61,2015-09-05,48,Active,Yes Bank
REC006192,PER02277,Education Loan,45,2025-10-14,84,Active,SBI
REC006193,PER02277,Car Loan,39,2024-12-24,84,Active,Canara Bank
REC006194,PER02277,Car Loan,52,2015-09-02,48,Repaid,PNB
REC006195,PER02278,Car Loan,131,2013-09-02,36,Defaulted,Kotak Mahindra
REC006196,PER02279,Education Loan,75,2024-06-18,60,Defaulted,Tata Capital
REC006197,PER02279,Home Loan,122,2011-04-26,180,Defaulted,Tata Capital
REC006198,PER02279,Car Loan,189,2016-03-03,36,Active,Yes Bank
REC006199,PER02280,Personal Loan,26,2016-11-15,36,Repaid,Bank of Baroda
REC006200,PER02280,Car Loan,33,2012-12-06,84,Repaid,Canara Bank
REC006201,PER02281,Personal Loan,58,2014-09-17,24,Repaid,PNB
REC006202,PER02281,Personal Loan,57,2018-09-10,48,Repaid,SBI
REC006203,PER02282,Personal Loan,15,2019-08-18,48,Repaid,Axis Bank
REC006204,PER02282,Personal Loan,58,2013-03-06,60,Repaid,LIC Housing Finance
REC006205,PER02282,Personal Loan,7,2010-02-10,48,Repaid,ICICI Bank
REC006206,PER02282,Personal Loan,82,2025-02-09,48,Repaid,SBI
REC006207,PER02282,Car Loan,64,2021-12-21,84,Repaid,Bank of Baroda
REC006208,PER02283,Home Loan,143,2024-04-05,300,Active,PNB
REC006209,PER02284,Personal Loan,85,2010-01-20,24,Repaid,Bank of Baroda
REC006210,PER02284,Education Loan,15,2014-11-11,60,Repaid,HDFC Bank
REC006211,PER02284,Car Loan,29,2025-08-14,36,Active,Union Bank
REC006212,PER02284,Home Loan,156,2010-12-28,300,Repaid,PNB
REC006213,PER02284,Personal Loan,100,2024-06-02,36,Repaid,Yes Bank
REC006214,PER02285,Home Loan,334,2020-06-24,180,Repaid,HDFC Bank
REC006215,PER02285,Home Loan,253,2024-04-14,360,Repaid,HDFC Bank
REC006216,PER02285,Two-Wheeler Loan,11,2014-01-01,48,Repaid,Tata Capital
REC006217,PER02286,Personal Loan,100,2012-05-13,36,Repaid,PNB
REC006218,PER02287,Car Loan,53,2021-12-28,84,Active,Bank of Baroda
REC006219,PER02288,Car Loan,62,2010-06-18,60,Repaid,Yes Bank
REC006220,PER02288,Business Loan,143,2015-04-28,12,Repaid,SBI
REC006221,PER02288,Personal Loan,54,2010-09-02,12,Active,Bank of Baroda
REC006222,PER02289,Car Loan,21,2023-09-04,36,Repaid,Bajaj Finserv
REC006223,PER02290,Business Loan,106,2010-06-21,24,Defaulted,Bank of Baroda
REC006224,PER02290,Car Loan,57,2010-06-13,48,Repaid,LIC Housing Finance
REC006225,PER02291,Personal Loan,32,2019-08-09,60,Repaid,ICICI Bank
REC006226,PER02292,Home Loan,300,2019-05-11,240,Repaid,LIC Housing Finance
REC006227,PER02292,Home Loan,351,2011-11-06,240,Active,Kotak Mahindra
REC006228,PER02293,Consumer Durable Loan,14,2014-12-25,12,Repaid,IndusInd Bank
REC006229,PER02294,Education Loan,25,2011-10-06,48,Repaid,ICICI Bank
REC006230,PER02294,Education Loan,89,2025-05-16,60,Repaid,IndusInd Bank
REC006231,PER02294,Two-Wheeler Loan,17,2017-11-25,60,Active,Kotak Mahindra
REC006232,PER02294,Business Loan,55,2012-09-21,60,Repaid,Tata Capital
REC006233,PER02296,Home Loan,123,2020-05-03,300,Defaulted,Yes Bank
REC006234,PER02296,Personal Loan,41,2022-09-04,12,Defaulted,IndusInd Bank
REC006235,PER02296,Business Loan,49,2019-07-12,60,Repaid,HDFC Bank
REC006236,PER02297,Home Loan,105,2015-12-21,300,Repaid,Bajaj Finserv
REC006237,PER02297,Two-Wheeler Loan,2,2010-12-18,12,Active,Bank of Baroda
REC006238,PER02297,Home Loan,187,2019-07-07,120,Repaid,Tata Capital
REC006239,PER02298,Car Loan,42,2022-01-25,48,Active,LIC Housing Finance
REC006240,PER02299,Home Loan,255,2016-08-04,300,Repaid,Yes Bank
REC006241,PER02299,Personal Loan,30,2023-12-03,36,Repaid,SBI
REC006242,PER02299,Home Loan,234,2018-10-27,240,Active,SBI
REC006243,PER02299,Business Loan,40,2018-05-25,24,Repaid,IndusInd Bank
REC006244,PER02299,Education Loan,37,2020-01-09,60,Active,Tata Capital
REC006245,PER02299,Personal Loan,24,2023-10-28,24,Repaid,Axis Bank
REC006246,PER02299,Car Loan,75,2021-02-08,84,Repaid,HDFC Bank
REC006247,PER02301,Business Loan,42,2020-04-22,24,Defaulted,HDFC Bank
REC006248,PER02301,Education Loan,69,2025-07-24,48,Active,ICICI Bank
REC006249,PER02301,Home Loan,166,2010-11-27,300,Active,Bajaj Finserv
REC006250,PER02302,Education Loan,91,2010-11-12,48,Repaid,ICICI Bank
REC006251,PER02302,Car Loan,42,2016-01-12,60,Repaid,Canara Bank
REC006252,PER02302,Personal Loan,29,2016-04-14,12,Repaid,PNB
REC006253,PER02302,Car Loan,56,2017-12-07,84,Repaid,Canara Bank
REC006254,PER02304,Gold Loan,6,2014-08-22,12,Active,IDBI Bank
REC006255,PER02304,Personal Loan,34,2011-04-06,12,Repaid,Kotak Mahindra
REC006256,PER02305,Personal Loan,41,2017-10-26,24,Active,HDFC Bank
REC006257,PER02305,Personal Loan,23,2013-11-22,60,Active,Kotak Mahindra
REC006258,PER02306,Personal Loan,67,2014-08-28,48,Active,HDFC Bank
REC006259,PER02308,Business Loan,120,2017-08-01,48,Repaid,SBI
REC006260,PER02308,Home Loan,108,2022-03-09,240,Repaid,Bajaj Finserv
REC006261,PER02309,Personal Loan,21,2024-01-04,24,Repaid,Union Bank
REC006262,PER02310,Gold Loan,5,2023-02-12,48,Repaid,Tata Capital
REC006263,PER02311,Home Loan,119,2019-08-12,300,Repaid,SBI
REC006264,PER02311,Personal Loan,24,2017-09-15,24,Repaid,IndusInd Bank
REC006265,PER02311,Education Loan,46,2016-10-15,60,Repaid,Bajaj Finserv
REC006266,PER02311,Consumer Durable Loan,23,2023-09-22,36,Defaulted,Tata Capital
REC006267,PER02313,Two-Wheeler Loan,3,2010-12-05,24,Active,SBI
REC006268,PER02313,Personal Loan,40,2019-08-26,36,Active,ICICI Bank
REC006269,PER02313,Business Loan,173,2025-10-25,12,Repaid,ICICI Bank
REC006270,PER02314,Two-Wheeler Loan,10,2017-04-03,48,Active,Axis Bank
REC006271,PER02314,Personal Loan,36,2014-04-18,12,Repaid,PNB
REC006272,PER02314,Personal Loan,49,2011-06-26,60,Active,Yes Bank
REC006273,PER02314,Education Loan,19,2018-10-28,48,Repaid,LIC Housing Finance
REC006274,PER02315,Home Loan,218,2025-01-02,240,Repaid,IDBI Bank
REC006275,PER02315,Business Loan,22,2012-10-15,48,Repaid,PNB
REC006276,PER02315,Car Loan,110,2023-01-23,84,Defaulted,SBI
REC006277,PER02316,Home Loan,194,2018-08-08,300,Repaid,SBI
REC006278,PER02316,Car Loan,36,2012-11-19,36,Active,Axis Bank
REC006279,PER02316,Car Loan,139,2020-08-24,36,Repaid,IndusInd Bank
REC006280,PER02316,Education Loan,40,2025-10-24,36,Active,SBI
REC006281,PER02316,Personal Loan,34,2019-05-23,48,Repaid,Union Bank
REC006282,PER02317,Car Loan,47,2013-09-09,60,Defaulted,Bank of Baroda
REC006283,PER02319,Car Loan,42,2017-02-27,84,Defaulted,ICICI Bank
REC006284,PER02319,Home Loan,112,2016-12-06,240,Active,Axis Bank
REC006285,PER02320,Business Loan,105,2018-06-15,48,Repaid,IDBI Bank
REC006286,PER02320,Car Loan,107,2021-05-01,84,Repaid,IndusInd Bank
REC006287,PER02320,Home Loan,327,2011-10-12,300,Repaid,Yes Bank
REC006288,PER02321,Car Loan,40,2020-09-17,36,Repaid,HDFC Bank
REC006289,PER02321,Home Loan,245,2010-06-24,120,Active,Canara Bank
REC006290,PER02321,Education Loan,43,2015-01-09,36,Repaid,ICICI Bank
REC006291,PER02321,Education Loan,73,2016-12-02,60,Repaid,PNB
REC006292,PER02321,Home Loan,154,2013-06-12,120,Active,IndusInd Bank
REC006293,PER02321,Personal Loan,26,2023-02-27,48,Repaid,Bank of Baroda
REC006294,PER02321,Car Loan,93,2017-07-13,36,Repaid,Tata Capital
REC006295,PER02322,Car Loan,48,2014-07-27,60,Defaulted,Bajaj Finserv
REC006296,PER02323,Business Loan,57,2020-08-02,12,Defaulted,Kotak Mahindra
REC006297,PER02323,Education Loan,28,2022-12-19,48,Repaid,PNB
REC006298,PER02323,Home Loan,118,2024-09-14,240,Active,Bajaj Finserv
REC006299,PER02323,Education Loan,24,2012-11-09,84,Defaulted,Union Bank
REC006300,PER02324,Car Loan,57,2021-08-07,48,Defaulted,Kotak Mahindra
REC006301,PER02324,Business Loan,40,2010-05-01,12,Repaid,PNB
REC006302,PER02324,Personal Loan,44,2015-05-12,36,Repaid,ICICI Bank
REC006303,PER02325,Personal Loan,20,2012-01-13,60,Repaid,Bajaj Finserv
REC006304,PER02325,Home Loan,138,2014-01-04,240,Active,HDFC Bank
REC006305,PER02325,Personal Loan,63,2020-05-21,36,Active,Canara Bank
REC006306,PER02325,Home Loan,69,2012-09-19,240,Repaid,Kotak Mahindra
REC006307,PER02326,Education Loan,57,2011-05-15,48,Repaid,Bajaj Finserv
REC006308,PER02326,Personal Loan,18,2025-05-25,12,Repaid,Kotak Mahindra
REC006309,PER02327,Personal Loan,26,2024-11-11,24,Repaid,Canara Bank
REC006310,PER02327,Gold Loan,8,2013-08-17,12,Repaid,Bajaj Finserv
REC006311,PER02327,Home Loan,151,2011-05-10,180,Repaid,Union Bank
REC006312,PER02327,Personal Loan,39,2022-02-26,60,Repaid,Yes Bank
REC006313,PER02328,Personal Loan,54,2018-04-06,60,Defaulted,Kotak Mahindra
REC006314,PER02328,Home Loan,293,2010-08-19,300,Active,Axis Bank
REC006315,PER02328,Education Loan,36,2022-03-19,48,Active,Canara Bank
REC006316,PER02328,Home Loan,401,2019-09-17,240,Repaid,ICICI Bank
REC006317,PER02330,Education Loan,44,2020-01-23,84,Repaid,Axis Bank
REC006318,PER02330,Education Loan,56,2018-02-17,36,Repaid,Bajaj Finserv
REC006319,PER02330,Personal Loan,40,2011-03-12,48,Repaid,HDFC Bank
REC006320,PER02331,Personal Loan,34,2010-02-14,12,Active,Union Bank
REC006321,PER02332,Home Loan,211,2011-10-20,180,Repaid,ICICI Bank
REC006322,PER02333,Personal Loan,79,2025-05-13,24,Repaid,IndusInd Bank
REC006323,PER02333,Personal Loan,25,2022-11-09,48,Repaid,Tata Capital
REC006324,PER02333,Two-Wheeler Loan,8,2025-12-11,48,Repaid,PNB
REC006325,PER02334,Business Loan,66,2010-10-08,12,Active,IDBI Bank
REC006326,PER02335,Personal Loan,29,2012-04-17,60,Repaid,IDBI Bank
REC006327,PER02335,Home Loan,324,2015-10-28,120,Repaid,ICICI Bank
REC006328,PER02335,Home Loan,100,2020-08-03,240,Repaid,SBI
REC006329,PER02335,Personal Loan,32,2021-08-13,48,Repaid,IDBI Bank
REC006330,PER02335,Car Loan,106,2023-05-02,84,Repaid,Bajaj Finserv
REC006331,PER02336,Home Loan,117,2018-04-19,240,Repaid,SBI
REC006332,PER02336,Home Loan,211,2011-01-07,300,Active,SBI
REC006333,PER02338,Home Loan,343,2019-04-13,120,Repaid,Bajaj Finserv
REC006334,PER02338,Car Loan,29,2013-10-03,36,Repaid,Canara Bank
REC006335,PER02339,Home Loan,140,2019-02-19,120,Defaulted,Bank of Baroda
REC006336,PER02340,Personal Loan,31,2024-11-21,12,Active,Axis Bank
REC006337,PER02340,Home Loan,120,2014-04-13,300,Defaulted,Yes Bank
REC006338,PER02342,Personal Loan,36,2022-06-14,48,Active,Kotak Mahindra
REC006339,PER02342,Personal Loan,8,2014-03-04,60,Repaid,Yes Bank
REC006340,PER02343,Car Loan,59,2021-03-11,36,Active,PNB
REC006341,PER02343,Consumer Durable Loan,17,2010-05-03,24,Repaid,Bajaj Finserv
REC006342,PER02343,Home Loan,303,2022-08-21,180,Repaid,Bank of Baroda
REC006343,PER02344,Home Loan,142,2023-12-26,360,Defaulted,Bajaj Finserv
REC006344,PER02344,Car Loan,55,2025-12-28,36,Repaid,Axis Bank
REC006345,PER02345,Home Loan,497,2024-12-06,300,Repaid,ICICI Bank
REC006346,PER02345,Consumer Durable Loan,2,2024-08-19,48,Repaid,Yes Bank
REC006347,PER02346,Personal Loan,69,2018-01-08,60,Repaid,Axis Bank
REC006348,PER02346,Home Loan,146,2016-08-18,300,Repaid,Bajaj Finserv
REC006349,PER02346,Home Loan,178,2024-12-05,120,Active,ICICI Bank
REC006350,PER02346,Business Loan,191,2011-02-14,12,Active,IDBI Bank
REC006351,PER02347,Business Loan,77,2010-02-15,24,Active,Kotak Mahindra
REC006352,PER02347,Car Loan,37,2025-09-11,48,Defaulted,LIC Housing Finance
REC006353,PER02347,Personal Loan,50,2019-06-27,12,Defaulted,LIC Housing Finance
REC006354,PER02347,Car Loan,49,2011-10-06,60,Defaulted,Canara Bank
REC006355,PER02347,Home Loan,195,2017-08-06,180,Active,IDBI Bank
REC006356,PER02347,Car Loan,103,2011-04-02,84,Defaulted,HDFC Bank
REC006357,PER02347,Car Loan,96,2024-11-15,84,Repaid,IndusInd Bank
REC006358,PER02348,Home Loan,142,2011-01-28,300,Repaid,SBI
REC006359,PER02348,Business Loan,142,2016-05-03,36,Repaid,Yes Bank
REC006360,PER02348,Home Loan,107,2023-10-22,120,Repaid,Tata Capital
REC006361,PER02349,Personal Loan,41,2021-02-28,24,Repaid,Kotak Mahindra
REC006362,PER02349,Gold Loan,41,2010-07-11,60,Repaid,Canara Bank
REC006363,PER02350,Home Loan,168,2025-12-23,180,Repaid,Axis Bank
REC006364,PER02350,Car Loan,138,2011-01-21,36,Active,IDBI Bank
REC006365,PER02350,Home Loan,255,2010-02-04,240,Repaid,Kotak Mahindra
REC006366,PER02350,Personal Loan,47,2012-07-16,36,Repaid,LIC Housing Finance
REC006367,PER02351,Home Loan,123,2011-09-20,360,Repaid,HDFC Bank
REC006368,PER02351,Home Loan,285,2020-06-20,180,Defaulted,ICICI Bank
REC006369,PER02351,Home Loan,166,2020-11-26,240,Repaid,Union Bank
REC006370,PER02352,Business Loan,85,2010-04-12,12,Repaid,Canara Bank
REC006371,PER02352,Home Loan,192,2020-10-28,360,Active,ICICI Bank
REC006372,PER02353,Consumer Durable Loan,7,2022-10-03,12,Repaid,Tata Capital
REC006373,PER02355,Home Loan,232,2017-08-10,180,Repaid,Union Bank
REC006374,PER02355,Home Loan,172,2018-05-10,300,Active,Kotak Mahindra
REC006375,PER02355,Home Loan,98,2025-05-13,180,Repaid,HDFC Bank
REC006376,PER02355,Home Loan,273,2010-12-05,300,Repaid,ICICI Bank
REC006377,PER02355,Personal Loan,45,2018-03-09,60,Repaid,Canara Bank
REC006378,PER02356,Car Loan,56,2015-06-17,36,Repaid,Kotak Mahindra
REC006379,PER02356,Business Loan,107,2022-09-22,12,Active,SBI
REC006380,PER02356,Personal Loan,67,2022-02-14,48,Repaid,SBI
REC006381,PER02357,Personal Loan,14,2018-01-14,36,Repaid,Bank of Baroda
REC006382,PER02357,Two-Wheeler Loan,12,2022-12-05,36,Active,Kotak Mahindra
REC006383,PER02357,Education Loan,21,2015-03-15,60,Repaid,Axis Bank
REC006384,PER02358,Personal Loan,67,2015-07-24,24,Active,Bank of Baroda
REC006385,PER02358,Car Loan,43,2013-07-15,36,Repaid,Bajaj Finserv
REC006386,PER02358,Gold Loan,3,2022-05-13,60,Repaid,ICICI Bank
REC006387,PER02358,Car Loan,73,2023-01-04,84,Repaid,SBI
REC006388,PER02358,Car Loan,156,2014-12-17,48,Repaid,Kotak Mahindra
REC006389,PER02359,Car Loan,68,2013-02-23,84,Repaid,Kotak Mahindra
REC006390,PER02359,Home Loan,276,2016-07-04,120,Defaulted,Axis Bank
REC006391,PER02359,Car Loan,53,2018-12-23,48,Active,HDFC Bank
REC006392,PER02359,Car Loan,69,2010-05-11,36,Repaid,Union Bank
REC006393,PER02359,Personal Loan,47,2013-03-03,36,Active,SBI
REC006394,PER02359,Consumer Durable Loan,5,2024-09-28,36,Defaulted,ICICI Bank
REC006395,PER02360,Personal Loan,43,2017-11-26,36,Defaulted,Bajaj Finserv
REC006396,PER02360,Business Loan,114,2011-11-26,12,Repaid,SBI
REC006397,PER02360,Business Loan,133,2023-08-05,48,Repaid,HDFC Bank
REC006398,PER02361,Personal Loan,69,2025-07-20,12,Repaid,PNB
REC006399,PER02361,Home Loan,212,2017-09-03,360,Repaid,Bank of Baroda
REC006400,PER02361,Personal Loan,39,2020-10-07,48,Repaid,SBI
REC006401,PER02361,Home Loan,270,2018-01-13,180,Active,Bank of Baroda
REC006402,PER02361,Home Loan,150,2013-12-22,300,Repaid,Bajaj Finserv
REC006403,PER02362,Personal Loan,45,2015-08-27,36,Defaulted,Bank of Baroda
REC006404,PER02362,Education Loan,71,2011-01-18,36,Repaid,Bank of Baroda
REC006405,PER02363,Home Loan,187,2013-05-13,300,Active,Tata Capital
REC006406,PER02363,Home Loan,152,2023-12-04,240,Defaulted,SBI
REC006407,PER02364,Personal Loan,19,2023-10-15,24,Defaulted,HDFC Bank
REC006408,PER02365,Personal Loan,95,2013-09-13,24,Repaid,Tata Capital
REC006409,PER02366,Business Loan,136,2024-08-14,24,Defaulted,Yes Bank
REC006410,PER02367,Personal Loan,34,2010-03-19,60,Repaid,Bank of Baroda
REC006411,PER02367,Car Loan,21,2016-07-01,36,Active,Axis Bank
REC006412,PER02367,Home Loan,176,2014-07-11,180,Repaid,IDBI Bank
REC006413,PER02367,Personal Loan,43,2015-09-16,48,Active,Canara Bank
REC006414,PER02367,Personal Loan,46,2018-02-14,60,Repaid,Axis Bank
REC006415,PER02368,Personal Loan,26,2011-01-09,24,Repaid,PNB
REC006416,PER02368,Two-Wheeler Loan,3,2025-03-08,36,Defaulted,Bajaj Finserv
REC006417,PER02369,Home Loan,98,2017-11-21,180,Active,PNB
REC006418,PER02369,Car Loan,133,2025-01-19,84,Repaid,Canara Bank
REC006419,PER02369,Education Loan,59,2022-11-13,48,Repaid,HDFC Bank
REC006420,PER02369,Home Loan,145,2018-01-05,120,Active,Tata Capital
REC006421,PER02370,Home Loan,164,2019-11-06,240,Repaid,SBI
REC006422,PER02370,Home Loan,309,2013-08-06,240,Repaid,LIC Housing Finance
REC006423,PER02370,Personal Loan,37,2023-01-11,48,Repaid,Axis Bank
REC006424,PER02370,Home Loan,213,2014-10-04,360,Repaid,Bajaj Finserv
REC006425,PER02371,Home Loan,137,2019-04-12,360,Repaid,Bajaj Finserv
REC006426,PER02371,Car Loan,102,2017-05-21,60,Defaulted,Bajaj Finserv
REC006427,PER02372,Car Loan,51,2025-02-06,36,Active,Bank of Baroda
REC006428,PER02373,Personal Loan,33,2015-01-09,24,Defaulted,PNB
REC006429,PER02374,Car Loan,21,2013-06-11,48,Active,Tata Capital
REC006430,PER02374,Car Loan,69,2018-10-23,84,Repaid,Tata Capital
REC006431,PER02374,Car Loan,50,2024-10-11,60,Defaulted,IndusInd Bank
REC006432,PER02374,Two-Wheeler Loan,8,2017-02-22,60,Defaulted,Tata Capital
REC006433,PER02375,Education Loan,10,2016-09-08,48,Active,SBI
REC006434,PER02375,Car Loan,43,2015-04-15,48,Repaid,Bank of Baroda
REC006435,PER02376,Business Loan,20,2022-04-14,24,Repaid,HDFC Bank
REC006436,PER02376,Personal Loan,60,2015-09-13,24,Repaid,PNB
REC006437,PER02376,Business Loan,72,2014-01-12,60,Active,Union Bank
REC006438,PER02376,Personal Loan,9,2018-06-17,48,Repaid,ICICI Bank
REC006439,PER02378,Personal Loan,34,2015-01-26,24,Repaid,Bank of Baroda
REC006440,PER02378,Home Loan,170,2022-09-18,180,Repaid,Union Bank
REC006441,PER02379,Home Loan,217,2013-04-14,360,Repaid,PNB
REC006442,PER02379,Personal Loan,55,2018-04-28,60,Defaulted,HDFC Bank
REC006443,PER02379,Home Loan,520,2015-08-14,360,Defaulted,Canara Bank
REC006444,PER02379,Personal Loan,28,2024-08-24,12,Active,Union Bank
REC006445,PER02381,Consumer Durable Loan,6,2018-07-21,36,Defaulted,Tata Capital
REC006446,PER02381,Home Loan,348,2025-04-02,240,Repaid,Kotak Mahindra
REC006447,PER02381,Car Loan,28,2022-10-11,48,Defaulted,IndusInd Bank
REC006448,PER02381,Car Loan,35,2013-05-20,60,Defaulted,ICICI Bank
REC006449,PER02382,Gold Loan,13,2017-06-04,48,Active,Axis Bank
REC006450,PER02382,Personal Loan,66,2023-06-17,48,Repaid,Canara Bank
REC006451,PER02382,Consumer Durable Loan,6,2018-12-24,24,Active,HDFC Bank
REC006452,PER02382,Personal Loan,9,2014-06-13,12,Repaid,Kotak Mahindra
REC006453,PER02383,Personal Loan,28,2012-07-07,24,Defaulted,PNB
REC006454,PER02383,Car Loan,47,2016-01-24,84,Repaid,IndusInd Bank
REC006455,PER02384,Personal Loan,33,2016-07-21,60,Active,Bajaj Finserv
REC006456,PER02385,Education Loan,48,2013-12-21,36,Repaid,Kotak Mahindra
REC006457,PER02385,Personal Loan,16,2014-07-28,36,Active,Yes Bank
REC006458,PER02386,Personal Loan,69,2023-05-06,12,Active,Canara Bank
REC006459,PER02386,Home Loan,238,2021-08-21,240,Active,Kotak Mahindra
REC006460,PER02386,Education Loan,20,2025-12-18,36,Repaid,Axis Bank
REC006461,PER02386,Education Loan,37,2018-06-28,60,Active,Canara Bank
REC006462,PER02386,Personal Loan,12,2011-03-01,24,Active,Tata Capital
REC006463,PER02386,Home Loan,387,2020-04-12,240,Repaid,Union Bank
REC006464,PER02387,Education Loan,140,2021-03-15,84,Repaid,IndusInd Bank
REC006465,PER02387,Home Loan,272,2018-10-25,240,Active,Yes Bank
REC006466,PER02387,Business Loan,173,2016-07-22,60,Repaid,ICICI Bank
REC006467,PER02388,Education Loan,52,2024-11-10,84,Repaid,SBI
REC006468,PER02388,Car Loan,62,2020-04-16,84,Repaid,Axis Bank
REC006469,PER02388,Personal Loan,7,2024-06-13,36,Repaid,PNB
REC006470,PER02388,Car Loan,21,2014-09-11,36,Repaid,Tata Capital
REC006471,PER02388,Personal Loan,23,2014-06-11,24,Repaid,ICICI Bank
REC006472,PER02389,Gold Loan,3,2023-06-16,12,Active,PNB
REC006473,PER02390,Home Loan,233,2014-06-07,120,Repaid,Bank of Baroda
REC006474,PER02390,Two-Wheeler Loan,2,2010-01-20,36,Active,Union Bank
REC006475,PER02391,Car Loan,75,2013-01-21,48,Repaid,Kotak Mahindra
REC006476,PER02391,Personal Loan,53,2012-09-01,24,Repaid,SBI
REC006477,PER02392,Home Loan,183,2025-06-10,240,Active,HDFC Bank
REC006478,PER02392,Home Loan,450,2010-11-24,120,Defaulted,Bank of Baroda
REC006479,PER02392,Car Loan,61,2012-08-02,60,Repaid,Kotak Mahindra
REC006480,PER02392,Personal Loan,32,2025-09-26,12,Active,Axis Bank
REC006481,PER02392,Home Loan,260,2010-11-16,360,Repaid,Yes Bank
REC006482,PER02392,Personal Loan,21,2019-05-21,60,Repaid,Axis Bank
REC006483,PER02392,Home Loan,252,2025-06-04,180,Repaid,Union Bank
REC006484,PER02393,Car Loan,55,2021-04-13,48,Active,SBI
REC006485,PER02393,Home Loan,369,2012-08-16,300,Repaid,Kotak Mahindra
REC006486,PER02393,Personal Loan,73,2012-05-27,36,Defaulted,SBI
REC006487,PER02394,Home Loan,633,2022-05-09,180,Defaulted,Tata Capital
REC006488,PER02394,Car Loan,57,2021-02-19,48,Repaid,HDFC Bank
REC006489,PER02394,Business Loan,404,2010-06-20,24,Repaid,PNB
REC006490,PER02395,Personal Loan,42,2024-07-07,24,Defaulted,LIC Housing Finance
REC006491,PER02395,Home Loan,217,2020-05-12,240,Active,LIC Housing Finance
REC006492,PER02396,Personal Loan,52,2012-12-01,24,Active,IDBI Bank
REC006493,PER02397,Two-Wheeler Loan,11,2013-06-12,48,Repaid,Kotak Mahindra
REC006494,PER02397,Home Loan,194,2017-01-12,120,Defaulted,PNB
REC006495,PER02397,Car Loan,84,2012-08-10,48,Repaid,Canara Bank
REC006496,PER02398,Home Loan,164,2014-04-06,360,Repaid,PNB
REC006497,PER02399,Personal Loan,41,2019-02-17,36,Defaulted,Axis Bank
REC006498,PER02399,Personal Loan,30,2011-11-12,12,Active,Yes Bank
REC006499,PER02399,Education Loan,21,2010-09-14,36,Defaulted,Canara Bank
REC006500,PER02400,Education Loan,35,2013-09-28,84,Repaid,ICICI Bank
REC006501,PER02401,Education Loan,53,2022-10-12,60,Repaid,IndusInd Bank
REC006502,PER02402,Two-Wheeler Loan,1,2018-03-25,12,Repaid,Union Bank
REC006503,PER02402,Two-Wheeler Loan,7,2019-04-22,48,Active,LIC Housing Finance
REC006504,PER02402,Home Loan,199,2016-05-01,360,Repaid,Tata Capital
REC006505,PER02402,Car Loan,38,2016-01-12,48,Repaid,Bajaj Finserv
REC006506,PER02403,Personal Loan,75,2019-06-16,48,Repaid,Canara Bank
REC006507,PER02403,Business Loan,62,2022-10-11,60,Repaid,Axis Bank
REC006508,PER02403,Home Loan,143,2012-10-17,300,Repaid,HDFC Bank
REC006509,PER02403,Car Loan,57,2017-02-22,84,Repaid,Canara Bank
REC006510,PER02403,Personal Loan,63,2019-05-08,24,Active,PNB
REC006511,PER02403,Personal Loan,24,2023-02-12,24,Repaid,Union Bank
REC006512,PER02403,Car Loan,51,2022-02-06,48,Repaid,IndusInd Bank
REC006513,PER02403,Home Loan,342,2011-08-13,360,Repaid,Canara Bank
REC006514,PER02404,Gold Loan,9,2014-05-18,36,Repaid,Yes Bank
REC006515,PER02404,Home Loan,366,2015-01-02,240,Repaid,PNB
REC006516,PER02404,Home Loan,172,2018-10-21,360,Repaid,SBI
REC006517,PER02405,Business Loan,152,2020-07-12,36,Defaulted,Axis Bank
REC006518,PER02405,Home Loan,184,2012-05-08,120,Repaid,Tata Capital
REC006519,PER02405,Personal Loan,48,2016-10-19,12,Repaid,IDBI Bank
REC006520,PER02405,Car Loan,108,2013-04-05,60,Defaulted,Kotak Mahindra
REC006521,PER02405,Home Loan,110,2015-09-25,120,Repaid,Bajaj Finserv
REC006522,PER02406,Education Loan,67,2023-02-04,84,Repaid,IndusInd Bank
REC006523,PER02406,Two-Wheeler Loan,17,2016-06-02,36,Repaid,Union Bank
REC006524,PER02407,Car Loan,37,2018-10-08,60,Repaid,Canara Bank
REC006525,PER02407,Education Loan,42,2023-02-07,60,Repaid,IDBI Bank
REC006526,PER02407,Education Loan,24,2021-10-17,36,Repaid,Union Bank
REC006527,PER02407,Business Loan,93,2012-03-06,48,Active,HDFC Bank
REC006528,PER02408,Gold Loan,9,2017-11-09,12,Repaid,HDFC Bank
REC006529,PER02409,Home Loan,224,2014-06-11,240,Active,Axis Bank
REC006530,PER02409,Personal Loan,33,2015-01-11,60,Repaid,Kotak Mahindra
REC006531,PER02409,Home Loan,304,2025-09-22,240,Defaulted,Axis Bank
REC006532,PER02409,Personal Loan,30,2020-08-19,24,Defaulted,PNB
REC006533,PER02409,Gold Loan,22,2019-03-16,60,Active,HDFC Bank
REC006534,PER02410,Personal Loan,24,2014-03-22,60,Defaulted,IndusInd Bank
REC006535,PER02410,Home Loan,181,2018-04-26,300,Defaulted,PNB
REC006536,PER02411,Two-Wheeler Loan,7,2011-06-09,60,Defaulted,LIC Housing Finance
REC006537,PER02411,Personal Loan,16,2024-07-04,48,Active,PNB
REC006538,PER02411,Car Loan,56,2019-01-09,48,Repaid,PNB
REC006539,PER02411,Home Loan,607,2018-12-22,120,Active,PNB
REC006540,PER02412,Two-Wheeler Loan,14,2018-01-22,48,Repaid,SBI
REC006541,PER02412,Car Loan,66,2020-02-27,48,Active,Canara Bank
REC006542,PER02412,Business Loan,74,2025-11-17,24,Repaid,ICICI Bank
REC006543,PER02412,Education Loan,31,2015-02-17,48,Repaid,SBI
REC006544,PER02412,Personal Loan,26,2025-09-09,36,Repaid,SBI
REC006545,PER02412,Education Loan,21,2010-01-05,84,Repaid,IndusInd Bank
REC006546,PER02413,Home Loan,241,2014-12-26,300,Active,Kotak Mahindra
REC006547,PER02413,Home Loan,141,2014-11-08,120,Defaulted,PNB
REC006548,PER02414,Home Loan,271,2012-03-21,120,Defaulted,Bajaj Finserv
REC006549,PER02414,Personal Loan,31,2016-12-11,24,Repaid,Axis Bank
REC006550,PER02414,Home Loan,152,2011-11-15,300,Defaulted,IDBI Bank
REC006551,PER02414,Gold Loan,8,2019-02-25,12,Repaid,Bajaj Finserv
REC006552,PER02414,Home Loan,202,2011-03-08,360,Active,IDBI Bank
REC006553,PER02415,Home Loan,114,2018-10-12,240,Repaid,SBI
REC006554,PER02415,Business Loan,134,2011-02-17,12,Active,LIC Housing Finance
REC006555,PER02415,Business Loan,71,2017-09-08,48,Repaid,IndusInd Bank
REC006556,PER02416,Education Loan,83,2020-02-01,48,Repaid,IndusInd Bank
REC006557,PER02416,Car Loan,40,2021-02-24,84,Repaid,Bajaj Finserv
REC006558,PER02417,Home Loan,151,2011-11-25,360,Active,Tata Capital
REC006559,PER02417,Gold Loan,7,2025-10-28,36,Repaid,ICICI Bank
REC006560,PER02418,Home Loan,101,2014-09-27,180,Active,IDBI Bank
REC006561,PER02418,Home Loan,242,2025-05-12,120,Active,ICICI Bank
REC006562,PER02418,Education Loan,35,2017-11-25,60,Active,Union Bank
REC006563,PER02419,Home Loan,107,2014-10-01,180,Defaulted,Tata Capital
REC006564,PER02420,Education Loan,36,2013-11-12,84,Repaid,HDFC Bank
REC006565,PER02420,Business Loan,138,2023-11-07,48,Repaid,Yes Bank
REC006566,PER02422,Home Loan,99,2013-12-28,240,Active,Tata Capital
REC006567,PER02423,Consumer Durable Loan,11,2015-10-19,48,Repaid,Bank of Baroda
REC006568,PER02423,Business Loan,66,2016-12-09,12,Active,Bajaj Finserv
REC006569,PER02423,Personal Loan,30,2012-01-04,60,Active,Kotak Mahindra
REC006570,PER02424,Education Loan,39,2018-05-23,84,Repaid,IDBI Bank
REC006571,PER02424,Home Loan,354,2013-09-07,180,Active,SBI
REC006572,PER02425,Business Loan,142,2018-01-15,36,Repaid,IDBI Bank
REC006573,PER02425,Car Loan,84,2011-12-18,60,Repaid,Bajaj Finserv
REC006574,PER02425,Home Loan,80,2017-08-24,240,Repaid,Bank of Baroda
REC006575,PER02426,Personal Loan,84,2013-09-21,48,Repaid,Yes Bank
REC006576,PER02426,Education Loan,33,2025-02-19,36,Active,IndusInd Bank
REC006577,PER02426,Home Loan,317,2018-12-25,360,Active,PNB
REC006578,PER02426,Car Loan,25,2011-05-14,84,Active,ICICI Bank
REC006579,PER02426,Business Loan,134,2023-08-07,60,Defaulted,IDBI Bank
REC006580,PER02426,Education Loan,28,2016-07-12,84,Repaid,Bajaj Finserv
REC006581,PER02426,Personal Loan,33,2025-07-27,60,Repaid,Bajaj Finserv
REC006582,PER02427,Home Loan,191,2015-07-10,300,Repaid,SBI
REC006583,PER02427,Home Loan,101,2010-06-22,120,Repaid,PNB
REC006584,PER02428,Car Loan,70,2012-09-26,36,Active,Canara Bank
REC006585,PER02429,Home Loan,148,2011-02-27,120,Repaid,SBI
REC006586,PER02430,Personal Loan,24,2016-06-01,60,Active,ICICI Bank
REC006587,PER02430,Consumer Durable Loan,2,2014-08-26,12,Repaid,Tata Capital
REC006588,PER02430,Home Loan,217,2010-04-17,180,Repaid,SBI
REC006589,PER02430,Car Loan,75,2017-05-13,48,Repaid,Axis Bank
REC006590,PER02430,Personal Loan,16,2013-10-22,36,Active,LIC Housing Finance
REC006591,PER02431,Two-Wheeler Loan,13,2014-02-02,36,Active,Bank of Baroda
REC006592,PER02431,Education Loan,72,2012-10-25,48,Repaid,PNB
REC006593,PER02432,Home Loan,113,2021-04-04,240,Defaulted,Canara Bank
REC006594,PER02432,Car Loan,80,2022-11-22,84,Defaulted,LIC Housing Finance
REC006595,PER02432,Home Loan,108,2011-09-25,300,Repaid,PNB
REC006596,PER02432,Education Loan,56,2013-04-28,48,Defaulted,PNB
REC006597,PER02432,Personal Loan,84,2017-09-26,24,Repaid,Tata Capital
REC006598,PER02432,Education Loan,31,2012-11-24,48,Repaid,PNB
REC006599,PER02432,Home Loan,221,2018-02-10,120,Repaid,Bajaj Finserv
REC006600,PER02433,Two-Wheeler Loan,1,2016-06-01,24,Repaid,Tata Capital
REC006601,PER02433,Business Loan,93,2011-04-22,48,Repaid,IDBI Bank
REC006602,PER02433,Gold Loan,4,2010-01-12,12,Repaid,Bajaj Finserv
REC006603,PER02434,Home Loan,393,2022-09-17,300,Repaid,Bank of Baroda
REC006604,PER02434,Business Loan,84,2025-08-11,24,Repaid,IndusInd Bank
REC006605,PER02434,Business Loan,91,2013-07-18,60,Repaid,Bank of Baroda
REC006606,PER02435,Home Loan,191,2016-02-27,180,Active,Bajaj Finserv
REC006607,PER02435,Education Loan,45,2013-09-23,84,Repaid,IDBI Bank
REC006608,PER02438,Personal Loan,38,2023-05-05,24,Repaid,Tata Capital
REC006609,PER02439,Gold Loan,6,2015-07-18,36,Repaid,SBI
REC006610,PER02439,Gold Loan,14,2010-02-25,24,Repaid,PNB
REC006611,PER02440,Education Loan,21,2017-04-18,60,Repaid,Bajaj Finserv
REC006612,PER02440,Education Loan,56,2010-07-17,48,Defaulted,Kotak Mahindra
REC006613,PER02440,Personal Loan,45,2017-03-21,24,Active,IndusInd Bank
REC006614,PER02440,Personal Loan,77,2018-10-21,24,Repaid,Yes Bank
REC006615,PER02440,Business Loan,90,2013-01-21,12,Repaid,PNB
REC006616,PER02441,Home Loan,248,2020-07-07,300,Repaid,ICICI Bank
REC006617,PER02441,Business Loan,60,2012-06-08,24,Repaid,Tata Capital
REC006618,PER02442,Car Loan,70,2013-07-26,84,Active,Axis Bank
REC006619,PER02442,Education Loan,44,2023-05-10,36,Active,SBI
REC006620,PER02444,Home Loan,50,2019-07-01,120,Active,ICICI Bank
REC006621,PER02444,Education Loan,23,2013-03-07,60,Defaulted,Bajaj Finserv
REC006622,PER02444,Education Loan,16,2012-01-24,36,Repaid,HDFC Bank
REC006623,PER02445,Home Loan,339,2022-04-12,360,Defaulted,ICICI Bank
REC006624,PER02445,Gold Loan,19,2010-11-08,60,Active,PNB
REC006625,PER02445,Home Loan,341,2013-07-01,180,Active,ICICI Bank
REC006626,PER02445,Car Loan,44,2021-08-26,84,Repaid,Kotak Mahindra
REC006627,PER02446,Personal Loan,70,2013-02-19,48,Active,LIC Housing Finance
REC006628,PER02446,Car Loan,50,2015-10-19,60,Defaulted,LIC Housing Finance
REC006629,PER02446,Car Loan,43,2024-08-19,36,Defaulted,Union Bank
REC006630,PER02446,Car Loan,41,2018-02-25,48,Defaulted,Yes Bank
REC006631,PER02446,Education Loan,150,2010-06-09,84,Defaulted,HDFC Bank
REC006632,PER02447,Personal Loan,31,2018-03-15,48,Active,Canara Bank
REC006633,PER02447,Home Loan,157,2021-03-28,120,Repaid,Union Bank
REC006634,PER02448,Car Loan,32,2012-04-10,60,Repaid,Tata Capital
REC006635,PER02448,Consumer Durable Loan,5,2010-03-20,24,Repaid,Yes Bank
REC006636,PER02449,Education Loan,57,2015-12-16,48,Repaid,Axis Bank
REC006637,PER02451,Education Loan,51,2011-07-16,48,Repaid,Axis Bank
REC006638,PER02451,Personal Loan,49,2019-12-06,36,Active,Tata Capital
REC006639,PER02452,Personal Loan,18,2019-03-07,60,Active,LIC Housing Finance
REC006640,PER02452,Home Loan,97,2015-02-07,180,Repaid,HDFC Bank
REC006641,PER02453,Gold Loan,11,2020-08-12,36,Active,IDBI Bank
REC006642,PER02453,Personal Loan,18,2023-07-02,60,Repaid,SBI
REC006643,PER02453,Home Loan,247,2016-04-04,180,Repaid,Tata Capital
REC006644,PER02454,Business Loan,301,2021-04-09,36,Defaulted,Bajaj Finserv
REC006645,PER02454,Car Loan,60,2014-10-15,60,Repaid,IndusInd Bank
REC006646,PER02454,Personal Loan,41,2019-12-15,36,Active,Tata Capital
REC006647,PER02454,Business Loan,147,2019-08-26,48,Repaid,Tata Capital
REC006648,PER02454,Personal Loan,63,2015-12-10,24,Repaid,ICICI Bank
REC006649,PER02454,Gold Loan,21,2014-05-02,48,Defaulted,Yes Bank
REC006650,PER02454,Personal Loan,38,2016-03-24,60,Repaid,ICICI Bank
REC006651,PER02454,Home Loan,92,2013-10-17,300,Repaid,Canara Bank
REC006652,PER02455,Personal Loan,9,2025-11-12,48,Repaid,Union Bank
REC006653,PER02455,Gold Loan,19,2017-07-08,60,Repaid,Canara Bank
REC006654,PER02456,Two-Wheeler Loan,13,2012-11-08,48,Defaulted,Yes Bank
REC006655,PER02456,Car Loan,48,2015-09-22,84,Repaid,Axis Bank
REC006656,PER02456,Consumer Durable Loan,2,2011-07-19,24,Repaid,IDBI Bank
REC006657,PER02456,Personal Loan,42,2024-09-11,60,Defaulted,Kotak Mahindra
REC006658,PER02456,Home Loan,144,2024-07-19,240,Defaulted,Tata Capital
REC006659,PER02456,Personal Loan,100,2022-12-09,60,Defaulted,Axis Bank
REC006660,PER02457,Education Loan,20,2021-08-07,84,Active,Bajaj Finserv
REC006661,PER02457,Gold Loan,11,2020-08-25,24,Repaid,PNB
REC006662,PER02457,Education Loan,70,2025-06-11,48,Active,Canara Bank
REC006663,PER02458,Two-Wheeler Loan,7,2019-06-22,48,Repaid,LIC Housing Finance
REC006664,PER02458,Home Loan,229,2025-08-21,240,Active,PNB
REC006665,PER02459,Education Loan,63,2010-06-12,84,Defaulted,PNB
REC006666,PER02459,Business Loan,108,2011-09-28,48,Defaulted,IndusInd Bank
REC006667,PER02459,Home Loan,98,2018-10-09,240,Active,SBI
REC006668,PER02460,Car Loan,43,2011-12-09,48,Repaid,Canara Bank
REC006669,PER02461,Education Loan,37,2020-10-01,84,Repaid,LIC Housing Finance
REC006670,PER02461,Two-Wheeler Loan,11,2014-01-21,60,Active,LIC Housing Finance
REC006671,PER02461,Home Loan,239,2021-02-27,300,Repaid,Union Bank
REC006672,PER02461,Home Loan,204,2016-03-15,120,Defaulted,IndusInd Bank
REC006673,PER02461,Personal Loan,31,2021-04-10,48,Defaulted,Kotak Mahindra
REC006674,PER02462,Education Loan,28,2020-04-04,60,Repaid,Axis Bank
REC006675,PER02462,Home Loan,302,2010-07-12,300,Repaid,Canara Bank
REC006676,PER02462,Home Loan,178,2015-02-15,300,Defaulted,IndusInd Bank
REC006677,PER02462,Home Loan,252,2023-08-03,120,Defaulted,Bank of Baroda
REC006678,PER02462,Home Loan,151,2018-07-18,240,Active,Union Bank
REC006679,PER02462,Personal Loan,28,2020-01-05,12,Active,SBI
REC006680,PER02462,Two-Wheeler Loan,6,2018-06-07,24,Repaid,HDFC Bank
REC006681,PER02464,Home Loan,446,2015-02-15,300,Repaid,LIC Housing Finance
REC006682,PER02464,Gold Loan,14,2013-03-05,48,Active,SBI
REC006683,PER02465,Home Loan,176,2013-04-06,180,Active,LIC Housing Finance
REC006684,PER02465,Business Loan,53,2018-09-08,12,Active,Axis Bank
REC006685,PER02465,Two-Wheeler Loan,7,2024-10-28,24,Repaid,Canara Bank
REC006686,PER02467,Home Loan,297,2014-07-03,360,Repaid,SBI
REC006687,PER02467,Home Loan,264,2014-02-04,300,Defaulted,Union Bank
REC006688,PER02467,Car Loan,99,2011-01-18,60,Active,IDBI Bank
REC006689,PER02467,Home Loan,264,2021-05-23,240,Active,Bank of Baroda
REC006690,PER02467,Business Loan,43,2019-02-21,36,Active,Axis Bank
REC006691,PER02469,Home Loan,168,2017-11-01,180,Defaulted,SBI
REC006692,PER02469,Personal Loan,20,2024-01-19,60,Repaid,HDFC Bank
REC006693,PER02469,Gold Loan,32,2021-04-03,24,Repaid,ICICI Bank
REC006694,PER02470,Car Loan,50,2025-12-20,36,Repaid,HDFC Bank
REC006695,PER02470,Personal Loan,14,2015-11-01,60,Defaulted,Union Bank
REC006696,PER02470,Two-Wheeler Loan,11,2023-11-19,36,Repaid,Union Bank
REC006697,PER02470,Personal Loan,43,2010-04-04,36,Repaid,PNB
REC006698,PER02471,Personal Loan,48,2015-08-06,48,Repaid,Axis Bank
REC006699,PER02472,Two-Wheeler Loan,3,2025-02-22,48,Repaid,Yes Bank
REC006700,PER02472,Car Loan,40,2017-02-05,36,Active,LIC Housing Finance
REC006701,PER02472,Consumer Durable Loan,11,2020-11-05,24,Active,Axis Bank
REC006702,PER02472,Home Loan,179,2018-01-17,300,Active,Bajaj Finserv
REC006703,PER02472,Business Loan,86,2021-04-13,48,Active,Kotak Mahindra
REC006704,PER02473,Education Loan,41,2025-06-14,48,Repaid,IndusInd Bank
REC006705,PER02473,Home Loan,294,2017-06-25,360,Repaid,Tata Capital
REC006706,PER02474,Personal Loan,25,2012-10-19,36,Active,Bank of Baroda
REC006707,PER02474,Home Loan,245,2015-03-02,360,Active,IDBI Bank
REC006708,PER02474,Car Loan,63,2010-12-03,84,Repaid,HDFC Bank
REC006709,PER02474,Personal Loan,27,2018-03-14,24,Defaulted,Kotak Mahindra
REC006710,PER02474,Home Loan,206,2025-03-15,360,Repaid,Bajaj Finserv
REC006711,PER02474,Home Loan,166,2021-01-15,360,Active,LIC Housing Finance
REC006712,PER02475,Personal Loan,42,2024-11-03,24,Defaulted,Axis Bank
REC006713,PER02475,Home Loan,120,2022-10-03,360,Active,PNB
REC006714,PER02476,Home Loan,62,2023-10-12,300,Repaid,Union Bank
REC006715,PER02476,Home Loan,153,2024-11-23,180,Active,Tata Capital
REC006716,PER02476,Education Loan,23,2012-08-01,48,Repaid,Axis Bank
REC006717,PER02477,Home Loan,74,2019-11-13,360,Repaid,IndusInd Bank
REC006718,PER02477,Personal Loan,62,2022-12-09,48,Active,Bajaj Finserv
REC006719,PER02477,Home Loan,122,2015-02-22,360,Defaulted,Axis Bank
REC006720,PER02477,Home Loan,633,2012-05-04,180,Active,IndusInd Bank
REC006721,PER02478,Personal Loan,22,2025-10-15,48,Repaid,IndusInd Bank
REC006722,PER02478,Education Loan,48,2020-05-16,84,Repaid,Axis Bank
REC006723,PER02478,Home Loan,213,2024-08-19,180,Repaid,Union Bank
REC006724,PER02478,Two-Wheeler Loan,3,2012-08-28,60,Repaid,PNB
REC006725,PER02478,Education Loan,33,2010-10-10,36,Repaid,Tata Capital
REC006726,PER02478,Business Loan,141,2018-09-17,48,Repaid,HDFC Bank
REC006727,PER02481,Car Loan,28,2010-07-08,60,Repaid,Kotak Mahindra
REC006728,PER02481,Business Loan,76,2024-04-24,24,Active,IDBI Bank
REC006729,PER02481,Home Loan,444,2010-06-01,300,Repaid,IndusInd Bank
REC006730,PER02482,Gold Loan,27,2015-07-25,24,Active,Canara Bank
REC006731,PER02482,Two-Wheeler Loan,9,2023-09-24,48,Active,Bank of Baroda
REC006732,PER02483,Car Loan,32,2019-10-26,48,Defaulted,SBI
REC006733,PER02484,Gold Loan,8,2015-01-18,24,Active,LIC Housing Finance
REC006734,PER02484,Education Loan,57,2016-10-04,60,Active,Kotak Mahindra
REC006735,PER02484,Education Loan,69,2020-02-20,48,Repaid,Tata Capital
REC006736,PER02485,Personal Loan,39,2013-10-22,60,Active,IDBI Bank
REC006737,PER02485,Car Loan,45,2012-03-04,36,Active,Canara Bank
REC006738,PER02485,Personal Loan,64,2011-06-15,36,Active,Tata Capital
REC006739,PER02485,Personal Loan,55,2021-05-04,24,Defaulted,IndusInd Bank
REC006740,PER02485,Education Loan,64,2025-04-22,60,Active,Tata Capital
REC006741,PER02486,Home Loan,185,2010-02-11,240,Repaid,Union Bank
REC006742,PER02486,Personal Loan,25,2023-07-26,12,Repaid,Kotak Mahindra
REC006743,PER02486,Personal Loan,34,2010-11-21,48,Active,Tata Capital
REC006744,PER02487,Two-Wheeler Loan,12,2013-08-09,12,Repaid,SBI
REC006745,PER02487,Car Loan,66,2020-12-06,48,Repaid,Union Bank
REC006746,PER02488,Business Loan,53,2018-02-10,48,Repaid,IDBI Bank
REC006747,PER02488,Car Loan,72,2017-09-28,60,Repaid,SBI
REC006748,PER02488,Education Loan,42,2013-06-17,84,Repaid,Bank of Baroda
REC006749,PER02490,Car Loan,73,2022-07-18,60,Repaid,Bank of Baroda
REC006750,PER02490,Car Loan,66,2012-01-14,36,Defaulted,HDFC Bank
REC006751,PER02491,Home Loan,234,2013-08-06,120,Defaulted,ICICI Bank
REC006752,PER02491,Personal Loan,14,2016-08-02,12,Active,Bajaj Finserv
REC006753,PER02492,Home Loan,194,2014-01-13,180,Defaulted,Union Bank
REC006754,PER02492,Home Loan,191,2015-12-24,120,Repaid,IDBI Bank
REC006755,PER02492,Car Loan,26,2011-12-25,84,Active,Yes Bank
REC006756,PER02493,Home Loan,288,2010-11-04,360,Repaid,Axis Bank
REC006757,PER02494,Car Loan,100,2022-03-05,36,Active,PNB
REC006758,PER02494,Home Loan,130,2014-09-15,240,Repaid,SBI
REC006759,PER02494,Home Loan,164,2018-03-27,360,Repaid,PNB
REC006760,PER02494,Two-Wheeler Loan,6,2013-01-09,12,Active,PNB
REC006761,PER02494,Gold Loan,9,2011-11-10,36,Repaid,LIC Housing Finance
REC006762,PER02494,Home Loan,408,2013-01-23,240,Repaid,IndusInd Bank
REC006763,PER02494,Education Loan,102,2011-08-05,48,Repaid,Kotak Mahindra
REC006764,PER02495,Personal Loan,49,2010-02-27,36,Repaid,SBI
REC006765,PER02495,Car Loan,52,2018-01-19,48,Active,LIC Housing Finance
REC006766,PER02495,Business Loan,84,2018-02-06,48,Active,IndusInd Bank
REC006767,PER02495,Car Loan,42,2016-05-04,48,Active,HDFC Bank
REC006768,PER02496,Personal Loan,66,2021-06-01,60,Defaulted,HDFC Bank
REC006769,PER02496,Business Loan,31,2018-07-06,12,Repaid,Bank of Baroda
REC006770,PER02496,Car Loan,36,2016-02-18,48,Repaid,Bank of Baroda
REC006771,PER02496,Gold Loan,10,2019-07-02,36,Active,Bank of Baroda
REC006772,PER02496,Home Loan,211,2020-09-12,240,Repaid,LIC Housing Finance
REC006773,PER02496,Home Loan,105,2017-06-06,360,Active,Yes Bank
REC006774,PER02496,Consumer Durable Loan,5,2017-02-11,12,Repaid,Yes Bank
REC006775,PER02497,Home Loan,262,2022-05-02,240,Active,LIC Housing Finance
REC006776,PER02497,Home Loan,99,2024-12-22,240,Defaulted,IndusInd Bank
REC006777,PER02498,Home Loan,232,2017-05-28,300,Repaid,IndusInd Bank
REC006778,PER02498,Education Loan,17,2012-06-09,48,Repaid,IndusInd Bank
REC006779,PER02498,Personal Loan,32,2017-09-14,36,Repaid,SBI
REC006780,PER02498,Consumer Durable Loan,10,2017-12-25,12,Active,Kotak Mahindra
REC006781,PER02498,Car Loan,65,2025-10-08,48,Active,Yes Bank
REC006782,PER02499,Gold Loan,13,2025-11-10,36,Repaid,IndusInd Bank
REC006783,PER02499,Home Loan,214,2014-12-11,360,Active,Bank of Baroda
REC006784,PER02499,Car Loan,73,2012-11-24,84,Active,SBI
REC006785,PER02499,Education Loan,64,2016-11-08,60,Active,Bank of Baroda
REC006786,PER02499,Business Loan,101,2019-06-11,48,Repaid,Union Bank
REC006787,PER02500,Personal Loan,46,2015-04-26,12,Repaid,PNB
REC006788,PER02500,Personal Loan,50,2017-08-18,36,Active,ICICI Bank
REC006789,PER02500,Business Loan,183,2024-10-06,36,Repaid,HDFC Bank
REC006790,PER02501,Consumer Durable Loan,2,2020-06-23,60,Active,Canara Bank
REC006791,PER02501,Car Loan,106,2018-06-03,60,Active,Canara Bank
REC006792,PER02501,Personal Loan,38,2020-03-15,48,Repaid,Bajaj Finserv
REC006793,PER02501,Home Loan,103,2020-09-11,360,Repaid,Bank of Baroda
REC006794,PER02502,Home Loan,304,2019-04-20,360,Repaid,Union Bank
REC006795,PER02502,Consumer Durable Loan,1,2015-03-11,48,Active,Union Bank
REC006796,PER02503,Car Loan,24,2019-12-09,48,Defaulted,Yes Bank
REC006797,PER02503,Home Loan,218,2015-05-10,180,Defaulted,Yes Bank
REC006798,PER02504,Personal Loan,8,2013-10-09,24,Active,IndusInd Bank
REC006799,PER02504,Home Loan,103,2011-06-28,120,Active,Tata Capital
REC006800,PER02504,Two-Wheeler Loan,6,2018-02-11,60,Repaid,Kotak Mahindra
REC006801,PER02504,Education Loan,53,2014-04-08,84,Repaid,PNB
REC006802,PER02504,Two-Wheeler Loan,3,2016-11-17,24,Repaid,Bajaj Finserv
REC006803,PER02504,Home Loan,50,2017-04-03,180,Repaid,Tata Capital
REC006804,PER02504,Personal Loan,31,2011-05-10,48,Repaid,Kotak Mahindra
REC006805,PER02505,Home Loan,263,2025-07-18,180,Repaid,Canara Bank
REC006806,PER02505,Home Loan,144,2015-06-11,360,Repaid,HDFC Bank
REC006807,PER02506,Gold Loan,11,2017-08-18,48,Repaid,ICICI Bank
REC006808,PER02506,Personal Loan,24,2025-09-13,48,Repaid,Canara Bank
REC006809,PER02507,Home Loan,234,2014-09-14,240,Repaid,ICICI Bank
REC006810,PER02507,Home Loan,241,2024-01-25,120,Repaid,Union Bank
REC006811,PER02508,Personal Loan,39,2019-03-04,48,Active,Union Bank
REC006812,PER02508,Consumer Durable Loan,8,2020-03-24,48,Defaulted,IDBI Bank
REC006813,PER02509,Car Loan,62,2016-02-19,84,Repaid,Yes Bank
REC006814,PER02509,Gold Loan,11,2017-03-04,48,Repaid,Union Bank
REC006815,PER02509,Car Loan,78,2012-10-26,84,Repaid,Yes Bank
REC006816,PER02509,Business Loan,181,2022-03-03,12,Repaid,Tata Capital
REC006817,PER02509,Home Loan,197,2021-07-26,360,Repaid,IndusInd Bank
REC006818,PER02510,Business Loan,53,2014-11-16,24,Active,Tata Capital
REC006819,PER02510,Personal Loan,21,2013-04-24,60,Repaid,Union Bank
REC006820,PER02510,Personal Loan,80,2015-04-02,36,Active,Kotak Mahindra
REC006821,PER02510,Car Loan,36,2020-01-13,48,Repaid,SBI
REC006822,PER02511,Personal Loan,31,2016-12-07,24,Repaid,Kotak Mahindra
REC006823,PER02512,Home Loan,134,2020-02-17,240,Defaulted,Bank of Baroda
REC006824,PER02512,Car Loan,25,2020-12-25,48,Repaid,SBI
REC006825,PER02512,Personal Loan,23,2025-04-14,60,Repaid,IndusInd Bank
REC006826,PER02513,Personal Loan,23,2023-08-10,36,Active,Tata Capital
REC006827,PER02513,Home Loan,276,2022-11-06,300,Active,Union Bank
REC006828,PER02513,Home Loan,131,2010-02-12,240,Repaid,HDFC Bank
REC006829,PER02513,Business Loan,122,2024-06-17,12,Repaid,ICICI Bank
REC006830,PER02513,Home Loan,111,2018-08-14,240,Active,Tata Capital
REC006831,PER02513,Education Loan,52,2017-07-03,60,Repaid,Bank of Baroda
REC006832,PER02515,Car Loan,53,2018-12-06,84,Active,PNB
REC006833,PER02515,Consumer Durable Loan,5,2013-10-25,36,Repaid,IndusInd Bank
REC006834,PER02515,Home Loan,383,2012-11-08,300,Repaid,LIC Housing Finance
REC006835,PER02515,Home Loan,170,2010-07-03,360,Active,SBI
REC006836,PER02516,Home Loan,62,2021-12-02,120,Active,Kotak Mahindra
REC006837,PER02516,Personal Loan,10,2025-10-07,12,Defaulted,HDFC Bank
REC006838,PER02517,Gold Loan,9,2019-09-28,60,Active,Kotak Mahindra
REC006839,PER02517,Business Loan,28,2020-06-05,48,Repaid,LIC Housing Finance
REC006840,PER02517,Education Loan,114,2013-11-23,60,Active,Tata Capital
REC006841,PER02517,Business Loan,163,2015-02-25,24,Repaid,Bajaj Finserv
REC006842,PER02517,Gold Loan,14,2024-02-28,36,Active,Union Bank
REC006843,PER02517,Home Loan,203,2011-08-20,240,Repaid,Canara Bank
REC006844,PER02517,Gold Loan,12,2024-06-04,36,Active,ICICI Bank
REC006845,PER02518,Personal Loan,40,2019-02-10,24,Defaulted,Union Bank
REC006846,PER02518,Home Loan,474,2018-10-07,360,Repaid,Yes Bank
REC006847,PER02518,Home Loan,60,2019-07-01,360,Defaulted,PNB
REC006848,PER02519,Home Loan,91,2018-04-18,360,Active,LIC Housing Finance
REC006849,PER02519,Home Loan,192,2021-05-12,180,Repaid,ICICI Bank
REC006850,PER02519,Home Loan,309,2010-05-09,180,Active,ICICI Bank
REC006851,PER02519,Gold Loan,15,2019-07-15,36,Active,SBI
REC006852,PER02519,Personal Loan,23,2014-07-19,36,Repaid,Kotak Mahindra
REC006853,PER02520,Business Loan,153,2025-06-13,36,Active,Bank of Baroda
REC006854,PER02520,Education Loan,65,2015-09-13,84,Repaid,IndusInd Bank
REC006855,PER02520,Home Loan,176,2021-03-11,300,Repaid,ICICI Bank
REC006856,PER02521,Education Loan,32,2018-11-17,84,Defaulted,Canara Bank
REC006857,PER02521,Gold Loan,15,2019-12-09,36,Active,Yes Bank
REC006858,PER02521,Home Loan,97,2019-05-08,300,Active,Axis Bank
REC006859,PER02522,Car Loan,76,2023-02-02,84,Repaid,PNB
REC006860,PER02522,Business Loan,48,2015-08-14,60,Active,Union Bank
REC006861,PER02522,Home Loan,128,2025-08-20,360,Repaid,IDBI Bank
REC006862,PER02522,Home Loan,263,2012-02-27,120,Repaid,Union Bank
REC006863,PER02523,Home Loan,80,2025-04-02,300,Repaid,Axis Bank
REC006864,PER02523,Personal Loan,26,2014-04-20,48,Repaid,Union Bank
REC006865,PER02524,Personal Loan,69,2011-10-14,36,Repaid,Bank of Baroda
REC006866,PER02524,Home Loan,232,2017-11-06,240,Active,PNB
REC006867,PER02526,Home Loan,120,2016-03-23,300,Repaid,Bajaj Finserv
REC006868,PER02526,Personal Loan,17,2018-11-16,60,Repaid,IDBI Bank
REC006869,PER02527,Home Loan,192,2025-01-10,180,Defaulted,ICICI Bank
REC006870,PER02527,Car Loan,58,2023-01-19,48,Defaulted,PNB
REC006871,PER02527,Car Loan,51,2019-05-27,60,Repaid,Yes Bank
REC006872,PER02527,Personal Loan,100,2017-12-20,36,Active,Bank of Baroda
REC006873,PER02528,Home Loan,119,2025-03-09,240,Repaid,SBI
REC006874,PER02528,Home Loan,63,2023-04-17,120,Repaid,HDFC Bank
REC006875,PER02528,Personal Loan,77,2010-09-24,12,Repaid,HDFC Bank
REC006876,PER02529,Education Loan,24,2010-10-16,48,Repaid,HDFC Bank
REC006877,PER02529,Gold Loan,8,2016-12-05,60,Active,HDFC Bank
REC006878,PER02529,Home Loan,222,2011-02-25,180,Defaulted,PNB
REC006879,PER02529,Car Loan,48,2025-10-13,84,Defaulted,PNB
REC006880,PER02530,Car Loan,58,2016-08-19,60,Defaulted,Bank of Baroda
REC006881,PER02530,Personal Loan,32,2012-02-19,24,Defaulted,Canara Bank
REC006882,PER02530,Home Loan,230,2023-09-08,300,Defaulted,Axis Bank
REC006883,PER02531,Personal Loan,54,2011-08-11,48,Repaid,ICICI Bank
REC006884,PER02531,Education Loan,13,2022-11-10,36,Defaulted,Yes Bank
REC006885,PER02531,Education Loan,69,2022-08-08,84,Repaid,IDBI Bank
REC006886,PER02532,Consumer Durable Loan,7,2017-09-23,36,Defaulted,Bajaj Finserv
REC006887,PER02533,Personal Loan,25,2012-06-08,48,Repaid,Bajaj Finserv
REC006888,PER02533,Two-Wheeler Loan,5,2012-05-11,48,Repaid,SBI
REC006889,PER02534,Home Loan,308,2020-07-24,180,Active,IDBI Bank
REC006890,PER02534,Home Loan,125,2011-08-18,120,Repaid,Union Bank
REC006891,PER02535,Car Loan,94,2013-06-25,84,Active,Bajaj Finserv
REC006892,PER02535,Home Loan,695,2018-03-27,240,Active,Bajaj Finserv
REC006893,PER02535,Education Loan,35,2018-10-23,48,Repaid,Tata Capital
REC006894,PER02535,Car Loan,65,2025-01-12,36,Repaid,Union Bank
REC006895,PER02535,Business Loan,77,2016-05-08,60,Repaid,Tata Capital
REC006896,PER02535,Car Loan,41,2019-03-22,84,Defaulted,SBI
REC006897,PER02538,Personal Loan,26,2020-09-11,60,Active,IndusInd Bank
REC006898,PER02538,Home Loan,215,2010-11-13,180,Active,Tata Capital
REC006899,PER02538,Personal Loan,37,2023-11-05,48,Repaid,PNB
REC006900,PER02539,Education Loan,41,2012-04-07,60,Defaulted,ICICI Bank
REC006901,PER02539,Personal Loan,72,2015-08-20,12,Defaulted,LIC Housing Finance
REC006902,PER02539,Gold Loan,6,2019-07-01,36,Active,ICICI Bank
REC006903,PER02539,Car Loan,82,2024-03-13,36,Repaid,SBI
REC006904,PER02539,Personal Loan,29,2023-02-17,36,Active,Canara Bank
REC006905,PER02539,Education Loan,46,2021-01-13,84,Repaid,Bank of Baroda
REC006906,PER02539,Home Loan,186,2023-07-06,120,Repaid,Tata Capital
REC006907,PER02540,Personal Loan,68,2021-01-02,12,Repaid,Kotak Mahindra
REC006908,PER02540,Education Loan,43,2025-04-19,48,Active,Canara Bank
REC006909,PER02540,Education Loan,45,2010-06-13,48,Active,Tata Capital
REC006910,PER02540,Car Loan,147,2013-12-06,60,Repaid,ICICI Bank
REC006911,PER02540,Personal Loan,33,2020-02-26,12,Repaid,LIC Housing Finance
REC006912,PER02541,Car Loan,46,2011-11-03,48,Active,HDFC Bank
REC006913,PER02541,Car Loan,85,2018-03-19,60,Active,Axis Bank
REC006914,PER02542,Business Loan,62,2011-08-06,12,Repaid,IndusInd Bank
REC006915,PER02542,Two-Wheeler Loan,6,2016-10-23,36,Repaid,ICICI Bank
REC006916,PER02543,Personal Loan,43,2019-12-12,36,Repaid,HDFC Bank
REC006917,PER02543,Home Loan,179,2021-06-25,120,Active,Yes Bank
REC006918,PER02543,Education Loan,21,2013-09-20,48,Repaid,IDBI Bank
REC006919,PER02544,Home Loan,87,2014-06-22,180,Defaulted,IndusInd Bank
REC006920,PER02544,Business Loan,139,2015-08-06,24,Repaid,Yes Bank
REC006921,PER02544,Home Loan,176,2013-10-17,180,Defaulted,Bank of Baroda
REC006922,PER02544,Home Loan,80,2024-05-08,360,Repaid,Axis Bank
REC006923,PER02545,Personal Loan,69,2019-01-09,60,Repaid,SBI
REC006924,PER02545,Car Loan,58,2016-01-18,48,Repaid,LIC Housing Finance
REC006925,PER02546,Education Loan,84,2021-05-11,36,Active,Axis Bank
REC006926,PER02546,Business Loan,168,2025-11-20,12,Repaid,PNB
REC006927,PER02547,Home Loan,111,2020-09-15,240,Repaid,Kotak Mahindra
REC006928,PER02547,Personal Loan,25,2021-05-10,24,Repaid,HDFC Bank
REC006929,PER02547,Car Loan,90,2018-12-27,48,Repaid,Bank of Baroda
REC006930,PER02547,Business Loan,28,2025-08-06,24,Repaid,Bank of Baroda
REC006931,PER02547,Personal Loan,43,2018-10-12,48,Repaid,Axis Bank
REC006932,PER02547,Two-Wheeler Loan,6,2015-10-07,48,Repaid,Canara Bank
REC006933,PER02548,Personal Loan,100,2011-05-19,24,Repaid,SBI
REC006934,PER02548,Business Loan,74,2024-06-04,48,Active,HDFC Bank
REC006935,PER02548,Home Loan,310,2021-07-28,120,Repaid,IndusInd Bank
REC006936,PER02549,Gold Loan,11,2022-06-04,12,Active,Axis Bank
REC006937,PER02549,Education Loan,110,2022-03-27,84,Active,Tata Capital
REC006938,PER02549,Home Loan,137,2013-09-28,240,Active,IDBI Bank
REC006939,PER02551,Personal Loan,100,2018-07-16,36,Active,IndusInd Bank
REC006940,PER02551,Home Loan,121,2012-07-11,240,Active,PNB
REC006941,PER02551,Personal Loan,38,2017-08-10,24,Repaid,IDBI Bank
REC006942,PER02551,Personal Loan,57,2022-04-15,36,Active,ICICI Bank
REC006943,PER02551,Home Loan,142,2013-06-15,120,Repaid,SBI
REC006944,PER02552,Car Loan,49,2020-02-22,84,Defaulted,Tata Capital
REC006945,PER02552,Personal Loan,59,2019-04-24,12,Repaid,Tata Capital
REC006946,PER02552,Personal Loan,40,2021-01-12,24,Active,SBI
REC006947,PER02553,Car Loan,55,2016-01-26,84,Repaid,Tata Capital
REC006948,PER02554,Personal Loan,13,2013-12-17,12,Repaid,ICICI Bank
REC006949,PER02554,Gold Loan,18,2022-02-28,60,Repaid,Tata Capital
REC006950,PER02554,Car Loan,53,2019-03-02,48,Repaid,IDBI Bank
REC006951,PER02555,Personal Loan,94,2021-08-15,60,Repaid,PNB
REC006952,PER02555,Car Loan,23,2017-08-12,36,Repaid,PNB
REC006953,PER02556,Personal Loan,57,2022-09-19,24,Repaid,Canara Bank
REC006954,PER02556,Home Loan,115,2014-07-03,120,Repaid,Bajaj Finserv
REC006955,PER02557,Personal Loan,41,2018-07-28,24,Repaid,LIC Housing Finance
REC006956,PER02557,Home Loan,455,2011-03-06,360,Active,HDFC Bank
REC006957,PER02557,Gold Loan,14,2015-12-04,24,Repaid,IDBI Bank
REC006958,PER02558,Car Loan,30,2022-07-25,84,Defaulted,Bank of Baroda
REC006959,PER02558,Car Loan,44,2021-08-11,48,Defaulted,Bank of Baroda
REC006960,PER02558,Personal Loan,100,2012-03-06,48,Defaulted,Kotak Mahindra
REC006961,PER02558,Personal Loan,67,2018-07-22,60,Repaid,HDFC Bank
REC006962,PER02558,Home Loan,140,2025-12-06,120,Repaid,Tata Capital
REC006963,PER02559,Personal Loan,15,2021-01-12,60,Active,IndusInd Bank
REC006964,PER02559,Home Loan,256,2024-09-23,240,Active,Bajaj Finserv
REC006965,PER02560,Personal Loan,22,2013-07-08,24,Repaid,Tata Capital
REC006966,PER02560,Home Loan,102,2024-04-25,120,Repaid,PNB
REC006967,PER02561,Personal Loan,50,2014-10-18,48,Active,Bajaj Finserv
REC006968,PER02561,Business Loan,37,2010-07-13,24,Active,IDBI Bank
REC006969,PER02561,Home Loan,84,2012-03-17,300,Active,Union Bank
REC006970,PER02561,Home Loan,54,2018-09-24,180,Repaid,IDBI Bank
REC006971,PER02562,Home Loan,131,2010-10-10,120,Repaid,Axis Bank
REC006972,PER02563,Personal Loan,59,2014-08-06,12,Repaid,SBI
REC006973,PER02563,Gold Loan,10,2019-10-22,12,Defaulted,Union Bank
REC006974,PER02563,Home Loan,295,2022-08-01,180,Active,Yes Bank
REC006975,PER02564,Home Loan,234,2015-04-04,180,Repaid,Axis Bank
REC006976,PER02564,Home Loan,128,2013-01-20,240,Repaid,Yes Bank
REC006977,PER02565,Home Loan,222,2011-01-15,360,Defaulted,Bank of Baroda
REC006978,PER02566,Home Loan,252,2020-04-05,360,Repaid,Tata Capital
REC006979,PER02567,Home Loan,130,2024-07-12,120,Repaid,Kotak Mahindra
REC006980,PER02567,Education Loan,72,2010-10-10,84,Active,Union Bank
REC006981,PER02567,Education Loan,62,2013-11-23,48,Repaid,Union Bank
REC006982,PER02568,Gold Loan,17,2010-07-13,24,Defaulted,Axis Bank
REC006983,PER02568,Personal Loan,9,2014-09-15,48,Defaulted,Canara Bank
REC006984,PER02568,Home Loan,112,2025-06-11,120,Defaulted,PNB
REC006985,PER02569,Business Loan,48,2012-02-07,60,Repaid,Yes Bank
REC006986,PER02570,Home Loan,238,2023-04-27,300,Repaid,Canara Bank
REC006987,PER02570,Car Loan,69,2015-08-04,84,Defaulted,PNB
REC006988,PER02570,Home Loan,265,2024-03-14,360,Repaid,LIC Housing Finance
REC006989,PER02570,Home Loan,303,2017-08-06,300,Active,Bank of Baroda
REC006990,PER02571,Education Loan,65,2014-11-18,84,Active,Kotak Mahindra
REC006991,PER02572,Personal Loan,63,2019-02-27,48,Repaid,Bank of Baroda
REC006992,PER02572,Home Loan,270,2014-07-05,360,Repaid,LIC Housing Finance
REC006993,PER02573,Education Loan,37,2016-06-09,60,Repaid,LIC Housing Finance
REC006994,PER02573,Car Loan,53,2015-09-12,36,Active,HDFC Bank
REC006995,PER02574,Home Loan,176,2023-06-28,300,Active,Bajaj Finserv
REC006996,PER02574,Personal Loan,24,2013-03-17,48,Active,PNB
REC006997,PER02575,Education Loan,12,2023-07-20,48,Repaid,PNB
REC006998,PER02575,Business Loan,121,2020-10-08,12,Repaid,IDBI Bank
REC006999,PER02575,Home Loan,216,2021-11-08,240,Repaid,IDBI Bank
REC007000,PER02575,Personal Loan,55,2023-06-03,36,Active,PNB
REC007001,PER02575,Education Loan,86,2021-12-17,60,Repaid,IDBI Bank
REC007002,PER02576,Car Loan,22,2016-01-24,60,Repaid,Canara Bank
REC007003,PER02577,Home Loan,324,2016-02-27,360,Active,HDFC Bank
REC007004,PER02577,Gold Loan,9,2018-12-18,12,Repaid,Kotak Mahindra
REC007005,PER02578,Business Loan,155,2018-07-05,48,Active,Bajaj Finserv
REC007006,PER02578,Education Loan,58,2011-03-23,60,Defaulted,Bajaj Finserv
REC007007,PER02578,Two-Wheeler Loan,3,2018-04-12,60,Repaid,Canara Bank
REC007008,PER02578,Car Loan,63,2017-01-14,60,Active,IndusInd Bank
REC007009,PER02579,Education Loan,42,2013-01-12,60,Active,HDFC Bank
REC007010,PER02579,Personal Loan,27,2016-11-25,48,Active,LIC Housing Finance
REC007011,PER02580,Business Loan,82,2023-10-16,48,Repaid,Bank of Baroda
REC007012,PER02580,Home Loan,113,2023-07-19,120,Defaulted,HDFC Bank
REC007013,PER02580,Education Loan,117,2021-08-09,60,Repaid,ICICI Bank
REC007014,PER02581,Personal Loan,26,2015-04-02,36,Repaid,IDBI Bank
REC007015,PER02581,Education Loan,82,2024-07-09,48,Repaid,Axis Bank
REC007016,PER02582,Home Loan,600,2010-10-27,240,Active,LIC Housing Finance
REC007017,PER02582,Home Loan,181,2016-09-09,360,Repaid,Yes Bank
REC007018,PER02582,Personal Loan,29,2020-05-07,60,Repaid,Tata Capital
REC007019,PER02582,Home Loan,249,2014-11-26,300,Active,Bajaj Finserv
REC007020,PER02583,Home Loan,116,2012-07-05,240,Active,HDFC Bank
REC007021,PER02583,Personal Loan,17,2023-06-19,24,Repaid,IndusInd Bank
REC007022,PER02583,Home Loan,109,2023-01-14,180,Active,Union Bank
REC007023,PER02584,Business Loan,124,2016-07-03,24,Repaid,IndusInd Bank
REC007024,PER02584,Home Loan,80,2012-06-19,240,Active,Kotak Mahindra
REC007025,PER02584,Education Loan,23,2018-06-27,36,Defaulted,IndusInd Bank
REC007026,PER02584,Car Loan,30,2014-06-16,60,Active,IndusInd Bank
REC007027,PER02584,Home Loan,259,2018-02-12,360,Repaid,Kotak Mahindra
REC007028,PER02585,Home Loan,66,2015-07-19,300,Active,ICICI Bank
REC007029,PER02585,Personal Loan,39,2010-07-04,36,Active,Tata Capital
REC007030,PER02585,Business Loan,50,2025-02-05,24,Repaid,HDFC Bank
REC007031,PER02585,Two-Wheeler Loan,3,2016-01-24,24,Defaulted,Axis Bank
REC007032,PER02586,Education Loan,58,2019-05-01,60,Repaid,HDFC Bank
REC007033,PER02586,Personal Loan,33,2022-04-22,24,Active,LIC Housing Finance
REC007034,PER02586,Home Loan,130,2013-12-02,300,Repaid,Bajaj Finserv
REC007035,PER02586,Personal Loan,72,2023-09-16,12,Repaid,Kotak Mahindra
REC007036,PER02587,Education Loan,23,2015-07-05,84,Active,Union Bank
REC007037,PER02588,Home Loan,95,2023-03-26,300,Defaulted,HDFC Bank
REC007038,PER02588,Car Loan,53,2014-02-20,60,Active,Yes Bank
REC007039,PER02589,Business Loan,96,2013-02-19,12,Active,LIC Housing Finance
REC007040,PER02589,Car Loan,59,2025-10-07,60,Repaid,LIC Housing Finance
REC007041,PER02589,Personal Loan,73,2023-07-22,12,Active,Bank of Baroda
REC007042,PER02589,Personal Loan,45,2014-02-20,36,Active,Tata Capital
REC007043,PER02589,Car Loan,33,2020-09-27,48,Repaid,LIC Housing Finance
REC007044,PER02589,Consumer Durable Loan,3,2011-03-11,48,Defaulted,Axis Bank
REC007045,PER02589,Personal Loan,18,2012-01-22,24,Defaulted,Bank of Baroda
REC007046,PER02589,Two-Wheeler Loan,5,2012-11-13,12,Defaulted,LIC Housing Finance
REC007047,PER02591,Car Loan,38,2016-03-14,84,Defaulted,Yes Bank
REC007048,PER02591,Education Loan,60,2025-06-18,48,Active,PNB
REC007049,PER02592,Personal Loan,16,2018-05-25,60,Defaulted,Kotak Mahindra
REC007050,PER02594,Home Loan,744,2015-01-14,360,Active,PNB
REC007051,PER02595,Two-Wheeler Loan,3,2015-03-05,12,Repaid,Bank of Baroda
REC007052,PER02595,Home Loan,258,2014-04-18,300,Repaid,HDFC Bank
REC007053,PER02596,Gold Loan,13,2014-11-17,36,Repaid,Yes Bank
REC007054,PER02596,Personal Loan,22,2025-05-11,48,Active,Axis Bank
REC007055,PER02597,Personal Loan,5,2020-11-14,36,Repaid,Yes Bank
REC007056,PER02598,Personal Loan,28,2024-07-26,60,Repaid,Bajaj Finserv
REC007057,PER02599,Home Loan,133,2015-09-16,240,Active,IndusInd Bank
REC007058,PER02599,Business Loan,149,2019-03-09,60,Repaid,Bank of Baroda
REC007059,PER02599,Personal Loan,100,2013-10-27,48,Defaulted,IndusInd Bank
REC007060,PER02600,Education Loan,92,2016-04-21,60,Active,Axis Bank
REC007061,PER02600,Business Loan,23,2021-10-02,60,Active,Kotak Mahindra
REC007062,PER02600,Personal Loan,67,2015-01-28,36,Active,Tata Capital
REC007063,PER02600,Business Loan,195,2025-03-10,12,Repaid,IDBI Bank
REC007064,PER02601,Personal Loan,25,2025-04-18,60,Repaid,Canara Bank
REC007065,PER02601,Personal Loan,48,2021-11-17,48,Repaid,Axis Bank
REC007066,PER02601,Two-Wheeler Loan,6,2012-05-13,36,Active,Tata Capital
REC007067,PER02601,Personal Loan,16,2010-11-13,48,Repaid,Bank of Baroda
REC007068,PER02601,Two-Wheeler Loan,4,2017-05-11,48,Repaid,Bank of Baroda
REC007069,PER02602,Home Loan,50,2021-05-07,240,Repaid,Canara Bank
REC007070,PER02603,Personal Loan,41,2016-04-04,36,Active,ICICI Bank
REC007071,PER02603,Personal Loan,20,2018-03-05,36,Repaid,Bank of Baroda
REC007072,PER02603,Car Loan,54,2019-05-24,36,Active,Kotak Mahindra
REC007073,PER02603,Education Loan,48,2020-10-12,36,Defaulted,IDBI Bank
REC007074,PER02603,Personal Loan,30,2021-06-16,24,Repaid,IDBI Bank
REC007075,PER02603,Home Loan,63,2019-06-26,240,Repaid,IDBI Bank
REC007076,PER02604,Education Loan,27,2025-08-26,60,Repaid,Canara Bank
REC007077,PER02604,Personal Loan,17,2021-03-11,48,Repaid,Bajaj Finserv
REC007078,PER02604,Personal Loan,40,2015-12-10,60,Repaid,Kotak Mahindra
REC007079,PER02605,Home Loan,191,2015-02-18,300,Repaid,Union Bank
REC007080,PER02605,Personal Loan,54,2022-02-09,24,Repaid,HDFC Bank
REC007081,PER02605,Personal Loan,65,2020-07-10,60,Repaid,ICICI Bank
REC007082,PER02606,Personal Loan,41,2014-05-19,36,Active,LIC Housing Finance
REC007083,PER02606,Personal Loan,43,2023-04-27,36,Active,Bank of Baroda
REC007084,PER02607,Personal Loan,84,2019-01-03,12,Active,Yes Bank
REC007085,PER02608,Home Loan,311,2019-06-13,360,Repaid,Axis Bank
REC007086,PER02608,Home Loan,190,2016-05-18,240,Repaid,IDBI Bank
REC007087,PER02608,Home Loan,157,2023-06-06,360,Repaid,LIC Housing Finance
REC007088,PER02608,Car Loan,34,2024-05-11,48,Repaid,Bajaj Finserv
REC007089,PER02608,Two-Wheeler Loan,13,2025-02-13,60,Defaulted,Bank of Baroda
REC007090,PER02609,Personal Loan,71,2015-01-09,48,Repaid,Tata Capital
REC007091,PER02609,Business Loan,20,2012-06-17,36,Repaid,Tata Capital
REC007092,PER02609,Gold Loan,5,2020-08-18,60,Repaid,LIC Housing Finance
REC007093,PER02610,Home Loan,265,2023-04-02,120,Repaid,PNB
REC007094,PER02610,Car Loan,61,2016-05-21,48,Repaid,HDFC Bank
REC007095,PER02610,Car Loan,60,2014-04-08,84,Repaid,PNB
REC007096,PER02611,Education Loan,60,2021-05-18,84,Repaid,Bank of Baroda
REC007097,PER02611,Car Loan,32,2012-12-28,48,Defaulted,HDFC Bank
REC007098,PER02611,Home Loan,335,2013-02-10,360,Repaid,PNB
REC007099,PER02611,Education Loan,77,2011-04-02,84,Defaulted,Kotak Mahindra
REC007100,PER02611,Car Loan,36,2022-12-26,60,Repaid,Union Bank
REC007101,PER02612,Gold Loan,18,2022-06-20,24,Repaid,Kotak Mahindra
REC007102,PER02612,Business Loan,34,2019-06-02,48,Repaid,SBI
REC007103,PER02613,Car Loan,21,2014-10-18,36,Active,LIC Housing Finance
REC007104,PER02614,Gold Loan,10,2024-12-21,12,Active,Canara Bank
REC007105,PER02614,Business Loan,193,2011-05-08,24,Repaid,ICICI Bank
REC007106,PER02615,Gold Loan,18,2024-04-08,24,Defaulted,PNB
REC007107,PER02615,Business Loan,164,2010-09-13,24,Repaid,IndusInd Bank
REC007108,PER02615,Home Loan,90,2017-09-23,300,Repaid,Kotak Mahindra
REC007109,PER02616,Home Loan,237,2021-09-19,240,Repaid,Kotak Mahindra
REC007110,PER02617,Personal Loan,26,2010-07-06,60,Repaid,PNB
REC007111,PER02617,Home Loan,239,2025-05-02,180,Active,IndusInd Bank
REC007112,PER02619,Gold Loan,6,2012-10-28,36,Active,Union Bank
REC007113,PER02619,Personal Loan,38,2012-04-02,12,Defaulted,IndusInd Bank
REC007114,PER02620,Personal Loan,27,2010-02-13,24,Repaid,Bajaj Finserv
REC007115,PER02620,Home Loan,368,2010-07-23,360,Active,Yes Bank
REC007116,PER02621,Car Loan,66,2010-06-12,36,Active,Bank of Baroda
REC007117,PER02621,Car Loan,34,2022-01-16,60,Repaid,HDFC Bank
REC007118,PER02621,Car Loan,44,2019-12-17,36,Repaid,Canara Bank
REC007119,PER02621,Home Loan,163,2023-04-24,360,Repaid,Kotak Mahindra
REC007120,PER02621,Home Loan,251,2022-09-27,360,Active,IDBI Bank
REC007121,PER02622,Business Loan,365,2024-10-13,36,Active,ICICI Bank
REC007122,PER02622,Home Loan,175,2023-03-13,240,Active,IndusInd Bank
REC007123,PER02623,Home Loan,353,2022-01-19,240,Active,HDFC Bank
REC007124,PER02623,Gold Loan,14,2013-03-24,48,Defaulted,IndusInd Bank
REC007125,PER02623,Education Loan,34,2011-02-15,36,Repaid,Kotak Mahindra
REC007126,PER02624,Personal Loan,60,2023-06-21,60,Active,HDFC Bank
REC007127,PER02624,Car Loan,37,2012-03-02,36,Active,Kotak Mahindra
REC007128,PER02624,Car Loan,40,2018-10-16,60,Repaid,IDBI Bank
REC007129,PER02625,Consumer Durable Loan,5,2017-07-23,36,Repaid,Yes Bank
REC007130,PER02625,Home Loan,138,2010-06-26,360,Repaid,SBI
REC007131,PER02625,Education Loan,80,2024-02-02,84,Repaid,IDBI Bank
REC007132,PER02625,Personal Loan,58,2020-12-02,36,Repaid,Yes Bank
REC007133,PER02625,Education Loan,28,2016-05-23,48,Repaid,Canara Bank
REC007134,PER02626,Personal Loan,25,2015-08-20,24,Repaid,Yes Bank
REC007135,PER02626,Home Loan,114,2018-03-03,180,Active,PNB
REC007136,PER02626,Home Loan,170,2017-10-12,120,Repaid,HDFC Bank
REC007137,PER02626,Home Loan,277,2016-12-28,120,Repaid,Union Bank
REC007138,PER02626,Home Loan,252,2011-12-04,120,Repaid,Yes Bank
REC007139,PER02628,Gold Loan,11,2013-03-10,36,Defaulted,Tata Capital
REC007140,PER02628,Consumer Durable Loan,4,2015-08-06,24,Active,Bajaj Finserv
REC007141,PER02628,Car Loan,50,2016-07-23,84,Active,Bajaj Finserv
REC007142,PER02628,Home Loan,265,2023-04-18,360,Defaulted,SBI
REC007143,PER02629,Home Loan,365,2011-12-13,180,Active,Canara Bank
REC007144,PER02630,Home Loan,173,2015-12-26,300,Repaid,IDBI Bank
REC007145,PER02630,Education Loan,23,2023-11-06,84,Repaid,Kotak Mahindra
REC007146,PER02631,Home Loan,121,2012-06-20,120,Repaid,Bank of Baroda
REC007147,PER02632,Home Loan,84,2015-12-04,180,Active,Axis Bank
REC007148,PER02633,Personal Loan,24,2018-09-16,12,Active,ICICI Bank
REC007149,PER02633,Personal Loan,11,2021-05-14,12,Repaid,Bajaj Finserv
REC007150,PER02633,Home Loan,114,2020-12-09,300,Defaulted,IDBI Bank
REC007151,PER02634,Home Loan,246,2015-03-15,180,Repaid,Canara Bank
REC007152,PER02634,Personal Loan,13,2017-07-20,12,Repaid,PNB
REC007153,PER02635,Personal Loan,69,2017-03-09,36,Active,HDFC Bank
REC007154,PER02635,Home Loan,187,2018-09-07,120,Repaid,ICICI Bank
REC007155,PER02636,Home Loan,96,2024-01-02,180,Active,Yes Bank
REC007156,PER02637,Home Loan,152,2011-10-17,120,Active,IDBI Bank
REC007157,PER02637,Car Loan,84,2018-05-12,60,Repaid,SBI
REC007158,PER02637,Car Loan,37,2011-11-20,48,Repaid,Canara Bank
REC007159,PER02637,Car Loan,40,2022-08-15,48,Active,SBI
REC007160,PER02637,Car Loan,71,2018-01-25,48,Repaid,Yes Bank
REC007161,PER02637,Car Loan,85,2019-11-24,60,Repaid,Bank of Baroda
REC007162,PER02638,Personal Loan,36,2020-05-03,48,Repaid,Bajaj Finserv
REC007163,PER02638,Home Loan,139,2020-02-01,360,Repaid,SBI
REC007164,PER02638,Home Loan,120,2017-07-07,120,Repaid,IndusInd Bank
REC007165,PER02638,Home Loan,296,2010-10-21,360,Repaid,Axis Bank
REC007166,PER02639,Personal Loan,24,2015-10-13,36,Repaid,Yes Bank
REC007167,PER02639,Personal Loan,73,2025-07-08,24,Defaulted,Bajaj Finserv
REC007168,PER02640,Home Loan,184,2023-06-12,240,Active,HDFC Bank
REC007169,PER02640,Personal Loan,36,2018-08-04,12,Repaid,Kotak Mahindra
REC007170,PER02640,Car Loan,76,2023-10-10,48,Repaid,Canara Bank
REC007171,PER02641,Car Loan,71,2025-12-05,60,Repaid,HDFC Bank
REC007172,PER02642,Personal Loan,44,2014-04-25,48,Repaid,LIC Housing Finance
REC007173,PER02642,Personal Loan,20,2022-07-08,60,Repaid,SBI
REC007174,PER02642,Education Loan,28,2011-12-20,84,Defaulted,PNB
REC007175,PER02642,Consumer Durable Loan,8,2021-11-04,60,Active,IDBI Bank
REC007176,PER02643,Car Loan,47,2017-01-18,84,Defaulted,HDFC Bank
REC007177,PER02643,Personal Loan,41,2019-12-24,36,Active,Kotak Mahindra
REC007178,PER02643,Education Loan,30,2018-10-21,36,Defaulted,Canara Bank
REC007179,PER02643,Education Loan,53,2022-05-22,36,Defaulted,IDBI Bank
REC007180,PER02643,Personal Loan,39,2017-07-22,24,Defaulted,SBI
REC007181,PER02644,Education Loan,68,2010-09-23,36,Repaid,Yes Bank
REC007182,PER02644,Home Loan,184,2014-02-25,300,Repaid,HDFC Bank
REC007183,PER02645,Home Loan,155,2019-10-02,180,Active,Canara Bank
REC007184,PER02645,Home Loan,405,2013-08-15,120,Repaid,Axis Bank
REC007185,PER02645,Personal Loan,14,2016-01-23,60,Active,LIC Housing Finance
REC007186,PER02645,Home Loan,304,2019-07-06,360,Repaid,HDFC Bank
REC007187,PER02647,Consumer Durable Loan,7,2016-02-06,36,Active,ICICI Bank
REC007188,PER02647,Home Loan,302,2017-07-23,120,Active,Bank of Baroda
REC007189,PER02647,Business Loan,149,2012-08-08,12,Active,Yes Bank
REC007190,PER02648,Personal Loan,34,2023-04-28,60,Repaid,Union Bank
REC007191,PER02648,Home Loan,95,2011-11-01,120,Repaid,ICICI Bank
REC007192,PER02648,Personal Loan,27,2020-01-25,36,Repaid,Bank of Baroda
REC007193,PER02649,Education Loan,32,2023-01-25,36,Repaid,Union Bank
REC007194,PER02650,Personal Loan,85,2011-10-04,60,Defaulted,Bajaj Finserv
REC007195,PER02651,Home Loan,182,2014-03-21,240,Active,ICICI Bank
REC007196,PER02651,Home Loan,76,2022-05-05,120,Repaid,Union Bank
REC007197,PER02651,Home Loan,165,2020-06-25,120,Repaid,SBI
REC007198,PER02651,Home Loan,240,2010-01-04,180,Active,IndusInd Bank
REC007199,PER02652,Home Loan,239,2010-05-20,360,Active,SBI
REC007200,PER02652,Car Loan,23,2019-09-16,36,Active,Bank of Baroda
REC007201,PER02653,Car Loan,39,2020-05-13,48,Repaid,Yes Bank
REC007202,PER02653,Home Loan,131,2022-10-03,120,Repaid,Kotak Mahindra
REC007203,PER02653,Personal Loan,17,2011-05-02,12,Repaid,Axis Bank
REC007204,PER02653,Education Loan,36,2017-02-28,60,Repaid,IDBI Bank
REC007205,PER02654,Gold Loan,11,2010-07-15,48,Repaid,Canara Bank
REC007206,PER02655,Personal Loan,35,2022-08-25,36,Defaulted,LIC Housing Finance
REC007207,PER02655,Home Loan,167,2020-09-26,180,Active,Yes Bank
REC007208,PER02655,Personal Loan,71,2018-08-24,36,Repaid,IDBI Bank
REC007209,PER02655,Home Loan,130,2011-08-21,240,Active,Yes Bank
REC007210,PER02655,Education Loan,100,2021-05-06,36,Defaulted,Tata Capital
REC007211,PER02656,Personal Loan,41,2018-04-09,36,Repaid,Canara Bank
REC007212,PER02656,Personal Loan,17,2012-09-03,36,Defaulted,Bank of Baroda
REC007213,PER02657,Personal Loan,28,2018-07-28,12,Repaid,SBI
REC007214,PER02657,Education Loan,29,2025-01-19,36,Defaulted,LIC Housing Finance
REC007215,PER02657,Personal Loan,49,2013-12-02,12,Repaid,Tata Capital
REC007216,PER02657,Business Loan,39,2019-04-16,24,Active,ICICI Bank
REC007217,PER02659,Personal Loan,32,2019-09-03,60,Repaid,HDFC Bank
REC007218,PER02660,Education Loan,61,2020-05-25,84,Active,Axis Bank
REC007219,PER02660,Gold Loan,21,2014-10-10,36,Active,Yes Bank
REC007220,PER02660,Home Loan,461,2013-10-02,240,Defaulted,IndusInd Bank
REC007221,PER02661,Two-Wheeler Loan,5,2022-12-24,48,Active,LIC Housing Finance
REC007222,PER02661,Education Loan,59,2023-03-15,84,Repaid,Bank of Baroda
REC007223,PER02662,Two-Wheeler Loan,11,2011-09-21,36,Active,Canara Bank
REC007224,PER02663,Personal Loan,16,2021-03-20,48,Active,ICICI Bank
REC007225,PER02664,Home Loan,152,2016-04-24,360,Defaulted,IndusInd Bank
REC007226,PER02664,Personal Loan,29,2014-10-07,12,Defaulted,Union Bank
REC007227,PER02665,Home Loan,133,2021-12-01,240,Repaid,ICICI Bank
REC007228,PER02665,Gold Loan,19,2025-01-13,48,Repaid,Bank of Baroda
REC007229,PER02665,Home Loan,63,2018-04-06,180,Repaid,Bank of Baroda
REC007230,PER02666,Education Loan,29,2016-10-02,48,Defaulted,Bank of Baroda
REC007231,PER02666,Personal Loan,28,2011-06-02,24,Active,Kotak Mahindra
REC007232,PER02667,Personal Loan,64,2012-02-13,24,Defaulted,Bank of Baroda
REC007233,PER02667,Personal Loan,38,2023-05-19,24,Defaulted,Bank of Baroda
REC007234,PER02668,Personal Loan,46,2022-09-12,24,Repaid,Bajaj Finserv
REC007235,PER02668,Business Loan,24,2025-05-26,36,Repaid,IDBI Bank
REC007236,PER02669,Home Loan,216,2018-10-22,240,Active,SBI
REC007237,PER02670,Gold Loan,16,2023-09-21,60,Defaulted,LIC Housing Finance
REC007238,PER02670,Car Loan,64,2013-06-09,48,Active,SBI
REC007239,PER02670,Home Loan,268,2019-04-24,180,Active,IDBI Bank
REC007240,PER02671,Home Loan,121,2010-01-21,240,Repaid,Axis Bank
REC007241,PER02671,Business Loan,67,2015-09-28,48,Repaid,Bajaj Finserv
REC007242,PER02671,Business Loan,39,2013-12-24,24,Repaid,IDBI Bank
REC007243,PER02671,Home Loan,219,2023-09-13,180,Repaid,Axis Bank
REC007244,PER02672,Car Loan,54,2024-08-24,36,Repaid,Canara Bank
REC007245,PER02672,Car Loan,74,2024-10-12,84,Repaid,SBI
REC007246,PER02672,Business Loan,65,2019-04-03,24,Repaid,Kotak Mahindra
REC007247,PER02673,Two-Wheeler Loan,25,2015-11-24,48,Repaid,Axis Bank
REC007248,PER02673,Home Loan,272,2023-01-01,360,Repaid,SBI
REC007249,PER02673,Home Loan,135,2020-03-15,240,Repaid,Yes Bank
REC007250,PER02674,Gold Loan,23,2010-04-23,24,Repaid,IDBI Bank
REC007251,PER02674,Personal Loan,50,2015-12-08,12,Active,ICICI Bank
REC007252,PER02675,Car Loan,90,2016-12-19,60,Active,ICICI Bank
REC007253,PER02675,Personal Loan,100,2012-01-13,24,Defaulted,IDBI Bank
REC007254,PER02675,Car Loan,49,2023-07-26,84,Active,Axis Bank
REC007255,PER02676,Personal Loan,61,2023-02-02,36,Repaid,Bank of Baroda
REC007256,PER02676,Home Loan,300,2012-10-11,240,Active,SBI
REC007257,PER02676,Home Loan,350,2021-07-17,300,Active,Bajaj Finserv
REC007258,PER02676,Education Loan,67,2019-01-11,36,Repaid,Bank of Baroda
REC007259,PER02677,Home Loan,100,2018-05-22,240,Defaulted,HDFC Bank
REC007260,PER02677,Personal Loan,23,2015-11-07,48,Defaulted,Axis Bank
REC007261,PER02678,Personal Loan,84,2018-11-22,48,Repaid,SBI
REC007262,PER02678,Home Loan,192,2018-01-01,360,Defaulted,Kotak Mahindra
REC007263,PER02678,Education Loan,20,2012-07-14,36,Repaid,Canara Bank
REC007264,PER02678,Personal Loan,60,2024-10-06,24,Active,Union Bank
REC007265,PER02680,Consumer Durable Loan,8,2024-04-01,36,Repaid,Yes Bank
REC007266,PER02681,Personal Loan,30,2020-02-25,48,Active,Axis Bank
REC007267,PER02681,Gold Loan,12,2015-07-01,48,Defaulted,Bajaj Finserv
REC007268,PER02681,Education Loan,73,2019-02-14,84,Repaid,ICICI Bank
REC007269,PER02681,Home Loan,88,2025-10-10,360,Defaulted,Canara Bank
REC007270,PER02681,Personal Loan,29,2022-04-15,24,Active,Canara Bank
REC007271,PER02682,Personal Loan,47,2024-09-18,36,Active,Bank of Baroda
REC007272,PER02682,Business Loan,119,2010-08-17,12,Active,LIC Housing Finance
REC007273,PER02683,Home Loan,92,2025-02-16,360,Repaid,Yes Bank
REC007274,PER02683,Personal Loan,12,2017-07-16,60,Repaid,Union Bank
REC007275,PER02683,Business Loan,20,2012-11-09,12,Repaid,Canara Bank
REC007276,PER02685,Business Loan,299,2012-03-14,60,Repaid,Union Bank
REC007277,PER02685,Two-Wheeler Loan,2,2022-01-27,24,Repaid,Tata Capital
REC007278,PER02686,Gold Loan,14,2018-01-27,48,Repaid,Tata Capital
REC007279,PER02687,Personal Loan,52,2018-04-20,12,Defaulted,IndusInd Bank
REC007280,PER02687,Home Loan,212,2013-07-14,120,Repaid,Axis Bank
REC007281,PER02688,Personal Loan,35,2014-06-09,48,Active,PNB
REC007282,PER02689,Home Loan,179,2012-03-04,360,Active,Tata Capital
REC007283,PER02689,Car Loan,36,2012-06-08,36,Active,SBI
REC007284,PER02689,Personal Loan,43,2013-04-09,12,Repaid,ICICI Bank
REC007285,PER02689,Personal Loan,41,2014-08-20,36,Active,Canara Bank
REC007286,PER02690,Car Loan,48,2013-05-22,36,Active,Kotak Mahindra
REC007287,PER02690,Personal Loan,55,2010-06-28,36,Repaid,Bank of Baroda
REC007288,PER02690,Business Loan,96,2021-03-02,48,Repaid,Bajaj Finserv
REC007289,PER02690,Home Loan,98,2013-11-08,180,Active,Canara Bank
REC007290,PER02691,Education Loan,32,2022-08-20,36,Active,LIC Housing Finance
REC007291,PER02692,Car Loan,101,2024-08-01,60,Repaid,SBI
REC007292,PER02692,Personal Loan,36,2013-03-08,48,Repaid,SBI
REC007293,PER02693,Car Loan,55,2025-11-20,60,Repaid,IDBI Bank
REC007294,PER02693,Personal Loan,100,2023-04-25,60,Repaid,Union Bank
REC007295,PER02693,Personal Loan,51,2022-04-12,48,Active,ICICI Bank
REC007296,PER02693,Home Loan,75,2019-12-26,360,Repaid,LIC Housing Finance
REC007297,PER02693,Business Loan,69,2011-08-23,36,Active,Union Bank
REC007298,PER02695,Car Loan,59,2024-03-01,60,Active,ICICI Bank
REC007299,PER02695,Personal Loan,38,2025-10-28,12,Repaid,LIC Housing Finance
REC007300,PER02695,Personal Loan,48,2020-01-24,48,Active,Tata Capital
REC007301,PER02695,Car Loan,95,2023-06-07,60,Repaid,SBI
REC007302,PER02695,Car Loan,55,2013-05-10,84,Repaid,Union Bank
REC007303,PER02695,Business Loan,163,2024-04-12,12,Repaid,PNB
REC007304,PER02697,Personal Loan,18,2019-07-21,12,Defaulted,LIC Housing Finance
REC007305,PER02697,Home Loan,220,2024-09-14,240,Repaid,IndusInd Bank
REC007306,PER02698,Personal Loan,40,2022-09-04,48,Active,Canara Bank
REC007307,PER02698,Home Loan,257,2020-05-02,120,Repaid,SBI
REC007308,PER02698,Home Loan,124,2012-05-17,300,Defaulted,Union Bank
REC007309,PER02698,Personal Loan,91,2012-04-04,60,Defaulted,PNB
REC007310,PER02698,Home Loan,96,2017-03-08,240,Repaid,Yes Bank
REC007311,PER02699,Business Loan,56,2012-02-04,12,Repaid,SBI
REC007312,PER02699,Personal Loan,51,2010-06-14,60,Repaid,ICICI Bank
REC007313,PER02699,Car Loan,45,2013-10-16,48,Active,Kotak Mahindra
REC007314,PER02699,Personal Loan,54,2020-04-15,48,Active,Canara Bank
REC007315,PER02699,Personal Loan,51,2024-03-08,60,Repaid,Yes Bank
REC007316,PER02700,Car Loan,54,2013-08-28,48,Repaid,SBI
REC007317,PER02700,Personal Loan,57,2012-09-05,60,Active,IDBI Bank
REC007318,PER02700,Car Loan,104,2011-09-07,36,Repaid,LIC Housing Finance
REC007319,PER02701,Home Loan,176,2017-07-03,360,Active,Tata Capital
REC007320,PER02701,Car Loan,69,2017-01-24,48,Active,Tata Capital
REC007321,PER02701,Home Loan,181,2011-05-12,120,Active,Canara Bank
REC007322,PER02702,Home Loan,278,2018-07-16,180,Defaulted,Axis Bank
REC007323,PER02702,Home Loan,169,2024-09-04,180,Defaulted,PNB
REC007324,PER02702,Home Loan,87,2019-01-26,180,Repaid,Bank of Baroda
REC007325,PER02702,Home Loan,255,2024-02-10,180,Active,Bank of Baroda
REC007326,PER02702,Gold Loan,16,2014-06-22,24,Defaulted,Bank of Baroda
REC007327,PER02703,Home Loan,213,2010-04-09,240,Repaid,HDFC Bank
REC007328,PER02704,Education Loan,19,2013-02-05,48,Repaid,Yes Bank
REC007329,PER02704,Home Loan,123,2020-01-01,180,Active,Tata Capital
REC007330,PER02704,Home Loan,209,2010-03-03,300,Defaulted,Bajaj Finserv
REC007331,PER02704,Gold Loan,50,2020-06-07,24,Active,Tata Capital
REC007332,PER02704,Personal Loan,45,2025-08-27,12,Repaid,ICICI Bank
REC007333,PER02704,Consumer Durable Loan,4,2010-12-13,60,Defaulted,HDFC Bank
REC007334,PER02705,Personal Loan,33,2015-03-16,36,Repaid,Tata Capital
REC007335,PER02705,Home Loan,214,2019-09-16,180,Repaid,Axis Bank
REC007336,PER02705,Consumer Durable Loan,16,2025-04-14,48,Repaid,SBI
REC007337,PER02705,Car Loan,39,2012-05-18,36,Repaid,Yes Bank
REC007338,PER02705,Home Loan,244,2017-05-27,120,Active,HDFC Bank
REC007339,PER02706,Home Loan,264,2015-06-07,120,Active,SBI
REC007340,PER02706,Business Loan,127,2011-10-27,60,Active,Kotak Mahindra
REC007341,PER02706,Home Loan,158,2016-08-18,180,Active,IDBI Bank
REC007342,PER02706,Business Loan,50,2015-06-17,24,Active,PNB
REC007343,PER02706,Personal Loan,25,2024-07-12,12,Repaid,ICICI Bank
REC007344,PER02707,Home Loan,291,2017-07-07,120,Repaid,Canara Bank
REC007345,PER02707,Education Loan,21,2017-06-08,36,Repaid,Axis Bank
REC007346,PER02708,Car Loan,107,2024-09-01,60,Repaid,Bajaj Finserv
REC007347,PER02708,Gold Loan,30,2014-02-05,12,Repaid,Tata Capital
REC007348,PER02709,Home Loan,140,2011-07-03,360,Defaulted,Kotak Mahindra
REC007349,PER02709,Gold Loan,10,2021-07-24,36,Repaid,Kotak Mahindra
REC007350,PER02710,Personal Loan,56,2022-02-01,48,Repaid,Bajaj Finserv
REC007351,PER02710,Personal Loan,93,2021-03-03,12,Repaid,Tata Capital
REC007352,PER02711,Car Loan,58,2011-07-24,48,Defaulted,Canara Bank
REC007353,PER02711,Personal Loan,34,2019-06-08,12,Defaulted,IndusInd Bank
REC007354,PER02712,Home Loan,217,2019-02-03,240,Repaid,Union Bank
REC007355,PER02712,Home Loan,232,2021-08-18,360,Active,Bank of Baroda
REC007356,PER02714,Home Loan,100,2024-03-18,360,Repaid,Yes Bank
REC007357,PER02714,Car Loan,20,2020-08-08,84,Repaid,IndusInd Bank
REC007358,PER02714,Car Loan,47,2014-02-09,84,Repaid,ICICI Bank
REC007359,PER02715,Education Loan,70,2010-07-07,48,Defaulted,Yes Bank
REC007360,PER02715,Personal Loan,26,2015-04-21,60,Defaulted,SBI
REC007361,PER02715,Home Loan,87,2025-03-21,360,Active,Axis Bank
REC007362,PER02716,Home Loan,298,2023-04-10,360,Repaid,IndusInd Bank
REC007363,PER02717,Business Loan,119,2022-08-23,48,Defaulted,LIC Housing Finance
REC007364,PER02717,Home Loan,227,2016-11-18,120,Active,Axis Bank
REC007365,PER02717,Education Loan,80,2018-09-23,36,Defaulted,Bajaj Finserv
REC007366,PER02718,Car Loan,49,2011-05-10,84,Active,Canara Bank
REC007367,PER02718,Education Loan,33,2025-09-19,84,Repaid,Tata Capital
REC007368,PER02718,Home Loan,131,2012-10-07,180,Repaid,LIC Housing Finance
REC007369,PER02719,Personal Loan,20,2015-04-12,12,Active,Tata Capital
REC007370,PER02720,Gold Loan,16,2024-03-15,48,Repaid,Kotak Mahindra
REC007371,PER02721,Home Loan,360,2024-01-05,240,Repaid,PNB
REC007372,PER02722,Home Loan,65,2022-09-17,300,Active,HDFC Bank
REC007373,PER02722,Gold Loan,16,2015-05-03,36,Repaid,Bajaj Finserv
REC007374,PER02722,Personal Loan,13,2011-08-02,24,Repaid,SBI
REC007375,PER02722,Personal Loan,15,2023-06-05,60,Repaid,Tata Capital
REC007376,PER02722,Education Loan,90,2020-09-13,36,Repaid,SBI
REC007377,PER02723,Home Loan,161,2019-03-26,180,Active,Canara Bank
REC007378,PER02723,Car Loan,27,2011-01-05,84,Repaid,Bank of Baroda
REC007379,PER02723,Car Loan,34,2025-10-03,84,Repaid,IDBI Bank
REC007380,PER02724,Home Loan,154,2017-06-06,120,Active,Kotak Mahindra
REC007381,PER02725,Home Loan,87,2018-10-05,360,Active,Yes Bank
REC007382,PER02725,Home Loan,188,2024-01-09,120,Repaid,Yes Bank
REC007383,PER02725,Car Loan,53,2012-09-11,84,Repaid,LIC Housing Finance
REC007384,PER02726,Home Loan,230,2018-02-26,120,Repaid,Tata Capital
REC007385,PER02726,Business Loan,136,2024-07-28,48,Repaid,SBI
REC007386,PER02726,Consumer Durable Loan,14,2011-09-02,60,Repaid,Kotak Mahindra
REC007387,PER02726,Car Loan,44,2022-11-14,60,Repaid,Tata Capital
REC007388,PER02727,Gold Loan,21,2016-11-20,48,Repaid,HDFC Bank
REC007389,PER02727,Two-Wheeler Loan,4,2019-08-02,24,Repaid,Bank of Baroda
REC007390,PER02728,Personal Loan,25,2011-11-01,60,Defaulted,IDBI Bank
REC007391,PER02728,Personal Loan,10,2019-11-08,60,Defaulted,Bank of Baroda
REC007392,PER02728,Home Loan,187,2017-02-04,300,Repaid,Tata Capital
REC007393,PER02729,Education Loan,21,2016-12-28,84,Active,Yes Bank
REC007394,PER02729,Home Loan,342,2024-11-03,180,Repaid,LIC Housing Finance
REC007395,PER02730,Education Loan,64,2019-07-19,36,Active,HDFC Bank
REC007396,PER02730,Two-Wheeler Loan,10,2014-11-13,24,Repaid,SBI
REC007397,PER02730,Education Loan,19,2015-02-01,60,Active,Canara Bank
REC007398,PER02730,Business Loan,52,2016-10-06,60,Active,Canara Bank
REC007399,PER02730,Business Loan,157,2014-06-22,12,Active,ICICI Bank
REC007400,PER02731,Personal Loan,34,2025-01-21,48,Repaid,IDBI Bank
REC007401,PER02731,Personal Loan,41,2025-08-19,60,Active,Axis Bank
REC007402,PER02732,Home Loan,62,2020-03-11,120,Defaulted,Union Bank
REC007403,PER02732,Personal Loan,17,2021-08-21,48,Defaulted,Union Bank
REC007404,PER02732,Car Loan,55,2020-10-12,84,Active,IDBI Bank
REC007405,PER02732,Personal Loan,23,2021-09-05,24,Active,LIC Housing Finance
REC007406,PER02732,Home Loan,104,2015-10-22,180,Defaulted,Bajaj Finserv
REC007407,PER02732,Personal Loan,91,2024-02-14,36,Active,Kotak Mahindra
REC007408,PER02733,Home Loan,98,2012-11-18,240,Active,HDFC Bank
REC007409,PER02733,Car Loan,52,2024-12-21,48,Defaulted,Tata Capital
REC007410,PER02734,Education Loan,47,2023-03-01,36,Repaid,HDFC Bank
REC007411,PER02734,Home Loan,187,2021-03-01,120,Active,Axis Bank
REC007412,PER02734,Two-Wheeler Loan,4,2013-08-17,48,Defaulted,ICICI Bank
REC007413,PER02734,Home Loan,328,2025-12-26,120,Active,LIC Housing Finance
REC007414,PER02734,Personal Loan,57,2019-05-07,24,Repaid,PNB
REC007415,PER02734,Two-Wheeler Loan,14,2013-12-13,24,Repaid,LIC Housing Finance
REC007416,PER02734,Personal Loan,16,2016-06-17,48,Repaid,IDBI Bank
REC007417,PER02735,Two-Wheeler Loan,6,2018-03-22,24,Defaulted,SBI
REC007418,PER02736,Gold Loan,8,2023-08-28,24,Repaid,HDFC Bank
REC007419,PER02736,Personal Loan,8,2019-09-15,48,Repaid,IndusInd Bank
REC007420,PER02736,Gold Loan,11,2024-05-02,24,Repaid,ICICI Bank
REC007421,PER02737,Car Loan,65,2018-12-13,60,Active,Bajaj Finserv
REC007422,PER02738,Home Loan,159,2016-10-12,180,Repaid,PNB
REC007423,PER02738,Home Loan,210,2025-01-04,300,Defaulted,Axis Bank
REC007424,PER02739,Personal Loan,30,2014-07-15,60,Defaulted,Axis Bank
REC007425,PER02740,Personal Loan,29,2012-01-19,36,Active,Tata Capital
REC007426,PER02741,Education Loan,40,2015-04-16,48,Defaulted,PNB
REC007427,PER02741,Home Loan,165,2013-09-18,120,Active,Yes Bank
REC007428,PER02742,Car Loan,58,2021-11-26,48,Active,Tata Capital
REC007429,PER02742,Home Loan,104,2021-05-16,180,Defaulted,Kotak Mahindra
REC007430,PER02743,Education Loan,30,2018-09-12,36,Defaulted,IndusInd Bank
REC007431,PER02743,Home Loan,311,2018-07-02,300,Defaulted,IDBI Bank
REC007432,PER02743,Business Loan,128,2023-02-28,48,Repaid,LIC Housing Finance
REC007433,PER02744,Home Loan,458,2011-11-24,240,Active,Axis Bank
REC007434,PER02744,Education Loan,35,2021-12-07,36,Repaid,HDFC Bank
REC007435,PER02744,Home Loan,179,2011-11-23,180,Active,ICICI Bank
REC007436,PER02744,Home Loan,161,2022-03-08,180,Repaid,Yes Bank
REC007437,PER02745,Personal Loan,82,2025-11-25,12,Repaid,Union Bank
REC007438,PER02745,Personal Loan,36,2025-11-14,48,Repaid,HDFC Bank
REC007439,PER02745,Home Loan,152,2024-02-16,300,Repaid,LIC Housing Finance
REC007440,PER02746,Home Loan,231,2016-07-11,300,Active,LIC Housing Finance
REC007441,PER02746,Personal Loan,33,2011-08-06,12,Repaid,IndusInd Bank
REC007442,PER02747,Car Loan,78,2016-09-26,36,Active,LIC Housing Finance
REC007443,PER02748,Education Loan,30,2023-11-23,48,Active,LIC Housing Finance
REC007444,PER02748,Education Loan,21,2011-01-21,36,Active,Kotak Mahindra
REC007445,PER02749,Home Loan,180,2024-02-03,180,Repaid,PNB
REC007446,PER02750,Home Loan,157,2014-06-10,300,Active,Canara Bank
REC007447,PER02751,Personal Loan,23,2017-10-09,36,Repaid,Canara Bank
REC007448,PER02751,Consumer Durable Loan,7,2012-12-18,12,Active,Tata Capital
REC007449,PER02752,Personal Loan,17,2015-07-14,48,Active,Canara Bank
REC007450,PER02753,Home Loan,151,2011-12-07,240,Repaid,SBI
REC007451,PER02753,Consumer Durable Loan,4,2014-01-08,48,Repaid,HDFC Bank
REC007452,PER02753,Home Loan,162,2016-12-28,120,Active,Tata Capital
REC007453,PER02753,Personal Loan,70,2017-11-20,60,Active,Axis Bank
REC007454,PER02753,Business Loan,127,2019-10-13,24,Repaid,Union Bank
REC007455,PER02753,Business Loan,99,2015-10-05,48,Repaid,Union Bank
REC007456,PER02753,Education Loan,48,2012-04-01,84,Repaid,IDBI Bank
REC007457,PER02754,Home Loan,180,2010-10-15,300,Defaulted,Tata Capital
REC007458,PER02754,Home Loan,175,2023-08-10,180,Repaid,Axis Bank
REC007459,PER02754,Home Loan,187,2015-09-18,360,Repaid,IndusInd Bank
REC007460,PER02756,Car Loan,43,2012-03-07,36,Repaid,HDFC Bank
REC007461,PER02756,Personal Loan,93,2020-02-28,36,Repaid,Union Bank
REC007462,PER02757,Home Loan,119,2015-06-28,300,Repaid,Bajaj Finserv
REC007463,PER02757,Home Loan,164,2021-08-05,120,Repaid,Axis Bank
REC007464,PER02758,Home Loan,254,2020-08-25,300,Repaid,Axis Bank
REC007465,PER02759,Gold Loan,4,2018-10-02,12,Active,Union Bank
REC007466,PER02759,Personal Loan,47,2020-02-27,48,Repaid,LIC Housing Finance
REC007467,PER02760,Personal Loan,18,2014-04-25,60,Repaid,Canara Bank
REC007468,PER02761,Home Loan,230,2010-10-20,180,Repaid,Axis Bank
REC007469,PER02761,Personal Loan,43,2019-12-19,36,Defaulted,PNB
REC007470,PER02761,Two-Wheeler Loan,3,2015-12-20,36,Active,Yes Bank
REC007471,PER02762,Home Loan,277,2012-06-24,120,Repaid,Kotak Mahindra
REC007472,PER02762,Education Loan,64,2018-10-12,60,Repaid,SBI
REC007473,PER02762,Personal Loan,34,2017-11-26,60,Repaid,SBI
REC007474,PER02762,Car Loan,129,2025-07-16,84,Repaid,Axis Bank
REC007475,PER02762,Two-Wheeler Loan,7,2014-06-18,12,Defaulted,Canara Bank
REC007476,PER02762,Personal Loan,48,2011-09-06,36,Repaid,ICICI Bank
REC007477,PER02763,Personal Loan,59,2025-12-09,36,Repaid,LIC Housing Finance
REC007478,PER02763,Education Loan,35,2017-03-18,36,Repaid,Yes Bank
REC007479,PER02763,Home Loan,136,2020-01-26,180,Active,SBI
REC007480,PER02763,Home Loan,249,2021-12-02,300,Active,Canara Bank
REC007481,PER02763,Education Loan,25,2012-01-26,48,Repaid,Kotak Mahindra
REC007482,PER02764,Home Loan,135,2014-05-13,120,Repaid,Bajaj Finserv
REC007483,PER02764,Home Loan,198,2021-01-14,360,Active,PNB
REC007484,PER02764,Business Loan,41,2020-09-28,24,Defaulted,Yes Bank
REC007485,PER02764,Personal Loan,79,2023-05-24,60,Defaulted,Axis Bank
REC007486,PER02764,Business Loan,64,2025-09-22,24,Defaulted,Canara Bank
REC007487,PER02764,Two-Wheeler Loan,5,2019-11-02,36,Defaulted,ICICI Bank
REC007488,PER02765,Two-Wheeler Loan,2,2013-11-23,36,Active,Bajaj Finserv
REC007489,PER02765,Personal Loan,57,2025-03-11,24,Repaid,ICICI Bank
REC007490,PER02766,Personal Loan,17,2017-09-03,12,Active,IndusInd Bank
REC007491,PER02766,Business Loan,117,2025-08-11,12,Repaid,ICICI Bank
REC007492,PER02766,Business Loan,118,2017-07-05,60,Defaulted,IDBI Bank
REC007493,PER02767,Personal Loan,84,2021-11-18,24,Repaid,Yes Bank
REC007494,PER02770,Gold Loan,15,2024-08-16,60,Repaid,Bajaj Finserv
REC007495,PER02770,Two-Wheeler Loan,6,2018-11-15,60,Repaid,PNB
REC007496,PER02771,Car Loan,53,2024-12-05,60,Repaid,Bajaj Finserv
REC007497,PER02771,Home Loan,244,2014-12-04,240,Repaid,SBI
REC007498,PER02773,Home Loan,149,2010-10-03,240,Repaid,Bank of Baroda
REC007499,PER02773,Business Loan,30,2022-12-19,60,Repaid,Union Bank
REC007500,PER02774,Education Loan,15,2022-04-17,60,Active,Axis Bank
REC007501,PER02774,Car Loan,58,2016-04-11,84,Repaid,Canara Bank
REC007502,PER02774,Education Loan,19,2019-12-22,84,Defaulted,PNB
REC007503,PER02775,Home Loan,206,2023-02-13,360,Repaid,Canara Bank
REC007504,PER02776,Personal Loan,15,2020-06-23,48,Repaid,IndusInd Bank
REC007505,PER02777,Car Loan,99,2025-02-12,36,Repaid,Bajaj Finserv
REC007506,PER02777,Home Loan,211,2025-04-24,300,Defaulted,Bajaj Finserv
REC007507,PER02778,Car Loan,64,2024-11-24,60,Active,PNB
REC007508,PER02778,Home Loan,220,2017-01-22,180,Active,IDBI Bank
REC007509,PER02779,Home Loan,164,2018-02-21,120,Repaid,IndusInd Bank
REC007510,PER02779,Car Loan,34,2024-06-22,36,Repaid,Bajaj Finserv
REC007511,PER02780,Home Loan,154,2010-12-11,300,Active,LIC Housing Finance
REC007512,PER02780,Personal Loan,30,2016-10-04,36,Repaid,Bank of Baroda
REC007513,PER02781,Gold Loan,13,2022-03-26,24,Active,Yes Bank
REC007514,PER02781,Personal Loan,81,2015-12-01,36,Repaid,Yes Bank
REC007515,PER02781,Consumer Durable Loan,6,2025-02-23,12,Repaid,Axis Bank
REC007516,PER02782,Consumer Durable Loan,7,2023-03-24,12,Repaid,PNB
REC007517,PER02782,Home Loan,202,2023-06-05,360,Repaid,Yes Bank
REC007518,PER02782,Business Loan,39,2021-02-28,60,Active,SBI
REC007519,PER02783,Home Loan,361,2014-12-02,120,Active,Canara Bank
REC007520,PER02783,Home Loan,359,2012-08-05,240,Repaid,Axis Bank
REC007521,PER02783,Car Loan,51,2020-04-04,60,Repaid,Kotak Mahindra
REC007522,PER02783,Personal Loan,26,2012-01-11,60,Repaid,Bank of Baroda
REC007523,PER02783,Personal Loan,23,2010-04-10,24,Active,Yes Bank
REC007524,PER02784,Personal Loan,15,2021-03-03,24,Repaid,HDFC Bank
REC007525,PER02784,Education Loan,24,2020-07-08,84,Repaid,PNB
REC007526,PER02784,Car Loan,39,2013-07-15,60,Repaid,Axis Bank
REC007527,PER02784,Home Loan,433,2017-11-05,120,Active,Bajaj Finserv
REC007528,PER02785,Business Loan,218,2018-10-19,12,Repaid,Bajaj Finserv
REC007529,PER02786,Consumer Durable Loan,5,2021-12-16,48,Repaid,Tata Capital
REC007530,PER02786,Consumer Durable Loan,8,2012-11-15,60,Repaid,Kotak Mahindra
REC007531,PER02788,Two-Wheeler Loan,5,2025-12-20,24,Repaid,Bajaj Finserv
REC007532,PER02788,Home Loan,142,2013-11-03,360,Defaulted,Kotak Mahindra
REC007533,PER02788,Education Loan,43,2010-10-16,84,Active,IDBI Bank
REC007534,PER02788,Personal Loan,28,2011-10-22,36,Active,ICICI Bank
REC007535,PER02788,Business Loan,98,2017-10-18,48,Active,Bajaj Finserv
REC007536,PER02789,Home Loan,176,2012-01-28,180,Repaid,Bank of Baroda
REC007537,PER02789,Personal Loan,23,2010-06-01,48,Defaulted,Yes Bank
REC007538,PER02789,Business Loan,153,2018-01-05,12,Repaid,IDBI Bank
REC007539,PER02789,Gold Loan,24,2022-03-12,36,Active,LIC Housing Finance
REC007540,PER02789,Home Loan,133,2010-04-21,240,Repaid,SBI
REC007541,PER02789,Car Loan,45,2019-10-22,36,Repaid,IDBI Bank
REC007542,PER02789,Personal Loan,18,2014-08-26,24,Repaid,IDBI Bank
REC007543,PER02789,Personal Loan,38,2019-04-08,24,Repaid,SBI
REC007544,PER02790,Home Loan,409,2015-06-09,360,Defaulted,LIC Housing Finance
REC007545,PER02790,Car Loan,57,2025-03-16,84,Repaid,Axis Bank
REC007546,PER02790,Home Loan,119,2015-12-17,300,Defaulted,IndusInd Bank
REC007547,PER02791,Home Loan,193,2015-10-28,300,Active,ICICI Bank
REC007548,PER02791,Home Loan,144,2016-11-25,180,Defaulted,Yes Bank
REC007549,PER02791,Home Loan,177,2024-01-03,240,Defaulted,Kotak Mahindra
REC007550,PER02792,Home Loan,158,2021-06-23,360,Repaid,Bank of Baroda
REC007551,PER02793,Consumer Durable Loan,2,2022-12-20,24,Repaid,ICICI Bank
REC007552,PER02793,Two-Wheeler Loan,4,2019-05-25,48,Active,Kotak Mahindra
REC007553,PER02794,Home Loan,125,2025-08-14,180,Defaulted,IndusInd Bank
REC007554,PER02794,Personal Loan,31,2013-01-10,24,Repaid,Canara Bank
REC007555,PER02794,Home Loan,163,2017-06-19,180,Repaid,HDFC Bank
REC007556,PER02795,Home Loan,159,2011-01-10,180,Active,Bajaj Finserv
REC007557,PER02796,Home Loan,65,2025-03-15,240,Active,ICICI Bank
REC007558,PER02796,Personal Loan,30,2017-05-04,12,Repaid,IndusInd Bank
REC007559,PER02796,Home Loan,201,2020-07-20,360,Active,SBI
REC007560,PER02796,Car Loan,108,2023-04-02,36,Repaid,Tata Capital
REC007561,PER02796,Education Loan,16,2012-09-25,48,Repaid,PNB
REC007562,PER02796,Home Loan,111,2012-09-21,180,Repaid,Tata Capital
REC007563,PER02797,Personal Loan,44,2024-12-01,24,Active,HDFC Bank
REC007564,PER02797,Car Loan,62,2025-09-18,48,Active,Canara Bank
REC007565,PER02797,Car Loan,63,2024-10-15,48,Active,Canara Bank
REC007566,PER02797,Car Loan,40,2014-11-24,84,Active,Tata Capital
REC007567,PER02798,Home Loan,197,2019-06-01,120,Repaid,Axis Bank
REC007568,PER02798,Business Loan,31,2016-07-25,48,Active,Union Bank
REC007569,PER02799,Car Loan,89,2019-01-10,48,Repaid,Yes Bank
REC007570,PER02799,Personal Loan,12,2023-06-06,12,Repaid,PNB
REC007571,PER02799,Business Loan,108,2021-01-09,36,Repaid,Bajaj Finserv
REC007572,PER02799,Car Loan,48,2018-10-18,48,Active,IDBI Bank
REC007573,PER02799,Home Loan,447,2021-06-27,240,Repaid,Union Bank
REC007574,PER02801,Personal Loan,62,2016-04-01,24,Defaulted,Tata Capital
REC007575,PER02801,Two-Wheeler Loan,9,2022-10-10,48,Defaulted,Canara Bank
REC007576,PER02801,Personal Loan,50,2013-11-12,60,Defaulted,Canara Bank
REC007577,PER02802,Home Loan,133,2024-09-03,300,Repaid,Bajaj Finserv
REC007578,PER02802,Personal Loan,33,2021-11-09,24,Repaid,Kotak Mahindra
REC007579,PER02802,Car Loan,81,2016-09-14,48,Repaid,Union Bank
REC007580,PER02803,Personal Loan,47,2022-04-01,12,Active,LIC Housing Finance
REC007581,PER02803,Home Loan,244,2018-01-12,300,Defaulted,Canara Bank
REC007582,PER02803,Car Loan,57,2022-03-06,48,Defaulted,Bajaj Finserv
REC007583,PER02803,Car Loan,58,2015-02-11,84,Active,Bajaj Finserv
REC007584,PER02804,Home Loan,60,2021-05-22,240,Repaid,Union Bank
REC007585,PER02804,Home Loan,148,2018-07-19,360,Active,Union Bank
REC007586,PER02804,Education Loan,35,2022-05-17,60,Defaulted,HDFC Bank
REC007587,PER02804,Personal Loan,26,2014-10-20,36,Defaulted,IDBI Bank
REC007588,PER02805,Education Loan,58,2021-05-18,60,Repaid,Bank of Baroda
REC007589,PER02805,Two-Wheeler Loan,2,2013-05-17,60,Repaid,PNB
REC007590,PER02805,Home Loan,234,2016-04-03,180,Repaid,Union Bank
REC007591,PER02807,Home Loan,57,2021-02-03,240,Active,Bajaj Finserv
REC007592,PER02807,Personal Loan,64,2018-09-07,60,Active,Yes Bank
REC007593,PER02807,Car Loan,67,2017-08-15,36,Active,Kotak Mahindra
REC007594,PER02807,Car Loan,37,2011-03-22,48,Repaid,IDBI Bank
REC007595,PER02807,Personal Loan,38,2021-05-27,24,Repaid,IDBI Bank
REC007596,PER02807,Personal Loan,46,2017-09-03,48,Active,Axis Bank
REC007597,PER02807,Home Loan,192,2017-07-20,180,Repaid,HDFC Bank
REC007598,PER02807,Home Loan,165,2014-07-28,120,Repaid,HDFC Bank
REC007599,PER02808,Gold Loan,14,2012-08-17,24,Active,SBI
REC007600,PER02808,Gold Loan,9,2021-09-28,24,Repaid,Kotak Mahindra
REC007601,PER02808,Consumer Durable Loan,7,2022-08-16,24,Active,Union Bank
REC007602,PER02808,Home Loan,233,2021-10-15,300,Repaid,Tata Capital
REC007603,PER02809,Personal Loan,17,2024-09-16,12,Repaid,ICICI Bank
REC007604,PER02809,Education Loan,68,2013-05-19,48,Defaulted,HDFC Bank
REC007605,PER02810,Consumer Durable Loan,4,2015-10-22,60,Repaid,Kotak Mahindra
REC007606,PER02810,Gold Loan,14,2021-06-14,12,Repaid,SBI
REC007607,PER02810,Gold Loan,17,2022-03-03,36,Defaulted,IndusInd Bank
REC007608,PER02811,Personal Loan,15,2022-01-04,12,Active,PNB
REC007609,PER02811,Business Loan,96,2010-10-16,48,Repaid,Tata Capital
REC007610,PER02812,Car Loan,30,2016-01-12,84,Repaid,Yes Bank
REC007611,PER02812,Personal Loan,29,2013-04-13,48,Repaid,ICICI Bank
REC007612,PER02812,Two-Wheeler Loan,3,2015-11-10,24,Active,Canara Bank
REC007613,PER02812,Car Loan,53,2022-03-10,36,Repaid,IDBI Bank
REC007614,PER02813,Home Loan,160,2018-05-17,300,Repaid,PNB
REC007615,PER02813,Car Loan,42,2025-12-09,84,Repaid,Bajaj Finserv
REC007616,PER02813,Business Loan,210,2013-06-23,12,Defaulted,Yes Bank
REC007617,PER02814,Consumer Durable Loan,3,2025-09-19,48,Defaulted,Yes Bank
REC007618,PER02815,Personal Loan,19,2021-03-16,60,Repaid,Canara Bank
REC007619,PER02815,Home Loan,236,2022-04-24,360,Defaulted,Yes Bank
REC007620,PER02815,Car Loan,46,2012-02-20,60,Defaulted,SBI
REC007621,PER02815,Car Loan,64,2021-11-10,60,Repaid,Bank of Baroda
REC007622,PER02816,Personal Loan,78,2014-09-11,12,Active,IndusInd Bank
REC007623,PER02816,Personal Loan,30,2022-07-14,24,Repaid,LIC Housing Finance
REC007624,PER02818,Personal Loan,21,2013-01-01,36,Repaid,ICICI Bank
REC007625,PER02818,Home Loan,121,2021-06-17,360,Repaid,Kotak Mahindra
REC007626,PER02818,Personal Loan,21,2023-05-05,48,Repaid,Tata Capital
REC007627,PER02819,Consumer Durable Loan,5,2010-10-17,36,Active,SBI
REC007628,PER02819,Education Loan,44,2023-10-06,84,Repaid,IDBI Bank
REC007629,PER02819,Personal Loan,23,2011-05-15,24,Active,IndusInd Bank
REC007630,PER02819,Personal Loan,100,2016-11-19,24,Repaid,Bajaj Finserv
REC007631,PER02819,Home Loan,162,2017-10-17,120,Defaulted,ICICI Bank
REC007632,PER02820,Personal Loan,31,2018-11-12,36,Repaid,SBI
REC007633,PER02820,Personal Loan,31,2011-04-23,48,Active,SBI
REC007634,PER02821,Two-Wheeler Loan,16,2017-01-12,48,Repaid,LIC Housing Finance
REC007635,PER02821,Home Loan,125,2017-10-15,240,Repaid,IDBI Bank
REC007636,PER02821,Consumer Durable Loan,1,2019-06-25,60,Defaulted,Tata Capital
REC007637,PER02822,Personal Loan,31,2021-01-09,24,Active,ICICI Bank
REC007638,PER02822,Education Loan,52,2013-01-10,84,Active,Tata Capital
REC007639,PER02822,Education Loan,43,2016-05-26,36,Defaulted,Yes Bank
REC007640,PER02822,Two-Wheeler Loan,11,2018-06-12,12,Active,Bank of Baroda
REC007641,PER02822,Home Loan,224,2015-04-23,360,Repaid,Union Bank
REC007642,PER02822,Car Loan,66,2012-01-04,48,Active,SBI
REC007643,PER02823,Home Loan,114,2022-02-10,240,Active,PNB
REC007644,PER02823,Personal Loan,24,2022-07-24,36,Active,IndusInd Bank
REC007645,PER02823,Business Loan,220,2012-02-02,12,Active,IDBI Bank
REC007646,PER02823,Personal Loan,100,2025-09-04,24,Repaid,Kotak Mahindra
REC007647,PER02823,Home Loan,93,2019-04-01,120,Active,Yes Bank
REC007648,PER02823,Two-Wheeler Loan,6,2011-05-24,48,Repaid,Yes Bank
REC007649,PER02823,Education Loan,33,2015-02-08,84,Active,PNB
REC007650,PER02824,Personal Loan,22,2017-10-05,24,Repaid,Bajaj Finserv
REC007651,PER02824,Consumer Durable Loan,3,2014-12-17,48,Defaulted,Bank of Baroda
REC007652,PER02824,Home Loan,223,2020-01-24,300,Repaid,Bajaj Finserv
REC007653,PER02824,Consumer Durable Loan,7,2016-10-10,12,Active,ICICI Bank
REC007654,PER02825,Education Loan,27,2023-05-01,36,Active,IDBI Bank
REC007655,PER02826,Business Loan,215,2022-05-08,36,Repaid,ICICI Bank
REC007656,PER02826,Car Loan,61,2019-03-04,48,Repaid,Union Bank
REC007657,PER02826,Personal Loan,72,2019-01-24,24,Repaid,LIC Housing Finance
REC007658,PER02826,Personal Loan,14,2015-03-19,48,Active,PNB
REC007659,PER02826,Car Loan,54,2022-07-20,36,Repaid,IndusInd Bank
REC007660,PER02826,Home Loan,357,2014-06-06,120,Repaid,Yes Bank
REC007661,PER02827,Personal Loan,18,2024-04-03,48,Repaid,LIC Housing Finance
REC007662,PER02827,Personal Loan,30,2014-02-24,24,Repaid,Canara Bank
REC007663,PER02827,Education Loan,72,2011-08-13,36,Active,PNB
REC007664,PER02828,Home Loan,126,2016-09-23,300,Active,PNB
REC007665,PER02828,Home Loan,132,2022-08-14,360,Defaulted,Tata Capital
REC007666,PER02829,Gold Loan,17,2013-11-14,24,Active,Canara Bank
REC007667,PER02829,Car Loan,55,2023-03-04,48,Repaid,PNB
REC007668,PER02830,Education Loan,53,2016-01-19,60,Defaulted,Kotak Mahindra
REC007669,PER02830,Personal Loan,24,2025-01-11,12,Active,IDBI Bank
REC007670,PER02832,Personal Loan,22,2015-11-25,24,Repaid,Axis Bank
REC007671,PER02832,Car Loan,79,2011-11-19,48,Active,PNB
REC007672,PER02833,Personal Loan,30,2011-05-03,36,Repaid,PNB
REC007673,PER02833,Car Loan,61,2012-04-23,48,Repaid,ICICI Bank
REC007674,PER02833,Car Loan,102,2023-07-13,60,Repaid,Canara Bank
REC007675,PER02833,Home Loan,158,2012-08-28,300,Repaid,Kotak Mahindra
REC007676,PER02833,Home Loan,95,2025-11-14,120,Active,Axis Bank
REC007677,PER02834,Consumer Durable Loan,6,2025-08-26,24,Active,PNB
REC007678,PER02834,Personal Loan,53,2019-03-02,24,Defaulted,IndusInd Bank
REC007679,PER02834,Personal Loan,14,2017-08-01,60,Defaulted,IndusInd Bank
REC007680,PER02835,Consumer Durable Loan,21,2010-06-05,48,Repaid,Axis Bank
REC007681,PER02835,Home Loan,276,2011-10-07,360,Defaulted,Canara Bank
REC007682,PER02835,Personal Loan,26,2022-02-17,48,Active,Union Bank
REC007683,PER02835,Personal Loan,29,2021-03-15,48,Defaulted,IndusInd Bank
REC007684,PER02835,Car Loan,53,2017-12-01,84,Defaulted,LIC Housing Finance
REC007685,PER02835,Personal Loan,11,2019-05-13,24,Active,Tata Capital
REC007686,PER02835,Home Loan,185,2015-10-24,120,Active,SBI
REC007687,PER02836,Car Loan,60,2018-08-06,48,Active,LIC Housing Finance
REC007688,PER02836,Personal Loan,14,2017-03-23,48,Active,Bank of Baroda
REC007689,PER02836,Personal Loan,20,2024-10-09,36,Active,Yes Bank
REC007690,PER02836,Car Loan,48,2024-05-02,36,Repaid,PNB
REC007691,PER02837,Business Loan,80,2022-04-27,24,Active,Canara Bank
REC007692,PER02837,Personal Loan,100,2018-04-02,36,Defaulted,IDBI Bank
REC007693,PER02838,Home Loan,138,2014-02-05,360,Repaid,Canara Bank
REC007694,PER02838,Home Loan,165,2021-06-17,240,Active,LIC Housing Finance
REC007695,PER02838,Personal Loan,36,2014-05-14,24,Active,IDBI Bank
REC007696,PER02839,Car Loan,61,2023-01-26,36,Active,Canara Bank
REC007697,PER02839,Business Loan,104,2016-10-09,48,Defaulted,SBI
REC007698,PER02839,Personal Loan,97,2011-01-10,48,Active,PNB
REC007699,PER02840,Gold Loan,7,2012-08-03,36,Repaid,Bank of Baroda
REC007700,PER02840,Home Loan,235,2019-04-05,180,Repaid,HDFC Bank
REC007701,PER02840,Car Loan,47,2010-11-16,84,Repaid,SBI
REC007702,PER02840,Gold Loan,17,2021-06-12,60,Repaid,Kotak Mahindra
REC007703,PER02841,Personal Loan,39,2023-11-24,48,Repaid,ICICI Bank
REC007704,PER02841,Personal Loan,39,2019-08-10,48,Active,Kotak Mahindra
REC007705,PER02842,Personal Loan,26,2024-06-09,48,Active,IDBI Bank
REC007706,PER02842,Home Loan,327,2022-05-22,360,Repaid,Union Bank
REC007707,PER02842,Personal Loan,9,2017-08-08,60,Repaid,Bajaj Finserv
REC007708,PER02843,Personal Loan,26,2024-01-07,60,Repaid,Union Bank
REC007709,PER02844,Home Loan,111,2025-07-27,360,Repaid,ICICI Bank
REC007710,PER02844,Business Loan,35,2011-03-15,60,Repaid,Union Bank
REC007711,PER02844,Home Loan,188,2023-09-21,180,Repaid,LIC Housing Finance
REC007712,PER02844,Personal Loan,18,2020-11-22,36,Repaid,Yes Bank
REC007713,PER02845,Home Loan,153,2021-06-07,120,Repaid,Tata Capital
REC007714,PER02846,Home Loan,174,2016-11-01,360,Active,IDBI Bank
REC007715,PER02846,Home Loan,94,2024-09-07,240,Repaid,PNB
REC007716,PER02846,Home Loan,240,2019-01-22,300,Defaulted,Kotak Mahindra
REC007717,PER02846,Education Loan,23,2014-01-11,36,Repaid,Canara Bank
REC007718,PER02846,Consumer Durable Loan,5,2025-02-26,36,Repaid,SBI
REC007719,PER02846,Personal Loan,40,2022-06-17,48,Defaulted,Bajaj Finserv
REC007720,PER02846,Two-Wheeler Loan,8,2011-06-18,12,Repaid,Kotak Mahindra
REC007721,PER02848,Education Loan,28,2023-02-09,48,Repaid,Bank of Baroda
REC007722,PER02848,Personal Loan,93,2019-02-12,12,Active,Canara Bank
REC007723,PER02848,Home Loan,69,2015-04-13,240,Defaulted,Kotak Mahindra
REC007724,PER02848,Personal Loan,51,2020-05-05,12,Repaid,Kotak Mahindra
REC007725,PER02848,Car Loan,30,2023-10-09,84,Active,Union Bank
REC007726,PER02848,Car Loan,43,2018-03-08,60,Repaid,Yes Bank
REC007727,PER02848,Home Loan,210,2016-08-19,120,Repaid,Axis Bank
REC007728,PER02849,Education Loan,38,2022-11-02,48,Defaulted,Bank of Baroda
REC007729,PER02849,Education Loan,59,2016-02-26,48,Active,Bank of Baroda
REC007730,PER02849,Home Loan,67,2025-09-06,180,Repaid,ICICI Bank
REC007731,PER02850,Home Loan,95,2016-12-23,360,Repaid,SBI
REC007732,PER02850,Education Loan,21,2015-06-15,48,Active,Yes Bank
REC007733,PER02850,Gold Loan,11,2023-09-11,36,Defaulted,Kotak Mahindra
REC007734,PER02850,Two-Wheeler Loan,5,2015-06-05,24,Defaulted,ICICI Bank
REC007735,PER02850,Home Loan,102,2021-10-17,180,Defaulted,Bank of Baroda
REC007736,PER02851,Business Loan,236,2019-12-25,36,Repaid,Tata Capital
REC007737,PER02852,Education Loan,39,2018-03-15,84,Active,Tata Capital
REC007738,PER02852,Gold Loan,17,2018-03-18,36,Repaid,IDBI Bank
REC007739,PER02852,Home Loan,172,2017-07-15,240,Repaid,Bajaj Finserv
REC007740,PER02852,Home Loan,108,2024-01-25,240,Repaid,SBI
REC007741,PER02853,Home Loan,65,2015-06-15,360,Defaulted,Bajaj Finserv
REC007742,PER02853,Home Loan,185,2016-06-05,180,Active,IDBI Bank
REC007743,PER02853,Personal Loan,57,2019-04-14,36,Repaid,ICICI Bank
REC007744,PER02853,Car Loan,79,2016-12-16,84,Repaid,IndusInd Bank
REC007745,PER02853,Personal Loan,25,2011-07-14,12,Defaulted,Yes Bank
REC007746,PER02853,Home Loan,297,2010-04-22,360,Active,Tata Capital
REC007747,PER02853,Home Loan,155,2024-08-14,360,Repaid,Union Bank
REC007748,PER02853,Two-Wheeler Loan,3,2018-12-21,12,Repaid,Bank of Baroda
REC007749,PER02854,Personal Loan,17,2015-08-25,36,Repaid,SBI
REC007750,PER02854,Home Loan,80,2012-06-09,360,Defaulted,Tata Capital
REC007751,PER02855,Personal Loan,16,2021-07-25,36,Active,HDFC Bank
REC007752,PER02855,Two-Wheeler Loan,20,2016-09-22,12,Active,Axis Bank
REC007753,PER02855,Car Loan,45,2020-08-21,36,Repaid,Bank of Baroda
REC007754,PER02855,Home Loan,167,2016-07-10,300,Repaid,ICICI Bank
REC007755,PER02855,Home Loan,130,2019-04-19,240,Active,SBI
REC007756,PER02855,Car Loan,68,2011-01-02,84,Repaid,LIC Housing Finance
REC007757,PER02855,Car Loan,35,2024-12-06,84,Repaid,IndusInd Bank
REC007758,PER02856,Car Loan,32,2011-08-10,48,Repaid,ICICI Bank
REC007759,PER02856,Personal Loan,38,2011-08-05,12,Repaid,Kotak Mahindra
REC007760,PER02857,Business Loan,62,2015-01-16,48,Defaulted,PNB
REC007761,PER02858,Personal Loan,45,2014-06-10,36,Active,IndusInd Bank
REC007762,PER02860,Personal Loan,56,2010-12-23,12,Repaid,IDBI Bank
REC007763,PER02860,Personal Loan,40,2017-09-23,12,Active,Bajaj Finserv
REC007764,PER02860,Personal Loan,42,2025-09-02,36,Active,Union Bank
REC007765,PER02860,Home Loan,800,2021-11-05,300,Active,Canara Bank
REC007766,PER02861,Home Loan,216,2014-08-24,180,Defaulted,Bajaj Finserv
REC007767,PER02861,Gold Loan,20,2016-10-17,36,Repaid,Yes Bank
REC007768,PER02862,Personal Loan,20,2013-11-01,12,Active,Tata Capital
REC007769,PER02863,Home Loan,309,2024-07-23,240,Active,Canara Bank
REC007770,PER02864,Car Loan,52,2019-02-25,48,Repaid,PNB
REC007771,PER02864,Home Loan,304,2012-11-11,300,Repaid,Yes Bank
REC007772,PER02864,Home Loan,256,2012-03-22,180,Repaid,SBI
REC007773,PER02865,Home Loan,110,2023-09-27,180,Active,Kotak Mahindra
REC007774,PER02865,Personal Loan,27,2011-02-02,12,Repaid,SBI
REC007775,PER02865,Car Loan,39,2024-09-03,36,Defaulted,PNB
REC007776,PER02866,Home Loan,180,2011-05-15,180,Active,HDFC Bank
REC007777,PER02866,Business Loan,55,2011-03-05,12,Repaid,LIC Housing Finance
REC007778,PER02866,Home Loan,218,2012-10-04,240,Repaid,LIC Housing Finance
REC007779,PER02866,Car Loan,37,2021-08-08,36,Repaid,ICICI Bank
REC007780,PER02866,Car Loan,39,2016-12-12,36,Repaid,SBI
REC007781,PER02866,Home Loan,263,2018-01-15,360,Active,IndusInd Bank
REC007782,PER02866,Home Loan,214,2011-10-14,360,Repaid,ICICI Bank
REC007783,PER02867,Home Loan,173,2014-07-23,180,Repaid,LIC Housing Finance
REC007784,PER02868,Two-Wheeler Loan,5,2011-07-02,60,Repaid,ICICI Bank
REC007785,PER02868,Home Loan,155,2014-01-16,300,Defaulted,Bajaj Finserv
REC007786,PER02868,Business Loan,59,2017-10-14,36,Repaid,LIC Housing Finance
REC007787,PER02870,Home Loan,121,2016-09-07,180,Active,Kotak Mahindra
REC007788,PER02870,Home Loan,252,2020-09-19,300,Active,IDBI Bank
REC007789,PER02870,Home Loan,227,2015-05-18,120,Defaulted,Union Bank
REC007790,PER02872,Car Loan,48,2011-02-21,36,Active,Axis Bank
REC007791,PER02872,Car Loan,124,2018-06-01,48,Active,Tata Capital
REC007792,PER02873,Car Loan,92,2024-09-18,60,Repaid,Bajaj Finserv
REC007793,PER02874,Education Loan,113,2023-06-13,36,Defaulted,IDBI Bank
REC007794,PER02874,Education Loan,32,2025-07-19,84,Repaid,LIC Housing Finance
REC007795,PER02874,Home Loan,135,2022-06-05,240,Defaulted,Tata Capital
REC007796,PER02874,Home Loan,156,2013-06-17,300,Defaulted,IndusInd Bank
REC007797,PER02874,Education Loan,49,2018-02-12,48,Repaid,Kotak Mahindra
REC007798,PER02875,Home Loan,225,2013-08-19,240,Repaid,Canara Bank
REC007799,PER02875,Education Loan,44,2011-12-21,84,Defaulted,Union Bank
REC007800,PER02876,Two-Wheeler Loan,18,2018-02-06,60,Repaid,Tata Capital
REC007801,PER02877,Car Loan,69,2020-06-12,84,Defaulted,Bank of Baroda
REC007802,PER02877,Personal Loan,91,2025-05-03,12,Repaid,HDFC Bank
REC007803,PER02877,Education Loan,15,2010-11-15,60,Repaid,SBI
REC007804,PER02878,Consumer Durable Loan,11,2020-04-15,60,Defaulted,HDFC Bank
REC007805,PER02879,Gold Loan,10,2011-01-25,60,Defaulted,Tata Capital
REC007806,PER02879,Home Loan,200,2014-03-25,300,Defaulted,Kotak Mahindra
REC007807,PER02879,Personal Loan,42,2020-12-15,60,Defaulted,Yes Bank
REC007808,PER02879,Personal Loan,52,2018-01-23,36,Repaid,PNB
REC007809,PER02879,Car Loan,43,2021-08-15,48,Repaid,Bank of Baroda
REC007810,PER02880,Personal Loan,35,2019-04-04,36,Defaulted,Bank of Baroda
REC007811,PER02880,Home Loan,111,2020-07-01,300,Repaid,HDFC Bank
REC007812,PER02880,Gold Loan,2,2013-05-02,36,Repaid,HDFC Bank
REC007813,PER02881,Personal Loan,23,2022-08-22,48,Active,Bajaj Finserv
REC007814,PER02883,Home Loan,290,2016-12-15,360,Repaid,PNB
REC007815,PER02883,Gold Loan,9,2016-09-16,60,Repaid,Bajaj Finserv
REC007816,PER02883,Home Loan,203,2023-12-15,240,Repaid,Union Bank
REC007817,PER02884,Car Loan,58,2018-02-21,84,Active,IndusInd Bank
REC007818,PER02884,Home Loan,183,2022-01-03,120,Repaid,Canara Bank
REC007819,PER02885,Education Loan,46,2020-08-10,60,Repaid,LIC Housing Finance
REC007820,PER02885,Home Loan,164,2014-06-05,300,Repaid,IndusInd Bank
REC007821,PER02885,Home Loan,381,2014-05-12,180,Repaid,Bajaj Finserv
REC007822,PER02885,Car Loan,63,2010-04-10,84,Active,LIC Housing Finance
REC007823,PER02885,Home Loan,236,2010-11-19,300,Active,HDFC Bank
REC007824,PER02886,Home Loan,110,2024-08-09,180,Active,Bajaj Finserv
REC007825,PER02886,Education Loan,46,2017-03-04,48,Repaid,PNB
REC007826,PER02886,Education Loan,26,2025-06-06,60,Active,IndusInd Bank
REC007827,PER02886,Home Loan,91,2025-06-22,300,Repaid,HDFC Bank
REC007828,PER02887,Two-Wheeler Loan,29,2012-05-11,24,Active,IndusInd Bank
REC007829,PER02888,Home Loan,216,2024-05-28,240,Repaid,ICICI Bank
REC007830,PER02888,Personal Loan,22,2010-01-19,24,Active,Canara Bank
REC007831,PER02888,Home Loan,238,2021-03-10,240,Repaid,Bajaj Finserv
REC007832,PER02889,Car Loan,128,2014-09-26,84,Repaid,HDFC Bank
REC007833,PER02889,Personal Loan,5,2021-07-06,36,Repaid,LIC Housing Finance
REC007834,PER02889,Home Loan,339,2013-01-14,240,Repaid,Axis Bank
REC007835,PER02890,Personal Loan,49,2020-02-13,12,Defaulted,ICICI Bank
REC007836,PER02890,Personal Loan,37,2013-02-19,48,Repaid,Yes Bank
REC007837,PER02891,Personal Loan,30,2018-08-14,24,Repaid,HDFC Bank
REC007838,PER02891,Home Loan,104,2019-12-05,300,Repaid,HDFC Bank
REC007839,PER02892,Home Loan,78,2017-03-28,180,Repaid,PNB
REC007840,PER02893,Personal Loan,21,2020-02-05,60,Active,Yes Bank
REC007841,PER02893,Home Loan,266,2018-10-25,240,Repaid,SBI
REC007842,PER02894,Personal Loan,32,2023-04-18,60,Defaulted,Kotak Mahindra
REC007843,PER02894,Education Loan,75,2011-01-04,36,Active,PNB
REC007844,PER02895,Home Loan,185,2010-11-21,300,Repaid,IDBI Bank
REC007845,PER02895,Personal Loan,40,2021-01-05,48,Repaid,HDFC Bank
REC007846,PER02896,Home Loan,269,2011-05-02,180,Defaulted,ICICI Bank
REC007847,PER02896,Personal Loan,100,2024-02-26,24,Repaid,SBI
REC007848,PER02897,Business Loan,104,2023-05-06,36,Repaid,Axis Bank
REC007849,PER02897,Personal Loan,36,2025-06-24,12,Repaid,ICICI Bank
REC007850,PER02897,Business Loan,353,2017-08-20,24,Repaid,LIC Housing Finance
REC007851,PER02897,Personal Loan,29,2015-05-18,36,Repaid,SBI
REC007852,PER02897,Personal Loan,25,2021-06-02,60,Active,ICICI Bank
REC007853,PER02897,Home Loan,112,2010-11-19,180,Defaulted,HDFC Bank
REC007854,PER02898,Home Loan,191,2021-02-22,120,Repaid,ICICI Bank
REC007855,PER02898,Personal Loan,30,2011-09-03,36,Defaulted,Kotak Mahindra
REC007856,PER02899,Home Loan,437,2013-03-22,180,Repaid,SBI
REC007857,PER02899,Personal Loan,9,2012-06-11,12,Defaulted,Axis Bank
REC007858,PER02899,Business Loan,223,2016-02-08,36,Repaid,LIC Housing Finance
REC007859,PER02899,Car Loan,56,2018-04-23,84,Repaid,SBI
REC007860,PER02900,Personal Loan,100,2018-11-02,12,Repaid,IDBI Bank
REC007861,PER02900,Education Loan,34,2015-03-23,48,Repaid,Bajaj Finserv
REC007862,PER02900,Home Loan,52,2015-01-27,120,Repaid,Canara Bank
REC007863,PER02901,Personal Loan,56,2015-10-26,60,Repaid,Kotak Mahindra
REC007864,PER02901,Home Loan,197,2012-09-17,240,Active,Bank of Baroda
REC007865,PER02901,Personal Loan,25,2022-12-16,12,Repaid,Canara Bank
REC007866,PER02902,Car Loan,94,2021-09-23,36,Defaulted,Bajaj Finserv
REC007867,PER02902,Home Loan,748,2024-05-05,120,Repaid,IndusInd Bank
REC007868,PER02903,Education Loan,50,2014-01-03,60,Repaid,Yes Bank
REC007869,PER02903,Car Loan,98,2024-03-08,36,Active,Kotak Mahindra
REC007870,PER02904,Car Loan,74,2022-12-02,84,Repaid,Union Bank
REC007871,PER02904,Personal Loan,80,2022-02-22,60,Repaid,PNB
REC007872,PER02904,Education Loan,64,2015-06-24,84,Active,ICICI Bank
REC007873,PER02904,Car Loan,84,2013-01-03,48,Repaid,Bank of Baroda
REC007874,PER02904,Home Loan,144,2014-08-24,360,Repaid,LIC Housing Finance
REC007875,PER02905,Home Loan,197,2023-01-22,240,Repaid,ICICI Bank
REC007876,PER02905,Personal Loan,51,2012-09-06,36,Repaid,IndusInd Bank
REC007877,PER02905,Car Loan,38,2024-08-13,60,Defaulted,HDFC Bank
REC007878,PER02905,Car Loan,29,2010-05-03,60,Repaid,Tata Capital
REC007879,PER02906,Personal Loan,18,2022-02-03,36,Repaid,HDFC Bank
REC007880,PER02906,Personal Loan,7,2014-08-21,48,Repaid,Axis Bank
REC007881,PER02906,Home Loan,343,2010-08-25,180,Active,PNB
REC007882,PER02906,Personal Loan,27,2020-05-27,12,Repaid,IDBI Bank
REC007883,PER02906,Home Loan,619,2015-05-16,360,Defaulted,Yes Bank
REC007884,PER02906,Home Loan,295,2022-05-26,120,Repaid,Union Bank
REC007885,PER02907,Car Loan,96,2017-03-28,60,Repaid,Tata Capital
REC007886,PER02907,Business Loan,57,2019-01-21,36,Active,Union Bank
REC007887,PER02907,Home Loan,281,2019-03-16,300,Repaid,Axis Bank
REC007888,PER02907,Car Loan,73,2022-09-13,48,Active,ICICI Bank
REC007889,PER02907,Car Loan,35,2025-02-01,48,Repaid,SBI
REC007890,PER02907,Car Loan,59,2013-12-22,84,Repaid,IDBI Bank
REC007891,PER02908,Personal Loan,21,2014-03-09,60,Repaid,Bajaj Finserv
REC007892,PER02908,Home Loan,306,2013-09-21,120,Repaid,Kotak Mahindra
REC007893,PER02909,Car Loan,34,2017-02-12,84,Active,Axis Bank
REC007894,PER02909,Home Loan,86,2010-11-09,120,Active,Canara Bank
REC007895,PER02909,Car Loan,60,2012-07-28,60,Repaid,Axis Bank
REC007896,PER02910,Personal Loan,27,2012-12-27,60,Repaid,ICICI Bank
REC007897,PER02910,Business Loan,99,2014-11-22,48,Repaid,Kotak Mahindra
REC007898,PER02911,Personal Loan,50,2012-11-15,60,Defaulted,IDBI Bank
REC007899,PER02911,Home Loan,87,2015-12-02,120,Active,Axis Bank
REC007900,PER02911,Car Loan,56,2012-08-28,48,Defaulted,SBI
REC007901,PER02911,Personal Loan,21,2019-09-10,24,Defaulted,Union Bank
REC007902,PER02912,Car Loan,44,2018-06-18,48,Repaid,SBI
REC007903,PER02913,Gold Loan,6,2023-12-10,24,Repaid,ICICI Bank
REC007904,PER02913,Car Loan,23,2025-07-01,84,Repaid,PNB
REC007905,PER02913,Car Loan,55,2022-12-17,60,Repaid,ICICI Bank
REC007906,PER02914,Two-Wheeler Loan,8,2020-04-10,48,Active,Canara Bank
REC007907,PER02916,Personal Loan,30,2014-10-09,48,Repaid,PNB
REC007908,PER02917,Car Loan,23,2022-06-19,36,Repaid,SBI
REC007909,PER02917,Personal Loan,11,2024-06-04,36,Active,IDBI Bank
REC007910,PER02918,Car Loan,74,2015-04-25,84,Defaulted,ICICI Bank
REC007911,PER02919,Car Loan,61,2022-12-07,84,Active,IndusInd Bank
REC007912,PER02919,Business Loan,68,2016-06-13,60,Repaid,ICICI Bank
REC007913,PER02919,Personal Loan,100,2018-05-18,48,Repaid,SBI
REC007914,PER02919,Education Loan,58,2016-07-14,48,Repaid,IndusInd Bank
REC007915,PER02919,Car Loan,62,2021-03-19,84,Repaid,PNB
REC007916,PER02919,Home Loan,352,2021-09-22,120,Active,HDFC Bank
REC007917,PER02919,Personal Loan,61,2013-08-01,24,Repaid,Kotak Mahindra
REC007918,PER02920,Consumer Durable Loan,6,2012-01-14,48,Defaulted,Union Bank
REC007919,PER02923,Consumer Durable Loan,2,2018-04-14,48,Active,PNB
REC007920,PER02923,Personal Loan,76,2015-04-04,36,Active,Bank of Baroda
REC007921,PER02924,Home Loan,176,2014-06-02,180,Repaid,Tata Capital
REC007922,PER02924,Home Loan,154,2016-05-10,240,Defaulted,PNB
REC007923,PER02924,Personal Loan,30,2012-03-01,48,Repaid,Bajaj Finserv
REC007924,PER02926,Education Loan,29,2022-05-07,48,Repaid,IDBI Bank
REC007925,PER02926,Education Loan,54,2016-11-28,48,Repaid,PNB
REC007926,PER02926,Personal Loan,76,2019-07-28,60,Repaid,Tata Capital
REC007927,PER02927,Home Loan,217,2013-08-03,360,Repaid,HDFC Bank
REC007928,PER02927,Education Loan,24,2015-03-23,84,Active,IndusInd Bank
REC007929,PER02927,Business Loan,111,2025-02-25,48,Active,Bank of Baroda
REC007930,PER02927,Home Loan,215,2018-08-02,360,Active,LIC Housing Finance
REC007931,PER02927,Education Loan,53,2023-05-01,36,Repaid,Bank of Baroda
REC007932,PER02927,Gold Loan,16,2021-04-06,60,Repaid,LIC Housing Finance
REC007933,PER02928,Business Loan,182,2010-03-23,36,Defaulted,HDFC Bank
REC007934,PER02928,Home Loan,136,2015-01-27,240,Repaid,ICICI Bank
REC007935,PER02928,Home Loan,352,2020-12-03,360,Active,Tata Capital
REC007936,PER02928,Education Loan,101,2024-08-08,84,Active,Bank of Baroda
REC007937,PER02930,Home Loan,73,2023-09-17,240,Repaid,SBI
REC007938,PER02930,Car Loan,64,2024-04-27,84,Repaid,Kotak Mahindra
REC007939,PER02931,Personal Loan,58,2015-10-05,60,Defaulted,IDBI Bank
REC007940,PER02931,Personal Loan,19,2024-05-22,24,Repaid,IDBI Bank
REC007941,PER02931,Personal Loan,58,2017-01-11,24,Repaid,HDFC Bank
REC007942,PER02931,Personal Loan,21,2024-10-21,60,Active,Canara Bank
REC007943,PER02932,Car Loan,56,2010-01-06,36,Repaid,Bank of Baroda
REC007944,PER02932,Home Loan,207,2024-06-17,300,Active,HDFC Bank
REC007945,PER02932,Car Loan,35,2015-07-26,36,Repaid,Bajaj Finserv
REC007946,PER02932,Education Loan,12,2020-03-10,48,Repaid,Axis Bank
REC007947,PER02933,Car Loan,30,2019-06-06,60,Repaid,Bank of Baroda
REC007948,PER02933,Consumer Durable Loan,1,2010-12-27,48,Repaid,Bajaj Finserv
REC007949,PER02934,Personal Loan,14,2024-03-16,36,Repaid,PNB
REC007950,PER02934,Personal Loan,27,2018-09-22,48,Active,PNB
REC007951,PER02935,Consumer Durable Loan,5,2018-06-13,48,Repaid,Kotak Mahindra
REC007952,PER02935,Personal Loan,22,2013-04-24,36,Active,IndusInd Bank
REC007953,PER02935,Education Loan,59,2022-03-13,84,Repaid,LIC Housing Finance
REC007954,PER02935,Car Loan,41,2012-03-12,84,Repaid,IndusInd Bank
REC007955,PER02936,Home Loan,57,2022-11-19,240,Active,HDFC Bank
REC007956,PER02936,Home Loan,130,2010-08-27,120,Repaid,Yes Bank
REC007957,PER02937,Education Loan,33,2017-03-12,84,Repaid,Canara Bank
REC007958,PER02937,Home Loan,227,2023-06-09,240,Repaid,Yes Bank
REC007959,PER02937,Car Loan,40,2020-03-27,36,Repaid,Yes Bank
REC007960,PER02937,Business Loan,91,2022-12-13,48,Active,Tata Capital
REC007961,PER02937,Gold Loan,16,2019-06-19,24,Defaulted,Tata Capital
REC007962,PER02939,Car Loan,49,2021-12-01,48,Repaid,Canara Bank
REC007963,PER02939,Personal Loan,26,2019-03-25,60,Repaid,ICICI Bank
REC007964,PER02939,Home Loan,179,2024-10-06,240,Repaid,Yes Bank
REC007965,PER02939,Car Loan,58,2025-03-22,48,Active,Tata Capital
REC007966,PER02939,Business Loan,192,2025-06-14,36,Repaid,ICICI Bank
REC007967,PER02940,Personal Loan,28,2024-11-09,48,Active,Bank of Baroda
REC007968,PER02941,Personal Loan,29,2010-05-20,12,Active,Axis Bank
REC007969,PER02941,Consumer Durable Loan,16,2015-09-01,24,Defaulted,LIC Housing Finance
REC007970,PER02941,Personal Loan,55,2011-09-03,48,Defaulted,Bank of Baroda
REC007971,PER02941,Home Loan,67,2013-01-14,300,Defaulted,LIC Housing Finance
REC007972,PER02941,Personal Loan,32,2019-01-02,48,Repaid,SBI
REC007973,PER02941,Home Loan,141,2012-01-03,360,Defaulted,IDBI Bank
REC007974,PER02942,Car Loan,53,2015-05-28,48,Repaid,Yes Bank
REC007975,PER02942,Personal Loan,58,2022-11-11,36,Defaulted,Bajaj Finserv
REC007976,PER02942,Personal Loan,19,2025-08-05,24,Repaid,HDFC Bank
REC007977,PER02942,Car Loan,58,2016-06-23,48,Repaid,Tata Capital
REC007978,PER02942,Personal Loan,18,2016-11-02,48,Active,PNB
REC007979,PER02942,Business Loan,213,2020-12-27,36,Defaulted,Axis Bank
REC007980,PER02942,Personal Loan,42,2010-12-21,24,Repaid,Kotak Mahindra
REC007981,PER02942,Personal Loan,23,2022-07-12,36,Active,IndusInd Bank
REC007982,PER02943,Home Loan,50,2025-07-23,180,Active,LIC Housing Finance
REC007983,PER02943,Car Loan,111,2018-06-28,48,Defaulted,Union Bank
REC007984,PER02943,Home Loan,283,2023-01-27,180,Active,Axis Bank
REC007985,PER02943,Home Loan,172,2010-12-13,360,Active,Yes Bank
REC007986,PER02944,Car Loan,69,2022-10-17,48,Active,SBI
REC007987,PER02944,Home Loan,189,2017-09-08,120,Active,Bajaj Finserv
REC007988,PER02944,Home Loan,299,2020-03-19,240,Repaid,Canara Bank
REC007989,PER02945,Home Loan,140,2020-03-08,120,Active,HDFC Bank
REC007990,PER02946,Education Loan,49,2019-05-26,60,Active,Bajaj Finserv
REC007991,PER02946,Home Loan,132,2019-08-21,180,Defaulted,IDBI Bank
REC007992,PER02946,Car Loan,64,2010-03-21,60,Repaid,Canara Bank
REC007993,PER02946,Education Loan,64,2011-04-28,36,Defaulted,Kotak Mahindra
REC007994,PER02946,Car Loan,34,2024-02-09,48,Repaid,Canara Bank
REC007995,PER02946,Personal Loan,34,2017-04-23,24,Repaid,Canara Bank
REC007996,PER02947,Home Loan,336,2011-02-23,360,Repaid,SBI
REC007997,PER02948,Home Loan,64,2014-03-09,300,Repaid,IDBI Bank
REC007998,PER02949,Education Loan,34,2023-11-07,48,Repaid,PNB
REC007999,PER02949,Personal Loan,37,2017-08-13,60,Repaid,PNB
REC008000,PER02949,Personal Loan,23,2016-02-13,48,Repaid,Tata Capital
REC008001,PER02949,Two-Wheeler Loan,23,2011-08-01,12,Repaid,Tata Capital
REC008002,PER02949,Two-Wheeler Loan,2,2010-10-18,36,Repaid,Bajaj Finserv
REC008003,PER02950,Personal Loan,15,2018-11-06,24,Active,Bajaj Finserv
REC008004,PER02950,Personal Loan,22,2018-02-01,60,Active,Bajaj Finserv
REC008005,PER02950,Education Loan,26,2022-04-01,84,Repaid,Canara Bank
REC008006,PER02950,Home Loan,165,2025-02-02,120,Defaulted,Union Bank
REC008007,PER02951,Home Loan,97,2021-01-23,240,Defaulted,IDBI Bank
REC008008,PER02951,Consumer Durable Loan,4,2022-03-16,48,Repaid,SBI
REC008009,PER02951,Gold Loan,13,2023-01-19,36,Defaulted,Canara Bank
REC008010,PER02951,Two-Wheeler Loan,14,2014-06-03,36,Repaid,PNB
REC008011,PER02951,Business Loan,132,2024-06-02,12,Repaid,LIC Housing Finance
REC008012,PER02952,Home Loan,65,2024-05-27,180,Active,ICICI Bank
REC008013,PER02952,Business Loan,42,2013-12-04,60,Repaid,Canara Bank
REC008014,PER02953,Business Loan,39,2020-12-06,12,Repaid,Bajaj Finserv
REC008015,PER02953,Home Loan,197,2025-08-05,300,Defaulted,ICICI Bank
REC008016,PER02953,Car Loan,34,2012-01-10,84,Defaulted,LIC Housing Finance
REC008017,PER02953,Business Loan,133,2019-02-20,48,Defaulted,IndusInd Bank
REC008018,PER02954,Personal Loan,54,2020-02-18,36,Repaid,Canara Bank
REC008019,PER02954,Home Loan,198,2025-06-04,300,Repaid,IndusInd Bank
REC008020,PER02955,Gold Loan,18,2014-05-24,60,Active,IDBI Bank
REC008021,PER02955,Car Loan,77,2015-10-21,48,Repaid,IndusInd Bank
REC008022,PER02956,Car Loan,82,2019-08-27,60,Active,HDFC Bank
REC008023,PER02956,Car Loan,68,2020-06-25,60,Repaid,Bank of Baroda
REC008024,PER02957,Personal Loan,16,2022-03-05,60,Active,Tata Capital
REC008025,PER02957,Car Loan,70,2014-08-21,48,Defaulted,Union Bank
REC008026,PER02957,Car Loan,57,2024-02-18,84,Defaulted,SBI
REC008027,PER02957,Car Loan,55,2024-03-03,60,Repaid,PNB
REC008028,PER02957,Personal Loan,19,2018-12-21,12,Defaulted,SBI
REC008029,PER02958,Business Loan,83,2024-01-23,12,Active,Bank of Baroda
REC008030,PER02958,Education Loan,40,2020-06-22,84,Repaid,IndusInd Bank
REC008031,PER02958,Car Loan,45,2019-07-26,60,Repaid,Bajaj Finserv
REC008032,PER02958,Two-Wheeler Loan,1,2014-06-13,12,Defaulted,Bank of Baroda
REC008033,PER02959,Education Loan,61,2021-08-15,84,Defaulted,Yes Bank
REC008034,PER02959,Home Loan,99,2021-07-07,120,Defaulted,Yes Bank
REC008035,PER02959,Consumer Durable Loan,20,2019-07-09,48,Repaid,SBI
REC008036,PER02960,Car Loan,67,2021-07-19,36,Repaid,Union Bank
REC008037,PER02961,Education Loan,62,2021-09-19,84,Repaid,HDFC Bank
REC008038,PER02961,Business Loan,158,2011-07-07,48,Repaid,IDBI Bank
REC008039,PER02961,Business Loan,96,2021-07-20,24,Defaulted,SBI
REC008040,PER02961,Education Loan,27,2011-12-09,36,Active,Yes Bank
REC008041,PER02961,Home Loan,156,2017-08-27,180,Repaid,LIC Housing Finance
REC008042,PER02961,Home Loan,107,2015-05-07,360,Active,Yes Bank
REC008043,PER02962,Home Loan,112,2019-02-13,180,Repaid,Kotak Mahindra
REC008044,PER02962,Home Loan,290,2010-01-27,240,Repaid,Bajaj Finserv
REC008045,PER02964,Car Loan,74,2010-07-28,36,Repaid,PNB
REC008046,PER02964,Personal Loan,20,2021-05-18,12,Active,Yes Bank
REC008047,PER02964,Car Loan,98,2016-04-02,36,Active,LIC Housing Finance
REC008048,PER02965,Home Loan,97,2023-04-12,180,Defaulted,Tata Capital
REC008049,PER02965,Business Loan,140,2015-03-19,60,Repaid,IDBI Bank
REC008050,PER02966,Home Loan,226,2022-05-03,180,Active,Bank of Baroda
REC008051,PER02966,Gold Loan,18,2022-10-28,60,Active,IDBI Bank
REC008052,PER02967,Home Loan,182,2018-09-23,300,Repaid,Kotak Mahindra
REC008053,PER02967,Consumer Durable Loan,3,2023-07-01,48,Active,Bank of Baroda
REC008054,PER02968,Gold Loan,9,2022-08-01,12,Active,IndusInd Bank
REC008055,PER02969,Car Loan,49,2018-01-21,48,Active,Bank of Baroda
REC008056,PER02969,Car Loan,45,2022-08-11,84,Repaid,LIC Housing Finance
REC008057,PER02969,Personal Loan,35,2010-08-02,60,Repaid,IDBI Bank
REC008058,PER02969,Business Loan,346,2014-11-03,12,Repaid,Canara Bank
REC008059,PER02969,Home Loan,94,2016-07-15,360,Repaid,Bajaj Finserv
REC008060,PER02970,Home Loan,297,2010-05-04,120,Repaid,Canara Bank
REC008061,PER02970,Gold Loan,37,2011-04-27,60,Repaid,Bank of Baroda
REC008062,PER02970,Business Loan,79,2015-06-01,24,Repaid,IDBI Bank
REC008063,PER02970,Personal Loan,33,2023-07-12,48,Repaid,Union Bank
REC008064,PER02970,Consumer Durable Loan,9,2023-04-01,12,Repaid,IDBI Bank
REC008065,PER02970,Personal Loan,38,2024-02-16,60,Repaid,Union Bank
REC008066,PER02971,Education Loan,37,2020-08-07,60,Repaid,Tata Capital
REC008067,PER02971,Home Loan,179,2010-05-21,300,Repaid,ICICI Bank
REC008068,PER02972,Business Loan,37,2011-03-15,36,Repaid,Kotak Mahindra
REC008069,PER02972,Business Loan,258,2023-12-26,36,Active,Axis Bank
REC008070,PER02972,Personal Loan,81,2014-07-03,36,Defaulted,IDBI Bank
REC008071,PER02972,Personal Loan,40,2019-01-02,36,Repaid,ICICI Bank
REC008072,PER02972,Personal Loan,45,2012-09-22,36,Repaid,Yes Bank
REC008073,PER02973,Car Loan,61,2018-06-13,60,Repaid,PNB
REC008074,PER02973,Home Loan,139,2018-07-26,180,Defaulted,LIC Housing Finance
REC008075,PER02973,Personal Loan,20,2019-05-15,24,Defaulted,Bank of Baroda
REC008076,PER02974,Education Loan,56,2014-04-21,48,Defaulted,LIC Housing Finance
REC008077,PER02974,Car Loan,59,2012-08-17,36,Repaid,ICICI Bank
REC008078,PER02974,Personal Loan,12,2022-11-01,24,Defaulted,Axis Bank
REC008079,PER02975,Car Loan,63,2023-07-10,84,Active,Yes Bank
REC008080,PER02976,Car Loan,35,2012-07-05,48,Defaulted,IndusInd Bank
REC008081,PER02976,Business Loan,63,2014-08-06,24,Repaid,Kotak Mahindra
REC008082,PER02976,Personal Loan,16,2023-11-02,36,Repaid,Bank of Baroda
REC008083,PER02976,Car Loan,82,2018-11-22,84,Defaulted,Canara Bank
REC008084,PER02976,Home Loan,472,2011-11-04,360,Defaulted,HDFC Bank
REC008085,PER02977,Personal Loan,13,2025-08-18,24,Defaulted,Kotak Mahindra
REC008086,PER02977,Home Loan,350,2024-05-28,180,Defaulted,Axis Bank
REC008087,PER02977,Business Loan,111,2011-08-05,36,Repaid,Bajaj Finserv
REC008088,PER02977,Personal Loan,35,2013-10-11,36,Defaulted,PNB
REC008089,PER02978,Home Loan,99,2021-01-09,300,Repaid,Axis Bank
REC008090,PER02978,Home Loan,100,2012-04-25,360,Repaid,Yes Bank
REC008091,PER02978,Home Loan,161,2016-03-25,120,Defaulted,Bank of Baroda
REC008092,PER02978,Business Loan,20,2014-11-26,48,Defaulted,Yes Bank
REC008093,PER02978,Business Loan,125,2015-01-17,12,Defaulted,Bank of Baroda
REC008094,PER02979,Gold Loan,41,2010-09-23,36,Repaid,Union Bank
REC008095,PER02980,Home Loan,260,2020-01-19,360,Repaid,Kotak Mahindra
REC008096,PER02980,Home Loan,140,2021-11-10,180,Repaid,Axis Bank
REC008097,PER02980,Consumer Durable Loan,7,2014-05-14,48,Repaid,Kotak Mahindra
REC008098,PER02980,Personal Loan,18,2024-05-14,12,Repaid,IndusInd Bank
REC008099,PER02981,Home Loan,215,2024-11-22,120,Defaulted,Kotak Mahindra
REC008100,PER02981,Home Loan,115,2016-02-22,360,Active,IDBI Bank
REC008101,PER02981,Personal Loan,35,2024-03-03,36,Active,Canara Bank
REC008102,PER02982,Car Loan,40,2022-07-16,84,Active,Kotak Mahindra
REC008103,PER02982,Car Loan,32,2014-10-04,60,Repaid,Union Bank
REC008104,PER02983,Personal Loan,61,2010-09-25,12,Repaid,Axis Bank
REC008105,PER02983,Home Loan,143,2011-07-08,240,Repaid,Canara Bank
REC008106,PER02983,Home Loan,387,2013-11-06,360,Repaid,Axis Bank
REC008107,PER02983,Education Loan,33,2013-10-23,60,Active,IDBI Bank
REC008108,PER02983,Home Loan,267,2025-08-13,180,Repaid,Canara Bank
REC008109,PER02983,Gold Loan,7,2016-08-16,24,Repaid,Axis Bank
REC008110,PER02983,Home Loan,127,2016-05-20,240,Repaid,Canara Bank
REC008111,PER02984,Business Loan,24,2020-12-17,48,Defaulted,Axis Bank
REC008112,PER02984,Education Loan,39,2010-08-18,36,Defaulted,Union Bank
REC008113,PER02984,Consumer Durable Loan,13,2012-01-28,48,Defaulted,Union Bank
REC008114,PER02984,Personal Loan,64,2025-01-13,12,Defaulted,IDBI Bank
REC008115,PER02986,Home Loan,77,2012-02-18,180,Repaid,Axis Bank
REC008116,PER02986,Personal Loan,57,2011-05-13,24,Repaid,Tata Capital
REC008117,PER02986,Personal Loan,36,2022-02-19,24,Repaid,HDFC Bank
REC008118,PER02987,Car Loan,49,2023-04-09,48,Repaid,LIC Housing Finance
REC008119,PER02987,Two-Wheeler Loan,7,2022-11-14,36,Active,ICICI Bank
REC008120,PER02987,Car Loan,43,2015-12-07,48,Repaid,LIC Housing Finance
REC008121,PER02987,Home Loan,340,2017-05-19,240,Repaid,HDFC Bank
REC008122,PER02987,Personal Loan,52,2021-12-19,60,Defaulted,HDFC Bank
REC008123,PER02987,Home Loan,142,2025-12-23,240,Active,HDFC Bank
REC008124,PER02987,Personal Loan,54,2011-06-08,36,Repaid,Yes Bank
REC008125,PER02988,Car Loan,54,2024-12-20,60,Repaid,Tata Capital
REC008126,PER02988,Car Loan,50,2022-02-18,84,Active,Union Bank
REC008127,PER02989,Home Loan,271,2024-08-13,300,Repaid,LIC Housing Finance
REC008128,PER02989,Personal Loan,31,2013-04-02,12,Repaid,Union Bank
REC008129,PER02990,Education Loan,16,2016-06-27,60,Repaid,Bajaj Finserv
REC008130,PER02990,Two-Wheeler Loan,5,2014-02-08,48,Repaid,LIC Housing Finance
REC008131,PER02990,Car Loan,55,2015-12-15,48,Repaid,PNB
REC008132,PER02990,Personal Loan,14,2010-12-14,36,Repaid,PNB
REC008133,PER02991,Home Loan,118,2020-09-26,300,Repaid,ICICI Bank
REC008134,PER02991,Two-Wheeler Loan,15,2013-12-03,36,Repaid,ICICI Bank
REC008135,PER02991,Car Loan,39,2016-10-25,84,Defaulted,IDBI Bank
REC008136,PER02991,Gold Loan,9,2010-07-08,60,Repaid,IDBI Bank
REC008137,PER02991,Car Loan,31,2025-02-16,84,Active,Tata Capital
REC008138,PER02991,Home Loan,159,2012-01-12,180,Defaulted,Bank of Baroda
REC008139,PER02991,Car Loan,29,2023-04-06,60,Active,PNB
REC008140,PER02993,Home Loan,106,2014-09-04,180,Defaulted,IndusInd Bank
REC008141,PER02994,Home Loan,215,2016-12-04,120,Repaid,SBI
REC008142,PER02994,Home Loan,283,2018-08-25,300,Active,Bajaj Finserv
REC008143,PER02994,Personal Loan,38,2014-11-07,24,Repaid,HDFC Bank
REC008144,PER02994,Two-Wheeler Loan,4,2019-08-07,48,Repaid,ICICI Bank
REC008145,PER02994,Personal Loan,64,2017-08-15,12,Active,Canara Bank
REC008146,PER02995,Personal Loan,31,2014-07-02,48,Active,Bank of Baroda
REC008147,PER02995,Personal Loan,36,2014-02-22,60,Active,SBI
REC008148,PER02995,Business Loan,147,2025-09-27,60,Repaid,Bank of Baroda
REC008149,PER02995,Home Loan,148,2017-05-02,360,Active,Canara Bank
REC008150,PER02996,Two-Wheeler Loan,5,2021-05-23,24,Active,ICICI Bank
REC008151,PER02996,Personal Loan,50,2017-01-25,48,Active,Kotak Mahindra
REC008152,PER02997,Personal Loan,29,2010-03-03,60,Repaid,SBI
REC008153,PER02997,Personal Loan,33,2023-01-24,12,Repaid,ICICI Bank
REC008154,PER02997,Home Loan,477,2020-09-07,120,Repaid,HDFC Bank
REC008155,PER02998,Consumer Durable Loan,3,2019-08-28,48,Active,SBI
REC008156,PER02998,Business Loan,71,2015-08-17,36,Repaid,SBI
REC008157,PER02998,Car Loan,48,2020-03-26,36,Active,Canara Bank
REC008158,PER02999,Home Loan,316,2020-05-19,120,Active,Tata Capital
REC008159,PER02999,Personal Loan,44,2021-02-23,24,Active,Kotak Mahindra
REC008160,PER02999,Business Loan,64,2021-10-16,12,Defaulted,Tata Capital
REC008161,PER02999,Home Loan,450,2023-11-03,240,Active,PNB
REC008162,PER03000,Personal Loan,6,2025-06-01,12,Active,Union Bank
REC008163,PER03000,Car Loan,45,2023-06-23,84,Repaid,Tata Capital
REC008164,PER03000,Personal Loan,19,2023-05-16,24,Active,PNB
REC008165,PER03000,Personal Loan,50,2024-11-15,12,Active,HDFC Bank
REC008166,PER03000,Car Loan,68,2011-02-03,48,Active,ICICI Bank
REC008167,PER03000,Personal Loan,20,2021-08-09,24,Repaid,Bajaj Finserv
REC008168,PER03000,Gold Loan,8,2013-06-23,60,Repaid,ICICI Bank
REC008169,PER03001,Consumer Durable Loan,8,2020-12-19,60,Repaid,Canara Bank
REC008170,PER03001,Car Loan,72,2013-04-16,84,Repaid,Yes Bank
REC008171,PER03001,Personal Loan,51,2018-08-21,60,Repaid,Canara Bank
REC008172,PER03002,Personal Loan,48,2012-08-02,36,Active,Bajaj Finserv
REC008173,PER03002,Car Loan,33,2012-03-09,36,Repaid,Union Bank
REC008174,PER03002,Personal Loan,36,2014-06-24,12,Repaid,IDBI Bank
REC008175,PER03002,Business Loan,66,2018-10-04,36,Active,Bajaj Finserv
REC008176,PER03002,Personal Loan,41,2024-08-01,12,Repaid,LIC Housing Finance
REC008177,PER03002,Gold Loan,6,2013-11-05,36,Repaid,PNB
REC008178,PER03002,Personal Loan,72,2021-08-08,24,Repaid,Union Bank
REC008179,PER03003,Car Loan,60,2011-10-05,36,Active,Kotak Mahindra
REC008180,PER03003,Home Loan,257,2019-08-22,300,Repaid,Kotak Mahindra
REC008181,PER03004,Personal Loan,46,2023-12-19,12,Active,Canara Bank
REC008182,PER03004,Car Loan,27,2024-12-19,36,Repaid,Kotak Mahindra
REC008183,PER03004,Personal Loan,47,2020-04-21,12,Defaulted,HDFC Bank
REC008184,PER03004,Education Loan,35,2012-09-03,60,Repaid,ICICI Bank
REC008185,PER03004,Car Loan,74,2023-10-24,48,Repaid,IndusInd Bank
REC008186,PER03005,Education Loan,27,2018-08-27,48,Active,HDFC Bank
REC008187,PER03006,Two-Wheeler Loan,6,2019-12-25,48,Repaid,HDFC Bank
REC008188,PER03006,Gold Loan,26,2017-07-12,24,Defaulted,LIC Housing Finance
REC008189,PER03007,Personal Loan,48,2013-06-01,24,Repaid,Union Bank
REC008190,PER03007,Car Loan,65,2014-01-18,48,Repaid,Canara Bank
REC008191,PER03007,Consumer Durable Loan,7,2024-04-09,60,Repaid,Kotak Mahindra
REC008192,PER03008,Car Loan,80,2017-04-25,48,Repaid,IDBI Bank
REC008193,PER03008,Home Loan,69,2021-03-27,360,Repaid,Kotak Mahindra
REC008194,PER03008,Education Loan,41,2024-02-25,48,Repaid,IndusInd Bank
REC008195,PER03008,Business Loan,64,2022-03-10,48,Repaid,Bank of Baroda
REC008196,PER03008,Car Loan,29,2022-02-16,48,Active,IndusInd Bank
REC008197,PER03008,Car Loan,72,2010-04-18,36,Repaid,SBI
REC008198,PER03009,Education Loan,119,2018-03-20,48,Repaid,IDBI Bank
REC008199,PER03009,Two-Wheeler Loan,5,2021-09-14,24,Repaid,LIC Housing Finance
REC008200,PER03009,Home Loan,275,2010-09-02,180,Repaid,Bajaj Finserv
REC008201,PER03010,Car Loan,91,2025-04-18,60,Active,Canara Bank
REC008202,PER03011,Personal Loan,75,2016-02-14,24,Repaid,ICICI Bank
REC008203,PER03011,Home Loan,190,2011-07-12,120,Repaid,PNB
REC008204,PER03011,Gold Loan,14,2014-02-10,60,Repaid,Tata Capital
REC008205,PER03012,Home Loan,151,2015-07-27,240,Repaid,Tata Capital
REC008206,PER03012,Consumer Durable Loan,4,2014-12-23,48,Repaid,HDFC Bank
REC008207,PER03012,Education Loan,71,2021-08-04,48,Repaid,Axis Bank
REC008208,PER03013,Business Loan,32,2013-06-03,12,Repaid,Kotak Mahindra
REC008209,PER03013,Personal Loan,22,2024-05-22,12,Active,ICICI Bank
REC008210,PER03015,Personal Loan,29,2024-09-18,60,Repaid,Bank of Baroda
REC008211,PER03015,Personal Loan,49,2019-04-06,48,Repaid,SBI
REC008212,PER03016,Car Loan,32,2013-05-18,36,Active,HDFC Bank
REC008213,PER03016,Home Loan,73,2024-04-05,180,Active,PNB
REC008214,PER03016,Personal Loan,32,2010-11-02,60,Repaid,HDFC Bank
REC008215,PER03016,Home Loan,90,2025-03-02,360,Repaid,Canara Bank
REC008216,PER03016,Home Loan,237,2020-05-18,360,Active,IDBI Bank
REC008217,PER03016,Business Loan,121,2022-09-12,36,Repaid,Tata Capital
REC008218,PER03016,Home Loan,320,2015-01-13,240,Repaid,IDBI Bank
REC008219,PER03016,Business Loan,28,2020-06-20,24,Repaid,HDFC Bank
REC008220,PER03017,Education Loan,60,2024-01-28,60,Active,PNB
REC008221,PER03017,Car Loan,40,2020-04-05,84,Repaid,IDBI Bank
REC008222,PER03018,Personal Loan,24,2023-06-10,36,Repaid,Union Bank
REC008223,PER03018,Home Loan,292,2020-03-21,360,Active,IDBI Bank
REC008224,PER03019,Education Loan,34,2015-06-02,48,Active,Yes Bank
REC008225,PER03020,Home Loan,96,2010-02-01,300,Repaid,Yes Bank
REC008226,PER03020,Personal Loan,44,2012-11-07,48,Defaulted,Bank of Baroda
REC008227,PER03021,Education Loan,40,2013-09-01,60,Repaid,HDFC Bank
REC008228,PER03021,Home Loan,50,2020-01-21,180,Repaid,Canara Bank
REC008229,PER03021,Home Loan,157,2013-07-07,180,Repaid,SBI
REC008230,PER03022,Education Loan,19,2019-05-02,84,Repaid,Tata Capital
REC008231,PER03022,Education Loan,41,2024-04-12,36,Active,IndusInd Bank
REC008232,PER03022,Gold Loan,11,2010-12-15,36,Repaid,Axis Bank
REC008233,PER03022,Gold Loan,16,2016-03-21,24,Repaid,Yes Bank
REC008234,PER03022,Gold Loan,22,2011-10-03,48,Active,IDBI Bank
REC008235,PER03023,Education Loan,47,2019-06-14,48,Repaid,IDBI Bank
REC008236,PER03024,Home Loan,172,2021-11-08,360,Repaid,IndusInd Bank
REC008237,PER03024,Car Loan,53,2017-06-07,60,Defaulted,IndusInd Bank
REC008238,PER03024,Personal Loan,52,2010-08-10,36,Defaulted,Kotak Mahindra
REC008239,PER03024,Education Loan,50,2024-03-22,84,Defaulted,IndusInd Bank
REC008240,PER03024,Education Loan,37,2022-10-17,48,Defaulted,ICICI Bank
REC008241,PER03025,Business Loan,212,2023-03-09,24,Repaid,LIC Housing Finance
REC008242,PER03025,Home Loan,253,2015-03-12,120,Repaid,IndusInd Bank
REC008243,PER03026,Home Loan,441,2016-12-14,300,Active,Union Bank
REC008244,PER03026,Home Loan,111,2015-06-15,120,Defaulted,PNB
REC008245,PER03026,Home Loan,66,2022-07-03,180,Active,HDFC Bank
REC008246,PER03026,Education Loan,64,2024-09-05,84,Repaid,Tata Capital
REC008247,PER03026,Home Loan,96,2018-02-17,120,Repaid,Axis Bank
REC008248,PER03027,Business Loan,24,2025-04-13,60,Defaulted,PNB
REC008249,PER03028,Personal Loan,42,2013-11-18,36,Active,LIC Housing Finance
REC008250,PER03028,Home Loan,209,2015-06-18,240,Repaid,LIC Housing Finance
REC008251,PER03028,Home Loan,117,2021-04-14,180,Repaid,LIC Housing Finance
REC008252,PER03028,Personal Loan,62,2011-12-12,12,Active,Axis Bank
REC008253,PER03029,Car Loan,129,2025-07-23,60,Repaid,Yes Bank
REC008254,PER03029,Consumer Durable Loan,18,2016-03-11,60,Repaid,Canara Bank
REC008255,PER03029,Home Loan,165,2023-08-19,180,Repaid,IndusInd Bank
REC008256,PER03030,Personal Loan,19,2023-04-12,12,Active,Yes Bank
REC008257,PER03030,Personal Loan,64,2018-05-20,24,Repaid,Bank of Baroda
REC008258,PER03030,Home Loan,170,2017-01-13,120,Repaid,IndusInd Bank
REC008259,PER03032,Home Loan,130,2012-10-06,180,Active,HDFC Bank
REC008260,PER03033,Home Loan,171,2013-11-07,240,Active,Tata Capital
REC008261,PER03033,Gold Loan,2,2011-07-15,12,Defaulted,Axis Bank
REC008262,PER03033,Car Loan,62,2023-04-24,60,Active,Kotak Mahindra
REC008263,PER03034,Home Loan,145,2023-04-07,120,Repaid,Axis Bank
REC008264,PER03034,Car Loan,42,2012-08-24,84,Defaulted,Bank of Baroda
REC008265,PER03034,Business Loan,149,2011-09-03,12,Repaid,LIC Housing Finance
REC008266,PER03034,Car Loan,48,2025-12-12,36,Repaid,Kotak Mahindra
REC008267,PER03036,Two-Wheeler Loan,3,2021-08-20,60,Defaulted,Axis Bank
REC008268,PER03036,Personal Loan,14,2016-06-05,12,Repaid,Bajaj Finserv
REC008269,PER03036,Personal Loan,37,2015-03-02,12,Defaulted,Bank of Baroda
REC008270,PER03036,Personal Loan,71,2021-09-18,48,Active,ICICI Bank
REC008271,PER03036,Personal Loan,18,2022-03-21,60,Defaulted,Canara Bank
REC008272,PER03036,Gold Loan,23,2013-07-22,60,Repaid,LIC Housing Finance
REC008273,PER03036,Home Loan,154,2018-06-05,360,Defaulted,ICICI Bank
REC008274,PER03037,Home Loan,125,2018-08-22,180,Active,ICICI Bank
REC008275,PER03037,Personal Loan,75,2025-09-16,12,Repaid,Bajaj Finserv
REC008276,PER03038,Home Loan,100,2011-07-01,120,Repaid,PNB
REC008277,PER03038,Home Loan,345,2015-01-15,180,Repaid,Bajaj Finserv
REC008278,PER03038,Home Loan,158,2012-08-07,300,Repaid,SBI
REC008279,PER03038,Home Loan,112,2015-02-26,240,Repaid,SBI
REC008280,PER03038,Education Loan,30,2025-09-16,60,Active,HDFC Bank
REC008281,PER03038,Personal Loan,85,2023-08-06,36,Repaid,ICICI Bank
REC008282,PER03039,Education Loan,58,2013-03-14,60,Repaid,Bank of Baroda
REC008283,PER03040,Car Loan,37,2011-01-20,36,Repaid,Kotak Mahindra
REC008284,PER03041,Personal Loan,33,2025-05-25,24,Repaid,Canara Bank
REC008285,PER03041,Home Loan,72,2015-12-17,180,Repaid,Bajaj Finserv
REC008286,PER03042,Education Loan,39,2025-12-07,84,Repaid,Bajaj Finserv
REC008287,PER03042,Car Loan,88,2022-11-11,48,Active,IndusInd Bank
REC008288,PER03042,Personal Loan,34,2020-08-09,12,Defaulted,Yes Bank
REC008289,PER03042,Gold Loan,16,2023-06-20,12,Active,IDBI Bank
REC008290,PER03042,Business Loan,118,2018-10-17,12,Active,Canara Bank
REC008291,PER03042,Personal Loan,15,2011-12-16,12,Active,PNB
REC008292,PER03043,Personal Loan,46,2011-02-21,24,Repaid,Yes Bank
REC008293,PER03043,Home Loan,160,2022-12-19,360,Repaid,Kotak Mahindra
REC008294,PER03043,Education Loan,17,2011-11-12,60,Defaulted,Canara Bank
REC008295,PER03044,Car Loan,68,2018-12-16,36,Repaid,Kotak Mahindra
REC008296,PER03044,Business Loan,81,2021-03-04,12,Active,ICICI Bank
REC008297,PER03044,Car Loan,127,2017-07-08,36,Repaid,LIC Housing Finance
REC008298,PER03044,Education Loan,35,2023-07-02,60,Active,Yes Bank
REC008299,PER03044,Home Loan,501,2024-01-06,360,Active,Yes Bank
REC008300,PER03045,Personal Loan,87,2013-08-12,60,Active,Bank of Baroda
REC008301,PER03045,Personal Loan,21,2022-01-05,60,Repaid,Tata Capital
REC008302,PER03045,Personal Loan,34,2016-07-17,24,Active,LIC Housing Finance
REC008303,PER03045,Personal Loan,47,2012-08-04,60,Active,IndusInd Bank
REC008304,PER03045,Car Loan,53,2023-02-17,36,Repaid,LIC Housing Finance
REC008305,PER03046,Home Loan,276,2016-09-23,180,Active,HDFC Bank
REC008306,PER03046,Business Loan,36,2016-11-24,36,Active,PNB
REC008307,PER03046,Education Loan,22,2016-09-01,84,Active,SBI
REC008308,PER03046,Home Loan,121,2016-10-03,120,Repaid,ICICI Bank
REC008309,PER03047,Home Loan,89,2023-04-09,360,Active,SBI
REC008310,PER03048,Personal Loan,90,2016-11-22,12,Active,Kotak Mahindra
REC008311,PER03048,Home Loan,206,2024-06-14,360,Repaid,LIC Housing Finance
REC008312,PER03049,Home Loan,109,2016-02-27,120,Repaid,Canara Bank
REC008313,PER03049,Car Loan,43,2025-09-25,48,Active,Kotak Mahindra
REC008314,PER03049,Car Loan,31,2022-01-20,36,Active,SBI
REC008315,PER03049,Education Loan,30,2010-05-11,84,Repaid,Bank of Baroda
REC008316,PER03049,Personal Loan,23,2012-11-01,48,Defaulted,Axis Bank
REC008317,PER03049,Gold Loan,4,2024-06-13,60,Defaulted,IDBI Bank
REC008318,PER03050,Gold Loan,13,2020-08-16,60,Active,Bank of Baroda
REC008319,PER03050,Education Loan,36,2022-11-03,84,Repaid,Tata Capital
REC008320,PER03050,Two-Wheeler Loan,4,2023-01-04,60,Active,SBI
REC008321,PER03050,Home Loan,89,2012-01-20,120,Repaid,Bank of Baroda
REC008322,PER03050,Business Loan,76,2011-07-12,48,Repaid,SBI
REC008323,PER03051,Personal Loan,27,2025-08-15,60,Defaulted,IDBI Bank
REC008324,PER03051,Personal Loan,22,2016-06-16,60,Repaid,Axis Bank
REC008325,PER03051,Home Loan,385,2021-07-09,240,Active,Tata Capital
REC008326,PER03053,Business Loan,20,2011-09-18,12,Active,Tata Capital
REC008327,PER03054,Home Loan,80,2020-04-03,360,Repaid,Axis Bank
REC008328,PER03054,Education Loan,52,2025-03-25,84,Repaid,Yes Bank
REC008329,PER03055,Personal Loan,36,2018-07-16,36,Repaid,IDBI Bank
REC008330,PER03055,Education Loan,46,2019-01-08,60,Repaid,ICICI Bank
REC008331,PER03056,Business Loan,210,2014-10-14,60,Repaid,Union Bank
REC008332,PER03056,Home Loan,239,2019-04-26,300,Active,Yes Bank
REC008333,PER03057,Car Loan,106,2015-02-22,36,Active,ICICI Bank
REC008334,PER03057,Car Loan,55,2018-12-11,84,Repaid,Canara Bank
REC008335,PER03058,Business Loan,161,2022-11-13,12,Repaid,PNB
REC008336,PER03058,Personal Loan,23,2013-01-19,24,Repaid,IDBI Bank
REC008337,PER03059,Personal Loan,21,2010-12-21,60,Repaid,LIC Housing Finance
REC008338,PER03059,Personal Loan,40,2020-07-09,36,Repaid,LIC Housing Finance
REC008339,PER03060,Home Loan,211,2024-11-10,300,Active,LIC Housing Finance
REC008340,PER03060,Personal Loan,26,2021-01-08,48,Repaid,IDBI Bank
REC008341,PER03060,Home Loan,174,2021-10-26,180,Active,Axis Bank
REC008342,PER03063,Car Loan,45,2012-11-11,36,Active,Union Bank
REC008343,PER03063,Home Loan,485,2010-05-03,240,Defaulted,Axis Bank
REC008344,PER03064,Home Loan,110,2022-09-13,180,Repaid,Axis Bank
REC008345,PER03065,Home Loan,153,2018-01-10,360,Defaulted,PNB
REC008346,PER03065,Business Loan,28,2010-03-23,24,Active,Tata Capital
REC008347,PER03066,Business Loan,136,2014-03-17,36,Repaid,IDBI Bank
REC008348,PER03066,Home Loan,194,2014-08-11,240,Repaid,IDBI Bank
REC008349,PER03066,Home Loan,241,2018-01-12,240,Active,IDBI Bank
REC008350,PER03067,Personal Loan,43,2023-07-25,48,Repaid,Bank of Baroda
REC008351,PER03067,Home Loan,118,2025-03-03,120,Defaulted,Yes Bank
REC008352,PER03067,Home Loan,135,2017-08-03,240,Repaid,Yes Bank
REC008353,PER03068,Personal Loan,11,2015-10-24,60,Repaid,Axis Bank
REC008354,PER03068,Home Loan,124,2017-08-11,120,Active,Kotak Mahindra
REC008355,PER03069,Home Loan,271,2022-05-24,180,Active,IDBI Bank
REC008356,PER03069,Car Loan,56,2015-09-13,60,Repaid,Axis Bank
REC008357,PER03070,Education Loan,15,2015-09-10,48,Active,Union Bank
REC008358,PER03071,Personal Loan,18,2010-02-12,48,Active,PNB
REC008359,PER03071,Personal Loan,27,2019-01-20,12,Repaid,Canara Bank
REC008360,PER03072,Home Loan,341,2014-02-10,300,Repaid,Axis Bank
REC008361,PER03072,Car Loan,37,2013-03-18,84,Defaulted,Tata Capital
REC008362,PER03072,Home Loan,83,2025-10-09,120,Repaid,Kotak Mahindra
REC008363,PER03072,Education Loan,46,2010-10-25,48,Repaid,SBI
REC008364,PER03072,Home Loan,186,2024-08-24,120,Defaulted,Bank of Baroda
REC008365,PER03072,Education Loan,21,2019-06-03,48,Repaid,Bank of Baroda
REC008366,PER03072,Personal Loan,36,2020-01-05,36,Repaid,IndusInd Bank
REC008367,PER03073,Home Loan,110,2018-10-02,240,Active,IDBI Bank
REC008368,PER03073,Home Loan,299,2017-01-13,120,Repaid,ICICI Bank
REC008369,PER03073,Education Loan,48,2017-07-28,36,Repaid,HDFC Bank
REC008370,PER03075,Car Loan,118,2022-04-25,36,Repaid,Kotak Mahindra
REC008371,PER03075,Home Loan,252,2014-12-05,300,Repaid,IndusInd Bank
REC008372,PER03076,Business Loan,100,2018-04-22,48,Active,Tata Capital
REC008373,PER03076,Home Loan,350,2019-08-09,180,Active,Kotak Mahindra
REC008374,PER03076,Personal Loan,25,2024-01-12,24,Repaid,Union Bank
REC008375,PER03076,Home Loan,256,2024-06-18,360,Repaid,SBI
REC008376,PER03077,Car Loan,53,2023-06-28,36,Repaid,Canara Bank
REC008377,PER03077,Personal Loan,10,2014-05-03,48,Repaid,PNB
REC008378,PER03078,Personal Loan,26,2016-12-06,12,Repaid,Union Bank
REC008379,PER03079,Car Loan,92,2010-02-09,84,Repaid,Yes Bank
REC008380,PER03080,Education Loan,54,2015-09-16,60,Repaid,PNB
REC008381,PER03080,Business Loan,94,2018-03-13,36,Defaulted,Kotak Mahindra
REC008382,PER03080,Personal Loan,25,2022-11-10,12,Repaid,Tata Capital
REC008383,PER03080,Business Loan,113,2015-08-23,12,Repaid,IndusInd Bank
REC008384,PER03081,Home Loan,298,2015-06-12,300,Repaid,Tata Capital
REC008385,PER03082,Education Loan,72,2013-02-11,84,Active,HDFC Bank
REC008386,PER03082,Home Loan,277,2014-10-08,240,Repaid,HDFC Bank
REC008387,PER03083,Gold Loan,15,2017-04-21,24,Active,Kotak Mahindra
REC008388,PER03084,Home Loan,346,2017-03-22,300,Repaid,Kotak Mahindra
REC008389,PER03084,Home Loan,269,2020-09-05,180,Active,Kotak Mahindra
REC008390,PER03084,Car Loan,59,2019-04-15,84,Defaulted,Bajaj Finserv
REC008391,PER03084,Education Loan,16,2016-01-09,36,Active,HDFC Bank
REC008392,PER03084,Car Loan,57,2019-12-05,60,Repaid,IDBI Bank
REC008393,PER03084,Home Loan,144,2016-12-03,360,Repaid,Tata Capital
REC008394,PER03085,Consumer Durable Loan,5,2013-04-14,36,Repaid,IDBI Bank
REC008395,PER03085,Business Loan,157,2024-10-04,12,Active,Tata Capital
REC008396,PER03085,Home Loan,162,2017-12-13,180,Active,SBI
REC008397,PER03085,Home Loan,184,2012-10-23,180,Active,Yes Bank
REC008398,PER03085,Two-Wheeler Loan,11,2019-09-05,48,Repaid,Tata Capital
REC008399,PER03085,Home Loan,123,2025-11-19,300,Active,Tata Capital
REC008400,PER03086,Home Loan,87,2023-07-12,240,Active,IndusInd Bank
REC008401,PER03086,Business Loan,79,2025-03-05,36,Repaid,Kotak Mahindra
REC008402,PER03086,Personal Loan,20,2023-10-13,12,Repaid,Union Bank
REC008403,PER03088,Car Loan,36,2023-01-10,60,Active,Bajaj Finserv
REC008404,PER03088,Education Loan,48,2025-08-21,60,Repaid,Yes Bank
REC008405,PER03089,Car Loan,66,2018-05-09,48,Repaid,IndusInd Bank
REC008406,PER03089,Car Loan,37,2012-09-14,48,Repaid,Bank of Baroda
REC008407,PER03090,Car Loan,37,2016-01-25,84,Defaulted,IndusInd Bank
REC008408,PER03090,Home Loan,152,2016-02-17,180,Defaulted,SBI
REC008409,PER03091,Two-Wheeler Loan,4,2022-05-21,12,Repaid,SBI
REC008410,PER03091,Personal Loan,49,2016-12-25,36,Repaid,Canara Bank
REC008411,PER03092,Car Loan,75,2018-10-07,60,Active,Bank of Baroda
REC008412,PER03093,Home Loan,116,2020-04-21,300,Defaulted,IDBI Bank
REC008413,PER03093,Consumer Durable Loan,12,2013-10-08,24,Defaulted,Axis Bank
REC008414,PER03093,Home Loan,50,2012-12-03,240,Repaid,Union Bank
REC008415,PER03093,Home Loan,101,2016-02-21,300,Active,Kotak Mahindra
REC008416,PER03093,Gold Loan,16,2012-02-26,48,Defaulted,HDFC Bank
REC008417,PER03093,Home Loan,288,2012-02-02,240,Defaulted,Bajaj Finserv
REC008418,PER03094,Home Loan,273,2017-12-22,300,Defaulted,Bank of Baroda
REC008419,PER03094,Personal Loan,24,2014-11-14,24,Active,SBI
REC008420,PER03094,Consumer Durable Loan,8,2019-01-13,24,Active,Axis Bank
REC008421,PER03095,Business Loan,123,2022-01-23,24,Repaid,IndusInd Bank
REC008422,PER03095,Home Loan,113,2011-08-11,300,Defaulted,Canara Bank
REC008423,PER03095,Personal Loan,14,2015-01-20,12,Repaid,Axis Bank
REC008424,PER03096,Personal Loan,24,2018-11-18,12,Repaid,Axis Bank
REC008425,PER03096,Two-Wheeler Loan,14,2021-08-25,60,Repaid,Axis Bank
REC008426,PER03097,Car Loan,46,2018-05-23,84,Repaid,Bajaj Finserv
REC008427,PER03097,Business Loan,20,2011-06-04,36,Repaid,Union Bank
REC008428,PER03097,Consumer Durable Loan,10,2010-02-07,12,Repaid,Union Bank
REC008429,PER03098,Car Loan,29,2015-06-26,36,Active,Union Bank
REC008430,PER03098,Car Loan,112,2024-01-13,84,Repaid,Tata Capital
REC008431,PER03099,Car Loan,72,2025-10-23,36,Defaulted,Union Bank
REC008432,PER03099,Home Loan,117,2013-11-09,240,Repaid,IndusInd Bank
REC008433,PER03099,Gold Loan,7,2023-01-26,60,Active,Canara Bank
REC008434,PER03099,Personal Loan,38,2013-01-24,60,Active,Axis Bank
REC008435,PER03099,Personal Loan,32,2022-05-17,48,Active,SBI
REC008436,PER03100,Home Loan,234,2018-08-24,300,Repaid,PNB
REC008437,PER03100,Home Loan,285,2021-08-15,360,Active,Union Bank
REC008438,PER03100,Personal Loan,17,2011-07-06,24,Repaid,Tata Capital
REC008439,PER03101,Car Loan,32,2014-05-13,84,Active,Bank of Baroda
REC008440,PER03101,Personal Loan,23,2015-07-12,12,Active,ICICI Bank
REC008441,PER03101,Home Loan,150,2025-11-28,180,Defaulted,Yes Bank
REC008442,PER03102,Home Loan,96,2022-11-14,240,Repaid,Yes Bank
REC008443,PER03102,Car Loan,90,2015-12-20,60,Defaulted,ICICI Bank
REC008444,PER03102,Gold Loan,13,2019-01-02,60,Repaid,PNB
REC008445,PER03103,Education Loan,45,2024-01-10,84,Active,IDBI Bank
REC008446,PER03103,Home Loan,113,2016-08-07,240,Repaid,Kotak Mahindra
REC008447,PER03104,Home Loan,174,2025-02-03,120,Defaulted,Union Bank
REC008448,PER03104,Education Loan,29,2020-05-06,60,Active,LIC Housing Finance
REC008449,PER03105,Education Loan,21,2014-11-01,60,Repaid,Bank of Baroda
REC008450,PER03105,Home Loan,76,2011-03-20,240,Repaid,IndusInd Bank
REC008451,PER03106,Personal Loan,36,2019-04-04,24,Repaid,Yes Bank
REC008452,PER03106,Home Loan,189,2024-04-27,360,Repaid,Yes Bank
REC008453,PER03106,Personal Loan,42,2011-02-11,48,Repaid,Union Bank
REC008454,PER03107,Consumer Durable Loan,23,2016-05-09,60,Repaid,Axis Bank
REC008455,PER03107,Home Loan,142,2015-02-18,240,Defaulted,Yes Bank
REC008456,PER03107,Education Loan,37,2017-12-24,60,Active,IndusInd Bank
REC008457,PER03107,Car Loan,76,2021-08-24,84,Repaid,Axis Bank
REC008458,PER03107,Business Loan,77,2014-11-11,36,Repaid,SBI
REC008459,PER03107,Consumer Durable Loan,6,2021-01-18,36,Active,Bajaj Finserv
REC008460,PER03107,Business Loan,205,2013-05-16,48,Active,IDBI Bank
REC008461,PER03107,Home Loan,277,2022-06-25,240,Repaid,Bank of Baroda
REC008462,PER03108,Personal Loan,24,2020-05-27,24,Repaid,PNB
REC008463,PER03108,Two-Wheeler Loan,4,2020-01-22,24,Repaid,Bajaj Finserv
REC008464,PER03109,Gold Loan,50,2012-04-24,24,Repaid,Yes Bank
REC008465,PER03109,Home Loan,84,2012-06-07,180,Repaid,Axis Bank
REC008466,PER03110,Home Loan,202,2012-08-18,120,Repaid,Bajaj Finserv
REC008467,PER03110,Home Loan,229,2018-03-07,360,Active,IndusInd Bank
REC008468,PER03111,Home Loan,253,2011-10-04,180,Repaid,Canara Bank
REC008469,PER03111,Education Loan,30,2014-06-01,36,Active,IndusInd Bank
REC008470,PER03112,Business Loan,63,2019-12-14,24,Active,IDBI Bank
REC008471,PER03112,Business Loan,93,2011-01-09,12,Repaid,Canara Bank
REC008472,PER03113,Personal Loan,28,2017-11-03,48,Active,Union Bank
REC008473,PER03113,Home Loan,91,2019-08-23,240,Active,LIC Housing Finance
REC008474,PER03113,Personal Loan,38,2012-01-13,48,Defaulted,Bajaj Finserv
REC008475,PER03114,Business Loan,197,2013-03-20,36,Repaid,IDBI Bank
REC008476,PER03114,Personal Loan,20,2018-03-01,60,Repaid,ICICI Bank
REC008477,PER03114,Car Loan,68,2017-07-08,60,Repaid,Axis Bank
REC008478,PER03114,Home Loan,64,2013-05-02,360,Defaulted,Bajaj Finserv
REC008479,PER03115,Home Loan,188,2025-01-10,120,Repaid,IndusInd Bank
REC008480,PER03115,Education Loan,35,2022-09-16,84,Active,LIC Housing Finance
REC008481,PER03115,Consumer Durable Loan,11,2013-07-24,60,Active,SBI
REC008482,PER03116,Education Loan,75,2010-11-13,84,Repaid,PNB
REC008483,PER03116,Business Loan,146,2015-06-28,12,Repaid,Bajaj Finserv
REC008484,PER03117,Car Loan,78,2025-04-01,60,Defaulted,ICICI Bank
REC008485,PER03118,Personal Loan,66,2021-08-14,12,Defaulted,Canara Bank
REC008486,PER03118,Personal Loan,19,2025-05-13,48,Repaid,Canara Bank
REC008487,PER03119,Consumer Durable Loan,8,2020-05-27,24,Repaid,Bank of Baroda
REC008488,PER03119,Home Loan,119,2022-03-28,360,Repaid,IndusInd Bank
REC008489,PER03120,Home Loan,236,2023-06-01,120,Active,PNB
REC008490,PER03121,Personal Loan,43,2025-09-19,36,Defaulted,Bajaj Finserv
REC008491,PER03121,Personal Loan,35,2013-10-01,60,Defaulted,IDBI Bank
REC008492,PER03121,Home Loan,132,2020-10-11,180,Defaulted,HDFC Bank
REC008493,PER03121,Home Loan,69,2012-07-01,360,Repaid,Union Bank
REC008494,PER03121,Car Loan,67,2010-03-16,36,Repaid,IDBI Bank
REC008495,PER03122,Personal Loan,39,2025-07-14,12,Active,ICICI Bank
REC008496,PER03123,Home Loan,260,2017-12-06,120,Repaid,Kotak Mahindra
REC008497,PER03123,Education Loan,33,2019-07-25,60,Repaid,Canara Bank
REC008498,PER03123,Home Loan,181,2023-10-22,120,Defaulted,Canara Bank
REC008499,PER03124,Gold Loan,9,2024-02-20,24,Repaid,Canara Bank
REC008500,PER03124,Car Loan,104,2017-05-21,48,Defaulted,Bank of Baroda
REC008501,PER03124,Two-Wheeler Loan,6,2021-09-27,48,Defaulted,HDFC Bank
REC008502,PER03124,Home Loan,467,2025-04-02,240,Defaulted,Axis Bank
REC008503,PER03124,Gold Loan,31,2019-04-22,12,Defaulted,PNB
REC008504,PER03125,Home Loan,58,2021-10-24,240,Active,Yes Bank
REC008505,PER03125,Education Loan,42,2010-11-19,84,Active,Bajaj Finserv
REC008506,PER03126,Business Loan,98,2011-04-06,12,Defaulted,Kotak Mahindra
REC008507,PER03126,Car Loan,76,2022-05-10,84,Repaid,Kotak Mahindra
REC008508,PER03127,Personal Loan,23,2011-02-11,24,Repaid,IDBI Bank
REC008509,PER03127,Home Loan,294,2019-01-06,300,Active,Tata Capital
REC008510,PER03128,Personal Loan,21,2017-09-14,12,Repaid,Kotak Mahindra
REC008511,PER03129,Home Loan,179,2022-05-14,180,Active,Bank of Baroda
REC008512,PER03129,Two-Wheeler Loan,8,2012-03-15,12,Repaid,Yes Bank
REC008513,PER03129,Business Loan,94,2025-10-08,24,Active,LIC Housing Finance
REC008514,PER03130,Home Loan,173,2025-07-15,360,Active,Bajaj Finserv
REC008515,PER03130,Gold Loan,3,2017-11-08,12,Repaid,Kotak Mahindra
REC008516,PER03130,Personal Loan,23,2019-02-26,12,Repaid,Bajaj Finserv
REC008517,PER03131,Home Loan,162,2018-03-22,180,Active,Tata Capital
REC008518,PER03131,Personal Loan,63,2024-01-21,36,Repaid,LIC Housing Finance
REC008519,PER03132,Personal Loan,30,2010-06-14,24,Repaid,Canara Bank
REC008520,PER03133,Home Loan,121,2023-07-04,120,Repaid,Yes Bank
REC008521,PER03133,Home Loan,143,2023-01-28,300,Repaid,PNB
REC008522,PER03133,Car Loan,82,2020-05-01,84,Repaid,Bank of Baroda
REC008523,PER03133,Personal Loan,72,2012-05-25,60,Repaid,ICICI Bank
REC008524,PER03133,Education Loan,65,2025-10-19,60,Repaid,IDBI Bank
REC008525,PER03134,Personal Loan,11,2025-02-26,24,Repaid,Kotak Mahindra
REC008526,PER03135,Car Loan,58,2014-04-09,84,Defaulted,SBI
REC008527,PER03135,Car Loan,72,2021-05-15,84,Repaid,Yes Bank
REC008528,PER03135,Personal Loan,48,2014-08-27,12,Repaid,Union Bank
REC008529,PER03135,Home Loan,92,2013-07-22,240,Repaid,Kotak Mahindra
REC008530,PER03136,Home Loan,259,2018-03-20,240,Defaulted,IDBI Bank
REC008531,PER03136,Home Loan,104,2011-10-23,360,Defaulted,Tata Capital
REC008532,PER03136,Education Loan,43,2020-10-01,60,Active,IndusInd Bank
REC008533,PER03136,Education Loan,19,2016-05-10,48,Defaulted,Bank of Baroda
REC008534,PER03137,Business Loan,66,2024-08-02,36,Defaulted,Yes Bank
REC008535,PER03137,Home Loan,126,2019-07-08,240,Active,IndusInd Bank
REC008536,PER03138,Education Loan,47,2011-03-19,84,Defaulted,Union Bank
REC008537,PER03138,Home Loan,215,2014-05-21,120,Defaulted,IndusInd Bank
REC008538,PER03138,Consumer Durable Loan,10,2015-06-26,36,Repaid,Bajaj Finserv
REC008539,PER03138,Gold Loan,13,2020-01-18,12,Defaulted,ICICI Bank
REC008540,PER03138,Personal Loan,21,2015-05-08,24,Repaid,IDBI Bank
REC008541,PER03138,Education Loan,83,2023-07-19,60,Active,Kotak Mahindra
REC008542,PER03139,Business Loan,110,2022-05-13,12,Repaid,Union Bank
REC008543,PER03139,Personal Loan,21,2024-06-18,36,Repaid,Yes Bank
REC008544,PER03139,Personal Loan,34,2014-04-15,12,Active,Kotak Mahindra
REC008545,PER03139,Personal Loan,53,2024-05-13,48,Active,Bank of Baroda
REC008546,PER03140,Education Loan,84,2013-02-21,36,Repaid,LIC Housing Finance
REC008547,PER03140,Personal Loan,37,2013-06-05,36,Repaid,Canara Bank
REC008548,PER03140,Home Loan,344,2010-05-11,240,Repaid,Tata Capital
REC008549,PER03140,Personal Loan,20,2015-10-08,48,Repaid,Bajaj Finserv
REC008550,PER03140,Two-Wheeler Loan,8,2021-12-23,60,Repaid,Bank of Baroda
REC008551,PER03140,Personal Loan,26,2025-02-27,36,Repaid,ICICI Bank
REC008552,PER03140,Personal Loan,56,2020-01-11,12,Repaid,Kotak Mahindra
REC008553,PER03143,Home Loan,152,2021-11-09,240,Active,IDBI Bank
REC008554,PER03144,Gold Loan,12,2011-07-13,12,Active,Canara Bank
REC008555,PER03144,Business Loan,56,2013-04-09,48,Repaid,SBI
REC008556,PER03144,Education Loan,23,2021-01-01,60,Defaulted,LIC Housing Finance
REC008557,PER03145,Business Loan,130,2025-02-10,48,Defaulted,Kotak Mahindra
REC008558,PER03145,Gold Loan,12,2013-12-23,24,Repaid,Bank of Baroda
REC008559,PER03146,Personal Loan,32,2022-05-01,24,Active,ICICI Bank
REC008560,PER03146,Personal Loan,10,2019-04-24,36,Defaulted,Axis Bank
REC008561,PER03147,Business Loan,294,2025-12-19,12,Repaid,Axis Bank
REC008562,PER03147,Car Loan,51,2025-04-20,36,Repaid,Bank of Baroda
REC008563,PER03147,Business Loan,38,2015-06-24,48,Repaid,ICICI Bank
REC008564,PER03147,Home Loan,209,2024-03-01,360,Repaid,SBI
REC008565,PER03147,Home Loan,122,2013-05-08,180,Active,Bajaj Finserv
REC008566,PER03147,Personal Loan,47,2011-02-17,36,Defaulted,Tata Capital
REC008567,PER03148,Car Loan,78,2024-09-14,36,Repaid,Bajaj Finserv
REC008568,PER03148,Home Loan,58,2017-01-24,240,Repaid,Tata Capital
REC008569,PER03149,Car Loan,39,2014-10-02,60,Active,SBI
REC008570,PER03150,Education Loan,20,2020-09-11,48,Repaid,ICICI Bank
REC008571,PER03150,Personal Loan,21,2013-03-17,48,Active,Tata Capital
REC008572,PER03151,Home Loan,198,2014-02-13,180,Active,Kotak Mahindra
REC008573,PER03151,Car Loan,62,2017-03-01,48,Defaulted,Canara Bank
REC008574,PER03151,Gold Loan,26,2023-03-04,36,Repaid,Kotak Mahindra
REC008575,PER03151,Education Loan,61,2011-06-15,84,Repaid,SBI
REC008576,PER03151,Home Loan,181,2025-11-03,300,Repaid,IDBI Bank
REC008577,PER03151,Education Loan,95,2018-04-09,60,Repaid,ICICI Bank
REC008578,PER03152,Two-Wheeler Loan,13,2013-02-20,48,Repaid,Union Bank
REC008579,PER03152,Education Loan,48,2019-10-12,84,Repaid,PNB
REC008580,PER03153,Personal Loan,25,2025-04-23,24,Active,Bank of Baroda
REC008581,PER03153,Car Loan,34,2016-09-27,48,Repaid,IndusInd Bank
REC008582,PER03153,Personal Loan,30,2024-10-21,12,Repaid,Tata Capital
REC008583,PER03153,Home Loan,213,2010-10-22,300,Active,LIC Housing Finance
REC008584,PER03154,Car Loan,70,2021-10-13,36,Active,Axis Bank
REC008585,PER03154,Consumer Durable Loan,3,2024-08-27,36,Active,IndusInd Bank
REC008586,PER03154,Business Loan,103,2010-01-12,48,Repaid,Yes Bank
REC008587,PER03154,Car Loan,146,2013-10-21,84,Active,ICICI Bank
REC008588,PER03154,Personal Loan,63,2010-03-17,36,Active,ICICI Bank
REC008589,PER03154,Personal Loan,34,2016-02-22,24,Repaid,Bank of Baroda
REC008590,PER03154,Personal Loan,32,2016-03-13,36,Repaid,HDFC Bank
REC008591,PER03154,Home Loan,80,2022-04-24,120,Repaid,Union Bank
REC008592,PER03155,Car Loan,36,2011-11-22,84,Repaid,Tata Capital
REC008593,PER03155,Home Loan,315,2014-10-03,240,Repaid,Yes Bank
REC008594,PER03155,Home Loan,187,2018-01-19,300,Repaid,Yes Bank
REC008595,PER03155,Personal Loan,44,2010-11-26,60,Repaid,IDBI Bank
REC008596,PER03155,Personal Loan,14,2021-02-20,60,Defaulted,Tata Capital
REC008597,PER03156,Education Loan,85,2020-07-14,84,Repaid,Bajaj Finserv
REC008598,PER03156,Home Loan,267,2018-04-16,120,Repaid,Tata Capital
REC008599,PER03156,Personal Loan,52,2022-08-27,24,Repaid,LIC Housing Finance
REC008600,PER03156,Home Loan,149,2022-07-15,180,Repaid,Tata Capital
REC008601,PER03156,Home Loan,168,2022-09-18,360,Repaid,IndusInd Bank
REC008602,PER03157,Education Loan,54,2010-09-26,84,Active,PNB
REC008603,PER03157,Personal Loan,63,2018-02-10,36,Defaulted,HDFC Bank
REC008604,PER03159,Gold Loan,13,2011-02-07,36,Defaulted,Kotak Mahindra
REC008605,PER03159,Personal Loan,37,2020-10-08,60,Repaid,Canara Bank
REC008606,PER03159,Consumer Durable Loan,4,2015-10-09,36,Repaid,SBI
REC008607,PER03159,Education Loan,67,2024-01-27,84,Defaulted,IndusInd Bank
REC008608,PER03160,Car Loan,86,2010-11-15,48,Repaid,Yes Bank
REC008609,PER03161,Personal Loan,23,2025-04-10,24,Repaid,ICICI Bank
REC008610,PER03161,Personal Loan,19,2015-12-04,12,Active,PNB
REC008611,PER03161,Personal Loan,40,2022-06-05,36,Repaid,Bank of Baroda
REC008612,PER03161,Personal Loan,35,2019-01-21,24,Defaulted,Tata Capital
REC008613,PER03162,Consumer Durable Loan,10,2017-07-28,12,Repaid,LIC Housing Finance
REC008614,PER03162,Home Loan,127,2012-02-05,300,Active,Bank of Baroda
REC008615,PER03162,Two-Wheeler Loan,15,2014-12-21,36,Repaid,Canara Bank
REC008616,PER03162,Car Loan,62,2020-07-19,36,Active,Union Bank
REC008617,PER03163,Home Loan,332,2010-09-06,180,Repaid,Tata Capital
REC008618,PER03163,Personal Loan,20,2016-06-19,36,Defaulted,Bajaj Finserv
REC008619,PER03164,Home Loan,261,2017-10-07,300,Active,Yes Bank
REC008620,PER03164,Personal Loan,16,2020-04-25,48,Active,HDFC Bank
REC008621,PER03165,Business Loan,86,2018-11-15,48,Defaulted,HDFC Bank
REC008622,PER03165,Personal Loan,33,2014-03-22,12,Active,Tata Capital
REC008623,PER03166,Car Loan,31,2012-12-22,36,Repaid,Bank of Baroda
REC008624,PER03166,Business Loan,47,2013-05-20,12,Active,HDFC Bank
REC008625,PER03167,Home Loan,281,2020-09-14,300,Active,LIC Housing Finance
REC008626,PER03168,Home Loan,241,2011-12-25,120,Repaid,Kotak Mahindra
REC008627,PER03169,Personal Loan,52,2023-01-07,12,Repaid,HDFC Bank
REC008628,PER03169,Home Loan,278,2025-02-07,240,Active,Kotak Mahindra
REC008629,PER03169,Gold Loan,11,2020-01-14,48,Defaulted,IDBI Bank
REC008630,PER03169,Personal Loan,39,2013-05-25,60,Defaulted,Tata Capital
REC008631,PER03169,Two-Wheeler Loan,5,2014-04-17,60,Defaulted,Bajaj Finserv
REC008632,PER03170,Business Loan,80,2015-12-04,36,Repaid,HDFC Bank
REC008633,PER03171,Personal Loan,35,2010-04-01,24,Active,SBI
REC008634,PER03171,Car Loan,53,2012-08-14,84,Active,SBI
REC008635,PER03171,Business Loan,114,2014-09-09,24,Active,LIC Housing Finance
REC008636,PER03171,Personal Loan,85,2018-01-12,12,Active,IndusInd Bank
REC008637,PER03172,Gold Loan,14,2018-05-20,36,Repaid,Kotak Mahindra
REC008638,PER03172,Home Loan,203,2010-10-15,120,Active,Canara Bank
REC008639,PER03172,Personal Loan,11,2020-05-21,12,Defaulted,IDBI Bank
REC008640,PER03173,Home Loan,164,2023-12-20,120,Repaid,Kotak Mahindra
REC008641,PER03173,Education Loan,66,2011-05-19,48,Repaid,PNB
REC008642,PER03173,Business Loan,56,2024-03-28,12,Active,Tata Capital
REC008643,PER03173,Home Loan,268,2019-04-12,240,Repaid,Union Bank
REC008644,PER03173,Gold Loan,12,2013-11-17,48,Repaid,Canara Bank
REC008645,PER03173,Personal Loan,100,2021-10-16,24,Repaid,Yes Bank
REC008646,PER03173,Home Loan,246,2020-12-06,240,Active,Bank of Baroda
REC008647,PER03173,Home Loan,131,2019-05-18,240,Repaid,ICICI Bank
REC008648,PER03174,Personal Loan,43,2013-03-07,48,Defaulted,Union Bank
REC008649,PER03174,Car Loan,39,2016-01-15,48,Active,LIC Housing Finance
REC008650,PER03174,Home Loan,123,2014-06-24,180,Defaulted,PNB
REC008651,PER03174,Gold Loan,11,2011-02-08,48,Active,ICICI Bank
REC008652,PER03174,Home Loan,321,2011-08-18,240,Active,PNB
REC008653,PER03175,Personal Loan,35,2021-09-24,36,Active,PNB
REC008654,PER03175,Car Loan,47,2024-04-08,60,Repaid,Bank of Baroda
REC008655,PER03175,Personal Loan,28,2010-04-17,12,Repaid,Bajaj Finserv
REC008656,PER03175,Car Loan,42,2023-11-21,36,Active,IndusInd Bank
REC008657,PER03175,Home Loan,167,2023-12-14,300,Repaid,Bajaj Finserv
REC008658,PER03175,Car Loan,25,2013-09-12,36,Repaid,Tata Capital
REC008659,PER03176,Personal Loan,20,2018-11-19,12,Defaulted,Axis Bank
REC008660,PER03176,Personal Loan,27,2010-10-12,12,Active,SBI
REC008661,PER03176,Home Loan,110,2019-12-06,360,Repaid,IDBI Bank
REC008662,PER03177,Personal Loan,30,2018-09-26,48,Defaulted,Bajaj Finserv
REC008663,PER03177,Car Loan,69,2015-09-10,48,Repaid,Kotak Mahindra
REC008664,PER03178,Home Loan,169,2024-04-17,360,Active,HDFC Bank
REC008665,PER03178,Car Loan,46,2011-06-05,36,Active,HDFC Bank
REC008666,PER03179,Home Loan,264,2014-09-14,240,Defaulted,Yes Bank
REC008667,PER03179,Home Loan,102,2011-09-15,240,Repaid,SBI
REC008668,PER03179,Home Loan,159,2010-08-14,300,Active,Kotak Mahindra
REC008669,PER03180,Car Loan,63,2019-10-04,36,Repaid,HDFC Bank
REC008670,PER03180,Car Loan,25,2011-09-22,36,Active,Axis Bank
REC008671,PER03181,Business Loan,53,2012-04-26,36,Repaid,Bank of Baroda
REC008672,PER03181,Personal Loan,42,2012-08-06,24,Repaid,SBI
REC008673,PER03181,Personal Loan,20,2023-10-25,60,Repaid,Axis Bank
REC008674,PER03181,Consumer Durable Loan,6,2019-01-10,36,Repaid,HDFC Bank
REC008675,PER03182,Home Loan,269,2022-06-09,360,Active,ICICI Bank
REC008676,PER03182,Home Loan,316,2025-03-04,180,Defaulted,PNB
REC008677,PER03183,Education Loan,22,2022-05-22,60,Active,LIC Housing Finance
REC008678,PER03183,Home Loan,198,2022-09-19,180,Defaulted,PNB
REC008679,PER03183,Consumer Durable Loan,11,2020-08-28,60,Defaulted,Bank of Baroda
REC008680,PER03183,Home Loan,133,2017-01-09,240,Repaid,ICICI Bank
REC008681,PER03184,Gold Loan,4,2021-01-16,36,Active,IndusInd Bank
REC008682,PER03184,Car Loan,37,2018-09-03,60,Defaulted,SBI
REC008683,PER03184,Home Loan,304,2025-10-12,300,Repaid,Bajaj Finserv
REC008684,PER03184,Consumer Durable Loan,13,2013-09-18,60,Defaulted,SBI
REC008685,PER03185,Home Loan,248,2015-02-05,240,Repaid,ICICI Bank
REC008686,PER03185,Home Loan,265,2023-12-17,120,Repaid,SBI
REC008687,PER03186,Education Loan,100,2019-02-23,48,Defaulted,Yes Bank
REC008688,PER03186,Personal Loan,46,2013-12-07,12,Repaid,LIC Housing Finance
REC008689,PER03186,Business Loan,140,2019-02-22,12,Active,Tata Capital
REC008690,PER03187,Two-Wheeler Loan,8,2024-06-08,24,Active,IDBI Bank
REC008691,PER03187,Business Loan,79,2010-09-15,12,Repaid,Bank of Baroda
REC008692,PER03187,Education Loan,70,2021-03-28,36,Active,Yes Bank
REC008693,PER03188,Consumer Durable Loan,17,2010-08-25,36,Active,IDBI Bank
REC008694,PER03188,Personal Loan,16,2018-08-16,12,Repaid,Tata Capital
REC008695,PER03189,Home Loan,238,2023-06-02,120,Repaid,ICICI Bank
REC008696,PER03189,Car Loan,42,2021-02-21,48,Repaid,Bank of Baroda
REC008697,PER03189,Car Loan,41,2021-10-16,60,Defaulted,LIC Housing Finance
REC008698,PER03189,Car Loan,34,2010-06-25,48,Active,PNB
REC008699,PER03189,Personal Loan,48,2013-04-04,12,Defaulted,ICICI Bank
REC008700,PER03189,Car Loan,40,2022-12-13,84,Repaid,IndusInd Bank
REC008701,PER03189,Home Loan,386,2016-04-10,120,Repaid,Tata Capital
REC008702,PER03189,Personal Loan,75,2011-02-06,12,Active,ICICI Bank
REC008703,PER03190,Home Loan,155,2024-07-04,120,Repaid,Tata Capital
REC008704,PER03192,Home Loan,250,2016-05-21,120,Repaid,LIC Housing Finance
REC008705,PER03192,Home Loan,265,2025-08-23,300,Active,Tata Capital
REC008706,PER03192,Home Loan,197,2022-10-13,240,Repaid,IndusInd Bank
REC008707,PER03193,Two-Wheeler Loan,8,2019-05-06,48,Defaulted,Union Bank
REC008708,PER03193,Consumer Durable Loan,7,2020-09-26,12,Defaulted,Axis Bank
REC008709,PER03193,Business Loan,114,2017-07-22,12,Repaid,LIC Housing Finance
REC008710,PER03194,Personal Loan,51,2025-05-22,60,Defaulted,Kotak Mahindra
REC008711,PER03195,Education Loan,21,2023-11-12,48,Active,HDFC Bank
REC008712,PER03195,Gold Loan,10,2016-08-02,60,Repaid,Bank of Baroda
REC008713,PER03196,Education Loan,150,2020-04-22,36,Active,IndusInd Bank
REC008714,PER03197,Home Loan,231,2020-02-19,240,Repaid,Canara Bank
REC008715,PER03197,Two-Wheeler Loan,11,2024-03-16,60,Repaid,IndusInd Bank
REC008716,PER03197,Home Loan,325,2019-09-03,360,Repaid,Bajaj Finserv
REC008717,PER03197,Education Loan,23,2020-10-26,60,Repaid,Tata Capital
REC008718,PER03198,Personal Loan,11,2010-10-24,12,Active,Yes Bank
REC008719,PER03198,Education Loan,68,2013-10-10,60,Defaulted,Union Bank
REC008720,PER03199,Personal Loan,14,2013-05-03,12,Repaid,LIC Housing Finance
REC008721,PER03199,Car Loan,63,2010-06-04,60,Repaid,Tata Capital
REC008722,PER03199,Business Loan,182,2012-11-19,24,Repaid,Tata Capital
REC008723,PER03200,Personal Loan,16,2012-12-06,36,Repaid,Bajaj Finserv
REC008724,PER03200,Home Loan,200,2015-10-08,120,Repaid,Bajaj Finserv
REC008725,PER03200,Personal Loan,39,2015-01-17,60,Repaid,Tata Capital
REC008726,PER03200,Home Loan,165,2011-03-19,180,Repaid,Tata Capital
REC008727,PER03200,Home Loan,143,2013-06-03,240,Active,PNB
REC008728,PER03201,Education Loan,43,2023-06-08,36,Repaid,SBI
REC008729,PER03201,Personal Loan,25,2024-03-25,60,Active,Yes Bank
REC008730,PER03201,Personal Loan,18,2019-08-03,60,Repaid,Union Bank
REC008731,PER03201,Education Loan,35,2020-09-11,84,Repaid,Yes Bank
REC008732,PER03201,Car Loan,35,2018-07-03,48,Repaid,HDFC Bank
REC008733,PER03202,Car Loan,43,2015-09-06,36,Active,Bajaj Finserv
REC008734,PER03202,Education Loan,47,2022-01-09,84,Repaid,Axis Bank
REC008735,PER03202,Consumer Durable Loan,4,2017-07-09,48,Defaulted,IndusInd Bank
REC008736,PER03202,Personal Loan,11,2024-11-01,12,Repaid,Union Bank
REC008737,PER03203,Consumer Durable Loan,6,2021-02-11,36,Active,Bank of Baroda
REC008738,PER03203,Home Loan,310,2019-09-23,360,Repaid,Tata Capital
REC008739,PER03203,Home Loan,106,2020-04-03,180,Repaid,Bank of Baroda
REC008740,PER03203,Education Loan,56,2013-06-20,36,Repaid,LIC Housing Finance
REC008741,PER03203,Business Loan,44,2024-09-03,48,Active,PNB
REC008742,PER03204,Consumer Durable Loan,8,2023-06-23,36,Repaid,Tata Capital
REC008743,PER03205,Car Loan,55,2023-02-07,48,Repaid,SBI
REC008744,PER03205,Consumer Durable Loan,14,2012-01-24,36,Repaid,Yes Bank
REC008745,PER03206,Car Loan,53,2023-09-27,84,Repaid,SBI
REC008746,PER03206,Home Loan,193,2017-06-23,360,Active,Canara Bank
REC008747,PER03206,Home Loan,114,2018-06-13,180,Defaulted,Tata Capital
REC008748,PER03206,Home Loan,206,2020-05-09,300,Repaid,IDBI Bank
REC008749,PER03206,Car Loan,43,2014-05-16,60,Active,IDBI Bank
REC008750,PER03207,Home Loan,310,2019-03-24,120,Repaid,Tata Capital
REC008751,PER03208,Two-Wheeler Loan,3,2016-12-06,48,Repaid,IDBI Bank
REC008752,PER03208,Car Loan,72,2022-02-22,36,Active,Yes Bank
REC008753,PER03209,Home Loan,190,2021-01-19,180,Repaid,PNB
REC008754,PER03209,Car Loan,34,2019-02-28,36,Active,HDFC Bank
REC008755,PER03210,Home Loan,498,2011-07-04,360,Active,Union Bank
REC008756,PER03210,Personal Loan,26,2017-01-21,48,Repaid,HDFC Bank
REC008757,PER03210,Home Loan,375,2018-12-18,180,Repaid,ICICI Bank
REC008758,PER03211,Education Loan,30,2016-02-10,36,Repaid,ICICI Bank
REC008759,PER03212,Business Loan,79,2014-03-24,60,Active,HDFC Bank
REC008760,PER03212,Home Loan,219,2025-10-17,180,Repaid,Canara Bank
REC008761,PER03212,Car Loan,69,2015-05-09,48,Repaid,Tata Capital
REC008762,PER03214,Consumer Durable Loan,14,2021-04-13,36,Repaid,HDFC Bank
REC008763,PER03215,Car Loan,51,2013-02-16,84,Defaulted,HDFC Bank
REC008764,PER03215,Personal Loan,73,2022-11-08,24,Repaid,Kotak Mahindra
REC008765,PER03215,Personal Loan,5,2016-09-07,48,Repaid,PNB
REC008766,PER03216,Personal Loan,17,2011-12-20,36,Active,Bank of Baroda
REC008767,PER03216,Personal Loan,61,2025-03-12,60,Repaid,Union Bank
REC008768,PER03217,Personal Loan,42,2025-11-10,24,Repaid,Union Bank
REC008769,PER03217,Car Loan,50,2024-09-16,48,Repaid,Tata Capital
REC008770,PER03217,Two-Wheeler Loan,6,2017-02-23,36,Repaid,Bajaj Finserv
REC008771,PER03217,Home Loan,266,2020-03-15,240,Active,Kotak Mahindra
REC008772,PER03217,Home Loan,157,2013-11-14,120,Repaid,IndusInd Bank
REC008773,PER03217,Personal Loan,38,2021-05-20,48,Active,IDBI Bank
REC008774,PER03217,Education Loan,22,2019-05-16,48,Repaid,LIC Housing Finance
REC008775,PER03218,Home Loan,160,2019-07-28,180,Repaid,Bank of Baroda
REC008776,PER03218,Home Loan,80,2016-03-23,240,Defaulted,SBI
REC008777,PER03218,Two-Wheeler Loan,9,2021-12-05,36,Active,Axis Bank
REC008778,PER03218,Business Loan,72,2014-01-14,48,Defaulted,HDFC Bank
REC008779,PER03218,Two-Wheeler Loan,8,2012-09-20,12,Repaid,Tata Capital
REC008780,PER03219,Business Loan,81,2025-01-03,60,Active,Union Bank
REC008781,PER03219,Home Loan,134,2013-09-12,180,Active,Canara Bank
REC008782,PER03219,Home Loan,125,2025-06-22,300,Active,IndusInd Bank
REC008783,PER03220,Personal Loan,12,2012-03-13,48,Repaid,Bajaj Finserv
REC008784,PER03220,Home Loan,90,2022-08-05,120,Repaid,Kotak Mahindra
REC008785,PER03220,Home Loan,113,2019-03-15,240,Repaid,Kotak Mahindra
REC008786,PER03220,Two-Wheeler Loan,18,2013-07-02,48,Repaid,ICICI Bank
REC008787,PER03220,Personal Loan,27,2022-12-24,36,Repaid,IndusInd Bank
REC008788,PER03221,Personal Loan,45,2022-01-13,36,Repaid,Bajaj Finserv
REC008789,PER03221,Car Loan,46,2017-07-09,60,Repaid,Yes Bank
REC008790,PER03221,Gold Loan,5,2011-10-09,48,Repaid,Axis Bank
REC008791,PER03222,Home Loan,365,2025-05-20,120,Active,Bank of Baroda
REC008792,PER03222,Home Loan,391,2024-12-09,360,Repaid,IDBI Bank
REC008793,PER03222,Home Loan,160,2024-09-10,240,Repaid,IDBI Bank
REC008794,PER03223,Personal Loan,25,2025-02-15,12,Repaid,IDBI Bank
REC008795,PER03223,Home Loan,184,2023-07-17,360,Repaid,Bajaj Finserv
REC008796,PER03223,Home Loan,208,2011-06-13,300,Repaid,Axis Bank
REC008797,PER03223,Business Loan,89,2017-05-06,12,Active,Yes Bank
REC008798,PER03224,Home Loan,72,2018-02-19,180,Defaulted,Tata Capital
REC008799,PER03224,Personal Loan,48,2018-11-21,24,Defaulted,PNB
REC008800,PER03224,Business Loan,23,2021-07-07,36,Defaulted,HDFC Bank
REC008801,PER03225,Business Loan,135,2016-06-27,48,Repaid,Axis Bank
REC008802,PER03225,Personal Loan,23,2018-05-03,60,Repaid,Bank of Baroda
REC008803,PER03225,Personal Loan,48,2024-11-28,48,Repaid,PNB
REC008804,PER03226,Car Loan,105,2012-09-09,36,Repaid,Yes Bank
REC008805,PER03227,Personal Loan,55,2011-10-01,36,Repaid,Union Bank
REC008806,PER03227,Car Loan,81,2015-05-24,36,Repaid,Yes Bank
REC008807,PER03227,Home Loan,159,2013-08-28,360,Repaid,Yes Bank
REC008808,PER03228,Home Loan,323,2013-08-06,180,Repaid,ICICI Bank
REC008809,PER03228,Education Loan,23,2010-12-05,36,Repaid,Kotak Mahindra
REC008810,PER03228,Home Loan,124,2013-04-02,240,Repaid,HDFC Bank
REC008811,PER03228,Personal Loan,45,2011-03-24,12,Repaid,IndusInd Bank
REC008812,PER03228,Education Loan,50,2013-02-27,48,Repaid,HDFC Bank
REC008813,PER03229,Home Loan,211,2021-09-11,240,Active,IndusInd Bank
REC008814,PER03229,Car Loan,76,2016-07-07,60,Repaid,HDFC Bank
REC008815,PER03229,Car Loan,81,2015-12-10,48,Active,Bajaj Finserv
REC008816,PER03229,Home Loan,479,2015-02-05,120,Repaid,Bajaj Finserv
REC008817,PER03229,Two-Wheeler Loan,6,2013-06-20,12,Repaid,LIC Housing Finance
REC008818,PER03230,Home Loan,107,2011-07-14,300,Repaid,Union Bank
REC008819,PER03230,Personal Loan,43,2025-09-24,24,Active,IndusInd Bank
REC008820,PER03230,Home Loan,161,2024-09-05,180,Repaid,IndusInd Bank
REC008821,PER03230,Car Loan,40,2025-11-14,60,Repaid,IDBI Bank
REC008822,PER03230,Education Loan,79,2013-12-25,48,Repaid,Bank of Baroda
REC008823,PER03230,Car Loan,44,2011-03-07,84,Repaid,Axis Bank
REC008824,PER03230,Home Loan,83,2020-07-19,300,Active,HDFC Bank
REC008825,PER03230,Home Loan,97,2011-07-25,180,Repaid,Tata Capital
REC008826,PER03231,Personal Loan,43,2017-10-11,60,Defaulted,Bank of Baroda
REC008827,PER03231,Car Loan,62,2021-01-08,36,Defaulted,HDFC Bank
REC008828,PER03231,Education Loan,18,2021-04-21,48,Repaid,Bajaj Finserv
REC008829,PER03231,Home Loan,192,2016-04-27,360,Active,Axis Bank
REC008830,PER03232,Two-Wheeler Loan,12,2015-05-02,12,Repaid,Bajaj Finserv
REC008831,PER03232,Home Loan,184,2011-01-16,300,Defaulted,Axis Bank
REC008832,PER03232,Consumer Durable Loan,3,2025-12-09,36,Repaid,LIC Housing Finance
REC008833,PER03232,Home Loan,79,2013-03-26,240,Repaid,Bank of Baroda
REC008834,PER03232,Home Loan,141,2014-01-22,240,Repaid,Tata Capital
REC008835,PER03232,Personal Loan,80,2017-04-05,60,Active,Axis Bank
REC008836,PER03233,Home Loan,186,2017-07-18,120,Repaid,Kotak Mahindra
REC008837,PER03233,Two-Wheeler Loan,6,2022-02-12,24,Repaid,IndusInd Bank
REC008838,PER03234,Home Loan,233,2011-02-22,240,Repaid,Canara Bank
REC008839,PER03234,Personal Loan,40,2016-09-23,48,Defaulted,Union Bank
REC008840,PER03234,Personal Loan,34,2015-10-27,12,Defaulted,Canara Bank
REC008841,PER03235,Personal Loan,29,2012-02-13,48,Repaid,SBI
REC008842,PER03235,Personal Loan,32,2019-05-18,36,Repaid,HDFC Bank
REC008843,PER03235,Home Loan,567,2011-05-08,240,Repaid,Canara Bank
REC008844,PER03235,Home Loan,177,2020-06-18,120,Repaid,IndusInd Bank
REC008845,PER03235,Business Loan,132,2014-10-17,36,Repaid,HDFC Bank
REC008846,PER03235,Gold Loan,11,2018-01-08,12,Repaid,SBI
REC008847,PER03235,Car Loan,70,2011-01-07,84,Repaid,Axis Bank
REC008848,PER03236,Education Loan,36,2021-03-21,84,Active,Kotak Mahindra
REC008849,PER03236,Personal Loan,73,2013-01-06,48,Active,IDBI Bank
REC008850,PER03236,Personal Loan,63,2013-05-21,36,Active,IndusInd Bank
REC008851,PER03236,Home Loan,178,2023-01-05,300,Active,SBI
REC008852,PER03237,Car Loan,148,2024-10-05,60,Active,HDFC Bank
REC008853,PER03237,Business Loan,95,2012-07-15,48,Active,Union Bank
REC008854,PER03238,Personal Loan,46,2025-11-05,36,Active,Canara Bank
REC008855,PER03239,Education Loan,22,2023-12-07,84,Defaulted,IndusInd Bank
REC008856,PER03239,Education Loan,24,2010-09-08,60,Repaid,Bajaj Finserv
REC008857,PER03239,Car Loan,70,2022-12-04,60,Repaid,Kotak Mahindra
REC008858,PER03239,Car Loan,58,2020-08-14,60,Defaulted,Union Bank
REC008859,PER03239,Home Loan,167,2023-06-22,360,Active,Kotak Mahindra
REC008860,PER03239,Business Loan,122,2025-01-08,48,Repaid,Axis Bank
REC008861,PER03239,Personal Loan,45,2021-07-19,48,Active,Kotak Mahindra
REC008862,PER03240,Home Loan,121,2023-01-15,120,Active,IndusInd Bank
REC008863,PER03240,Two-Wheeler Loan,3,2020-12-09,48,Defaulted,Tata Capital
REC008864,PER03240,Business Loan,77,2012-08-19,48,Defaulted,Axis Bank
REC008865,PER03240,Car Loan,33,2010-03-12,48,Repaid,IDBI Bank
REC008866,PER03240,Two-Wheeler Loan,10,2013-02-12,36,Defaulted,Kotak Mahindra
REC008867,PER03241,Gold Loan,16,2015-01-06,48,Active,SBI
REC008868,PER03241,Home Loan,154,2020-04-12,120,Repaid,Axis Bank
REC008869,PER03241,Education Loan,69,2025-04-18,36,Repaid,IndusInd Bank
REC008870,PER03241,Home Loan,215,2014-01-09,240,Repaid,Bajaj Finserv
REC008871,PER03241,Home Loan,129,2020-01-10,240,Active,Kotak Mahindra
REC008872,PER03242,Education Loan,64,2024-06-25,84,Repaid,Tata Capital
REC008873,PER03243,Home Loan,270,2024-05-01,360,Repaid,Kotak Mahindra
REC008874,PER03243,Home Loan,147,2011-03-28,240,Repaid,Union Bank
REC008875,PER03243,Car Loan,60,2012-02-15,48,Repaid,Axis Bank
REC008876,PER03243,Consumer Durable Loan,4,2017-10-02,60,Active,LIC Housing Finance
REC008877,PER03244,Car Loan,34,2018-08-12,36,Repaid,IDBI Bank
REC008878,PER03244,Home Loan,97,2013-10-16,120,Active,Bank of Baroda
REC008879,PER03245,Personal Loan,100,2012-10-02,12,Active,HDFC Bank
REC008880,PER03246,Education Loan,31,2019-03-10,60,Repaid,IDBI Bank
REC008881,PER03246,Personal Loan,22,2023-09-19,12,Repaid,SBI
REC008882,PER03246,Two-Wheeler Loan,11,2018-04-11,12,Repaid,Tata Capital
REC008883,PER03246,Personal Loan,64,2020-02-09,24,Repaid,Tata Capital
REC008884,PER03247,Personal Loan,16,2011-12-16,12,Repaid,Canara Bank
REC008885,PER03247,Home Loan,395,2011-09-12,360,Defaulted,Tata Capital
REC008886,PER03247,Personal Loan,25,2024-01-17,24,Defaulted,ICICI Bank
REC008887,PER03247,Education Loan,52,2010-04-27,84,Defaulted,Bank of Baroda
REC008888,PER03248,Consumer Durable Loan,15,2019-01-15,36,Repaid,Bajaj Finserv
REC008889,PER03248,Home Loan,330,2025-11-10,360,Defaulted,IndusInd Bank
REC008890,PER03248,Car Loan,67,2015-02-25,60,Repaid,IndusInd Bank
REC008891,PER03248,Home Loan,106,2022-03-04,240,Defaulted,LIC Housing Finance
REC008892,PER03248,Car Loan,54,2023-05-22,36,Repaid,ICICI Bank
REC008893,PER03248,Education Loan,44,2019-10-14,36,Repaid,HDFC Bank
REC008894,PER03248,Business Loan,182,2012-01-09,48,Repaid,SBI
REC008895,PER03248,Home Loan,146,2021-07-09,360,Active,Axis Bank
REC008896,PER03249,Personal Loan,17,2018-11-25,24,Repaid,Axis Bank
REC008897,PER03249,Education Loan,35,2020-08-02,48,Repaid,Tata Capital
REC008898,PER03249,Personal Loan,28,2016-03-18,48,Repaid,Kotak Mahindra
REC008899,PER03249,Home Loan,264,2012-08-27,180,Repaid,PNB
REC008900,PER03250,Personal Loan,63,2010-12-10,48,Defaulted,Yes Bank
REC008901,PER03250,Education Loan,64,2018-10-05,60,Defaulted,Union Bank
REC008902,PER03250,Home Loan,99,2018-12-08,120,Defaulted,Union Bank
REC008903,PER03250,Two-Wheeler Loan,9,2013-05-08,36,Defaulted,IndusInd Bank
REC008904,PER03250,Two-Wheeler Loan,6,2019-05-20,36,Active,Tata Capital
REC008905,PER03251,Home Loan,373,2025-01-26,240,Repaid,IndusInd Bank
REC008906,PER03251,Personal Loan,39,2013-10-23,12,Repaid,Bank of Baroda
REC008907,PER03252,Home Loan,449,2015-01-15,180,Active,Axis Bank
REC008908,PER03252,Home Loan,250,2013-10-27,180,Repaid,Bajaj Finserv
REC008909,PER03252,Consumer Durable Loan,4,2021-01-16,36,Repaid,IDBI Bank
REC008910,PER03252,Personal Loan,24,2013-08-28,12,Repaid,HDFC Bank
REC008911,PER03252,Car Loan,111,2025-10-13,60,Active,ICICI Bank
REC008912,PER03253,Car Loan,66,2022-03-23,60,Defaulted,Kotak Mahindra
REC008913,PER03253,Personal Loan,31,2023-12-10,24,Repaid,ICICI Bank
REC008914,PER03253,Personal Loan,91,2016-02-04,12,Defaulted,Bank of Baroda
REC008915,PER03254,Home Loan,287,2015-04-22,360,Repaid,LIC Housing Finance
REC008916,PER03255,Personal Loan,18,2011-08-03,36,Active,PNB
REC008917,PER03255,Home Loan,139,2010-11-01,120,Repaid,Tata Capital
REC008918,PER03255,Personal Loan,31,2012-09-20,36,Repaid,Kotak Mahindra
REC008919,PER03255,Consumer Durable Loan,11,2023-10-08,60,Repaid,Canara Bank
REC008920,PER03256,Education Loan,40,2015-10-14,48,Active,Yes Bank
REC008921,PER03256,Car Loan,30,2010-04-18,48,Active,Canara Bank
REC008922,PER03256,Home Loan,191,2016-05-11,240,Active,LIC Housing Finance
REC008923,PER03257,Home Loan,97,2017-05-01,360,Repaid,IndusInd Bank
REC008924,PER03257,Personal Loan,36,2023-11-05,36,Active,IDBI Bank
REC008925,PER03258,Car Loan,41,2012-01-28,84,Repaid,Axis Bank
REC008926,PER03258,Personal Loan,87,2024-06-09,60,Active,HDFC Bank
REC008927,PER03259,Car Loan,88,2011-03-10,36,Defaulted,Bank of Baroda
REC008928,PER03259,Home Loan,176,2011-03-07,180,Active,PNB
REC008929,PER03259,Car Loan,53,2017-06-11,36,Repaid,LIC Housing Finance
REC008930,PER03260,Business Loan,163,2016-12-25,48,Repaid,LIC Housing Finance
REC008931,PER03260,Home Loan,215,2022-07-14,300,Repaid,Kotak Mahindra
REC008932,PER03260,Car Loan,49,2023-06-08,60,Repaid,SBI
REC008933,PER03260,Home Loan,216,2018-04-09,120,Defaulted,PNB
REC008934,PER03260,Personal Loan,25,2017-01-03,36,Active,LIC Housing Finance
REC008935,PER03261,Home Loan,81,2019-12-27,360,Defaulted,LIC Housing Finance
REC008936,PER03261,Two-Wheeler Loan,9,2025-02-17,36,Repaid,Yes Bank
REC008937,PER03262,Personal Loan,24,2016-09-06,12,Active,HDFC Bank
REC008938,PER03262,Gold Loan,11,2010-09-26,48,Active,LIC Housing Finance
REC008939,PER03263,Car Loan,80,2010-01-06,84,Repaid,Bajaj Finserv
REC008940,PER03263,Education Loan,23,2011-09-15,84,Repaid,IndusInd Bank
REC008941,PER03263,Home Loan,169,2022-03-06,360,Active,HDFC Bank
REC008942,PER03263,Gold Loan,12,2018-09-26,48,Repaid,Axis Bank
REC008943,PER03264,Education Loan,28,2011-08-04,84,Repaid,Bajaj Finserv
REC008944,PER03264,Home Loan,208,2021-02-06,360,Active,Canara Bank
REC008945,PER03265,Personal Loan,28,2010-07-09,24,Active,Kotak Mahindra
REC008946,PER03266,Home Loan,510,2017-06-22,240,Repaid,PNB
REC008947,PER03266,Personal Loan,15,2017-11-13,24,Defaulted,Bajaj Finserv
REC008948,PER03267,Home Loan,463,2012-07-06,360,Defaulted,LIC Housing Finance
REC008949,PER03267,Business Loan,81,2014-03-15,24,Active,Bajaj Finserv
REC008950,PER03268,Education Loan,46,2021-05-02,48,Active,Canara Bank
REC008951,PER03268,Home Loan,130,2012-01-16,360,Active,Union Bank
REC008952,PER03268,Home Loan,206,2017-07-27,300,Repaid,Axis Bank
REC008953,PER03268,Home Loan,249,2010-01-12,360,Repaid,ICICI Bank
REC008954,PER03269,Personal Loan,35,2010-01-07,12,Active,HDFC Bank
REC008955,PER03269,Personal Loan,29,2013-03-08,24,Repaid,Union Bank
REC008956,PER03269,Home Loan,382,2021-03-11,360,Repaid,HDFC Bank
REC008957,PER03269,Home Loan,276,2024-12-15,120,Repaid,Yes Bank
REC008958,PER03269,Home Loan,86,2025-08-09,360,Active,PNB
REC008959,PER03270,Home Loan,93,2018-11-08,240,Repaid,LIC Housing Finance
REC008960,PER03270,Home Loan,207,2018-10-28,240,Active,Canara Bank
REC008961,PER03271,Personal Loan,66,2014-09-15,12,Repaid,Axis Bank
REC008962,PER03271,Gold Loan,6,2019-09-25,36,Defaulted,Bajaj Finserv
REC008963,PER03272,Home Loan,138,2013-09-24,120,Active,LIC Housing Finance
REC008964,PER03272,Business Loan,109,2024-03-02,24,Repaid,Axis Bank
REC008965,PER03272,Home Loan,284,2014-09-25,120,Defaulted,SBI
REC008966,PER03272,Personal Loan,15,2023-02-22,36,Repaid,IndusInd Bank
REC008967,PER03273,Two-Wheeler Loan,24,2016-12-01,48,Active,IDBI Bank
REC008968,PER03273,Home Loan,489,2023-11-05,240,Active,IndusInd Bank
REC008969,PER03274,Car Loan,48,2022-02-10,48,Active,Bajaj Finserv
REC008970,PER03274,Home Loan,137,2022-12-08,120,Repaid,Tata Capital
REC008971,PER03274,Gold Loan,8,2021-12-06,60,Repaid,Axis Bank
REC008972,PER03274,Car Loan,46,2017-05-07,48,Repaid,HDFC Bank
REC008973,PER03275,Personal Loan,24,2024-01-08,12,Defaulted,PNB
REC008974,PER03275,Car Loan,77,2014-12-17,36,Active,LIC Housing Finance
REC008975,PER03275,Personal Loan,42,2014-11-17,60,Repaid,Canara Bank
REC008976,PER03276,Personal Loan,17,2014-08-02,60,Repaid,Axis Bank
REC008977,PER03277,Home Loan,219,2012-05-04,120,Defaulted,Kotak Mahindra
REC008978,PER03278,Home Loan,115,2014-07-19,300,Active,Bank of Baroda
REC008979,PER03278,Home Loan,120,2010-02-14,360,Active,Union Bank
REC008980,PER03279,Home Loan,91,2015-02-01,360,Repaid,Axis Bank
REC008981,PER03281,Personal Loan,25,2021-05-11,36,Defaulted,PNB
REC008982,PER03281,Personal Loan,20,2023-10-01,60,Repaid,Tata Capital
REC008983,PER03281,Car Loan,48,2021-12-16,48,Defaulted,Bajaj Finserv
REC008984,PER03282,Car Loan,68,2021-05-22,84,Active,Kotak Mahindra
REC008985,PER03282,Car Loan,19,2015-11-22,36,Active,Kotak Mahindra
REC008986,PER03282,Home Loan,67,2021-06-06,300,Repaid,Kotak Mahindra
REC008987,PER03282,Education Loan,24,2013-08-21,48,Repaid,IndusInd Bank
REC008988,PER03282,Home Loan,187,2018-09-04,120,Repaid,LIC Housing Finance
REC008989,PER03283,Personal Loan,26,2017-09-07,24,Repaid,Bank of Baroda
REC008990,PER03284,Personal Loan,23,2019-03-06,24,Repaid,IDBI Bank
REC008991,PER03285,Personal Loan,53,2014-10-01,12,Active,Bank of Baroda
REC008992,PER03286,Personal Loan,39,2025-06-14,60,Defaulted,SBI
REC008993,PER03286,Personal Loan,100,2025-02-26,24,Active,Canara Bank
REC008994,PER03286,Home Loan,228,2011-04-10,240,Repaid,Bank of Baroda
REC008995,PER03286,Personal Loan,16,2018-02-03,48,Repaid,Tata Capital
REC008996,PER03286,Gold Loan,11,2011-09-13,36,Repaid,PNB
REC008997,PER03286,Personal Loan,24,2012-02-03,12,Repaid,Yes Bank
REC008998,PER03287,Education Loan,84,2019-08-12,36,Defaulted,Bajaj Finserv
REC008999,PER03287,Home Loan,141,2016-07-15,180,Defaulted,ICICI Bank
REC009000,PER03288,Home Loan,359,2010-10-05,360,Active,Tata Capital
REC009001,PER03288,Personal Loan,13,2016-04-20,12,Repaid,Canara Bank
REC009002,PER03288,Personal Loan,58,2023-02-01,48,Active,Bank of Baroda
REC009003,PER03288,Personal Loan,39,2012-10-04,60,Active,Yes Bank
REC009004,PER03289,Home Loan,269,2015-06-06,240,Repaid,PNB
REC009005,PER03289,Personal Loan,25,2011-02-12,12,Defaulted,IDBI Bank
REC009006,PER03289,Home Loan,141,2012-04-26,360,Repaid,Canara Bank
REC009007,PER03291,Car Loan,123,2025-12-03,84,Repaid,SBI
REC009008,PER03292,Business Loan,77,2025-10-23,12,Active,Tata Capital
REC009009,PER03292,Business Loan,37,2022-09-25,36,Active,Axis Bank
REC009010,PER03292,Gold Loan,14,2015-04-05,48,Repaid,Axis Bank
REC009011,PER03292,Education Loan,40,2024-06-12,84,Repaid,PNB
REC009012,PER03292,Home Loan,118,2017-04-03,300,Active,Axis Bank
REC009013,PER03292,Business Loan,46,2020-09-07,48,Repaid,PNB
REC009014,PER03292,Personal Loan,40,2010-07-19,60,Repaid,Tata Capital
REC009015,PER03294,Car Loan,130,2020-08-28,84,Active,IDBI Bank
REC009016,PER03294,Gold Loan,15,2016-05-19,48,Repaid,IDBI Bank
REC009017,PER03294,Home Loan,104,2019-05-28,300,Repaid,ICICI Bank
REC009018,PER03294,Personal Loan,48,2014-04-04,12,Repaid,SBI
REC009019,PER03294,Personal Loan,11,2024-12-06,36,Repaid,ICICI Bank
REC009020,PER03294,Home Loan,181,2021-03-23,240,Repaid,IndusInd Bank
REC009021,PER03294,Car Loan,60,2025-02-28,84,Repaid,PNB
REC009022,PER03295,Home Loan,488,2021-01-08,300,Repaid,PNB
REC009023,PER03295,Gold Loan,8,2021-01-18,48,Active,Canara Bank
REC009024,PER03296,Car Loan,50,2010-08-06,36,Defaulted,ICICI Bank
REC009025,PER03296,Car Loan,48,2019-07-09,60,Repaid,LIC Housing Finance
REC009026,PER03297,Home Loan,160,2012-12-28,120,Repaid,SBI
REC009027,PER03297,Two-Wheeler Loan,9,2024-09-25,60,Repaid,IDBI Bank
REC009028,PER03297,Home Loan,98,2013-04-15,180,Repaid,Axis Bank
REC009029,PER03297,Home Loan,224,2016-01-21,180,Repaid,ICICI Bank
REC009030,PER03297,Personal Loan,25,2020-08-18,60,Repaid,Bank of Baroda
REC009031,PER03297,Business Loan,179,2025-06-08,60,Repaid,Tata Capital
REC009032,PER03298,Education Loan,28,2023-06-04,84,Active,Kotak Mahindra
REC009033,PER03298,Personal Loan,30,2025-09-06,48,Repaid,LIC Housing Finance
REC009034,PER03299,Car Loan,61,2017-12-05,36,Defaulted,IDBI Bank
REC009035,PER03299,Car Loan,38,2022-02-06,84,Repaid,Kotak Mahindra
REC009036,PER03299,Business Loan,110,2024-03-06,24,Repaid,ICICI Bank
REC009037,PER03299,Business Loan,255,2024-01-23,12,Active,IndusInd Bank
REC009038,PER03301,Home Loan,157,2024-01-11,360,Repaid,SBI
REC009039,PER03301,Home Loan,223,2010-10-10,180,Active,PNB
REC009040,PER03301,Personal Loan,48,2014-02-28,36,Active,LIC Housing Finance
REC009041,PER03301,Home Loan,231,2023-01-19,360,Repaid,Axis Bank
REC009042,PER03301,Education Loan,65,2025-11-02,36,Active,Bajaj Finserv
REC009043,PER03302,Business Loan,54,2014-04-17,48,Active,Bank of Baroda
REC009044,PER03303,Home Loan,121,2020-10-24,360,Defaulted,Bajaj Finserv
REC009045,PER03303,Home Loan,296,2020-07-07,180,Active,Union Bank
REC009046,PER03303,Home Loan,175,2017-08-25,360,Repaid,SBI
REC009047,PER03305,Business Loan,124,2018-02-12,24,Active,Axis Bank
REC009048,PER03305,Car Loan,54,2025-05-02,36,Repaid,Bank of Baroda
REC009049,PER03305,Business Loan,209,2022-01-17,24,Repaid,Union Bank
REC009050,PER03306,Home Loan,196,2011-01-02,180,Defaulted,IndusInd Bank
REC009051,PER03306,Personal Loan,30,2014-08-24,48,Defaulted,Bajaj Finserv
REC009052,PER03307,Home Loan,231,2015-02-13,180,Repaid,Axis Bank
REC009053,PER03307,Education Loan,38,2014-01-03,84,Active,HDFC Bank
REC009054,PER03307,Home Loan,168,2020-02-04,240,Repaid,IndusInd Bank
REC009055,PER03307,Personal Loan,49,2025-04-06,24,Active,Tata Capital
REC009056,PER03308,Two-Wheeler Loan,4,2014-10-27,12,Defaulted,PNB
REC009057,PER03309,Personal Loan,13,2014-02-05,24,Defaulted,HDFC Bank
REC009058,PER03309,Car Loan,70,2024-10-03,60,Defaulted,ICICI Bank
REC009059,PER03309,Car Loan,76,2013-11-03,36,Defaulted,ICICI Bank
REC009060,PER03309,Home Loan,194,2018-03-13,180,Defaulted,Axis Bank
REC009061,PER03311,Personal Loan,33,2017-09-25,36,Defaulted,Bajaj Finserv
REC009062,PER03311,Education Loan,49,2013-11-04,48,Defaulted,IDBI Bank
REC009063,PER03311,Car Loan,31,2020-05-05,60,Defaulted,LIC Housing Finance
REC009064,PER03312,Car Loan,43,2016-02-27,36,Active,Bajaj Finserv
REC009065,PER03312,Home Loan,220,2013-05-27,360,Defaulted,IndusInd Bank
REC009066,PER03312,Home Loan,79,2017-07-13,180,Defaulted,PNB
REC009067,PER03312,Home Loan,111,2023-12-04,360,Defaulted,Yes Bank
REC009068,PER03312,Home Loan,105,2013-09-08,360,Defaulted,PNB
REC009069,PER03313,Home Loan,275,2017-01-15,120,Repaid,HDFC Bank
REC009070,PER03313,Car Loan,65,2013-05-16,48,Active,IDBI Bank
REC009071,PER03314,Home Loan,177,2018-04-17,180,Repaid,LIC Housing Finance
REC009072,PER03314,Gold Loan,18,2023-04-07,24,Repaid,Canara Bank
REC009073,PER03315,Personal Loan,28,2011-08-18,12,Defaulted,Axis Bank
REC009074,PER03315,Home Loan,308,2022-04-17,240,Defaulted,HDFC Bank
REC009075,PER03316,Car Loan,34,2024-05-14,84,Repaid,HDFC Bank
REC009076,PER03316,Gold Loan,43,2019-02-19,12,Defaulted,ICICI Bank
REC009077,PER03317,Car Loan,51,2021-12-27,36,Repaid,Yes Bank
REC009078,PER03317,Personal Loan,54,2022-04-27,60,Active,Axis Bank
REC009079,PER03317,Home Loan,347,2021-02-13,120,Defaulted,Yes Bank
REC009080,PER03317,Home Loan,240,2021-11-06,240,Repaid,IDBI Bank
REC009081,PER03317,Home Loan,231,2020-07-15,360,Repaid,Bajaj Finserv
REC009082,PER03317,Car Loan,87,2025-01-20,60,Repaid,Kotak Mahindra
REC009083,PER03318,Home Loan,123,2016-08-03,240,Active,Bank of Baroda
REC009084,PER03318,Car Loan,46,2010-09-18,84,Active,Kotak Mahindra
REC009085,PER03318,Business Loan,220,2022-08-03,12,Active,Union Bank
REC009086,PER03319,Car Loan,59,2019-05-19,60,Defaulted,PNB
REC009087,PER03319,Business Loan,207,2011-09-09,60,Active,IDBI Bank
REC009088,PER03319,Personal Loan,21,2023-06-20,48,Repaid,Tata Capital
REC009089,PER03320,Home Loan,186,2017-06-07,300,Repaid,Tata Capital
REC009090,PER03320,Home Loan,95,2023-02-08,240,Repaid,Tata Capital
REC009091,PER03321,Gold Loan,16,2023-09-06,24,Repaid,Bank of Baroda
REC009092,PER03321,Gold Loan,16,2014-02-12,36,Active,HDFC Bank
REC009093,PER03321,Home Loan,216,2024-02-26,180,Active,Bank of Baroda
REC009094,PER03321,Home Loan,248,2023-07-17,300,Active,Kotak Mahindra
REC009095,PER03322,Car Loan,59,2025-02-25,48,Repaid,Yes Bank
REC009096,PER03322,Business Loan,168,2010-05-06,12,Repaid,Bank of Baroda
REC009097,PER03324,Personal Loan,54,2015-03-14,12,Defaulted,LIC Housing Finance
REC009098,PER03324,Home Loan,128,2021-09-28,180,Repaid,LIC Housing Finance
REC009099,PER03324,Home Loan,177,2013-07-20,120,Repaid,Yes Bank
REC009100,PER03324,Home Loan,203,2015-11-07,300,Active,SBI
REC009101,PER03324,Business Loan,44,2025-11-12,60,Defaulted,ICICI Bank
REC009102,PER03326,Gold Loan,10,2017-04-10,60,Repaid,IndusInd Bank
REC009103,PER03326,Car Loan,42,2021-05-02,60,Active,Bank of Baroda
REC009104,PER03326,Home Loan,89,2015-07-18,300,Defaulted,IDBI Bank
REC009105,PER03327,Home Loan,50,2014-09-14,300,Active,Bank of Baroda
REC009106,PER03327,Business Loan,86,2019-07-17,24,Active,Canara Bank
REC009107,PER03328,Education Loan,29,2021-11-03,84,Defaulted,Tata Capital
REC009108,PER03328,Home Loan,161,2022-12-26,300,Active,SBI
REC009109,PER03328,Two-Wheeler Loan,4,2014-01-23,60,Active,IndusInd Bank
REC009110,PER03328,Consumer Durable Loan,6,2013-01-08,12,Repaid,PNB
REC009111,PER03328,Home Loan,139,2024-08-10,360,Defaulted,Bajaj Finserv
REC009112,PER03329,Home Loan,137,2012-05-17,120,Repaid,LIC Housing Finance
REC009113,PER03329,Home Loan,239,2011-02-15,180,Repaid,PNB
REC009114,PER03330,Home Loan,124,2012-11-21,240,Repaid,IndusInd Bank
REC009115,PER03330,Personal Loan,19,2013-12-25,60,Active,Kotak Mahindra
REC009116,PER03330,Car Loan,53,2021-03-26,60,Defaulted,Canara Bank
REC009117,PER03331,Personal Loan,32,2016-03-07,36,Active,Kotak Mahindra
REC009118,PER03331,Car Loan,30,2014-09-17,36,Repaid,ICICI Bank
REC009119,PER03331,Home Loan,377,2016-12-17,120,Repaid,PNB
REC009120,PER03331,Home Loan,269,2015-06-21,180,Repaid,Bank of Baroda
REC009121,PER03332,Home Loan,135,2024-06-25,240,Repaid,IndusInd Bank
REC009122,PER03332,Home Loan,101,2016-05-15,180,Repaid,Canara Bank
REC009123,PER03332,Consumer Durable Loan,3,2013-02-22,36,Repaid,HDFC Bank
REC009124,PER03332,Personal Loan,54,2013-09-21,48,Repaid,Canara Bank
REC009125,PER03332,Home Loan,332,2015-03-08,300,Repaid,IndusInd Bank
REC009126,PER03332,Home Loan,117,2021-09-21,240,Defaulted,Axis Bank
REC009127,PER03334,Personal Loan,16,2015-02-23,60,Repaid,Tata Capital
REC009128,PER03334,Personal Loan,21,2022-04-01,60,Defaulted,ICICI Bank
REC009129,PER03335,Home Loan,177,2023-10-06,300,Active,IDBI Bank
REC009130,PER03335,Personal Loan,33,2020-09-04,24,Repaid,Yes Bank
REC009131,PER03335,Car Loan,53,2019-02-12,60,Repaid,LIC Housing Finance
REC009132,PER03335,Two-Wheeler Loan,8,2025-04-05,60,Active,Union Bank
REC009133,PER03335,Home Loan,203,2021-04-11,360,Repaid,Tata Capital
REC009134,PER03337,Education Loan,48,2022-10-04,36,Active,PNB
REC009135,PER03338,Education Loan,40,2010-03-11,36,Active,Yes Bank
REC009136,PER03338,Education Loan,60,2015-02-05,60,Repaid,IndusInd Bank
REC009137,PER03338,Home Loan,75,2025-10-25,120,Repaid,Yes Bank
REC009138,PER03339,Consumer Durable Loan,7,2010-08-19,60,Repaid,IndusInd Bank
REC009139,PER03339,Car Loan,47,2012-05-20,84,Repaid,Union Bank
REC009140,PER03340,Gold Loan,29,2010-08-18,36,Defaulted,ICICI Bank
REC009141,PER03340,Home Loan,335,2024-11-03,180,Defaulted,Axis Bank
REC009142,PER03340,Personal Loan,55,2021-07-10,36,Active,Tata Capital
REC009143,PER03341,Car Loan,89,2017-02-24,48,Active,Axis Bank
REC009144,PER03341,Home Loan,286,2023-09-24,240,Active,Bank of Baroda
REC009145,PER03341,Personal Loan,46,2021-04-01,12,Repaid,Canara Bank
REC009146,PER03341,Education Loan,90,2011-07-12,60,Active,HDFC Bank
REC009147,PER03342,Home Loan,328,2013-02-24,360,Repaid,Union Bank
REC009148,PER03342,Home Loan,128,2020-07-03,240,Repaid,Axis Bank
REC009149,PER03343,Education Loan,46,2017-03-21,60,Active,Axis Bank
REC009150,PER03343,Home Loan,523,2011-10-23,300,Repaid,Yes Bank
REC009151,PER03343,Education Loan,23,2020-08-22,36,Active,LIC Housing Finance
REC009152,PER03343,Personal Loan,34,2019-11-01,12,Repaid,ICICI Bank
REC009153,PER03343,Car Loan,42,2016-06-10,48,Repaid,SBI
REC009154,PER03345,Home Loan,153,2021-12-26,300,Active,IndusInd Bank
REC009155,PER03345,Personal Loan,66,2015-06-17,48,Repaid,Kotak Mahindra
REC009156,PER03346,Personal Loan,59,2013-07-17,12,Repaid,Kotak Mahindra
REC009157,PER03346,Personal Loan,100,2021-07-26,36,Active,ICICI Bank
REC009158,PER03346,Home Loan,83,2014-10-19,120,Active,Kotak Mahindra
REC009159,PER03346,Business Loan,315,2016-09-22,36,Repaid,Kotak Mahindra
REC009160,PER03346,Personal Loan,32,2014-06-17,12,Repaid,Kotak Mahindra
REC009161,PER03347,Education Loan,37,2015-10-12,84,Repaid,IndusInd Bank
REC009162,PER03347,Personal Loan,15,2023-03-22,24,Repaid,Bank of Baroda
REC009163,PER03348,Two-Wheeler Loan,4,2017-01-06,60,Repaid,Tata Capital
REC009164,PER03348,Car Loan,36,2019-02-02,36,Defaulted,Yes Bank
REC009165,PER03348,Personal Loan,54,2019-02-21,60,Active,IndusInd Bank
REC009166,PER03348,Home Loan,245,2022-06-09,180,Defaulted,IDBI Bank
REC009167,PER03349,Personal Loan,38,2020-02-15,24,Defaulted,SBI
REC009168,PER03349,Gold Loan,14,2020-10-25,60,Repaid,Yes Bank
REC009169,PER03349,Home Loan,144,2013-07-10,180,Repaid,ICICI Bank
REC009170,PER03349,Car Loan,57,2018-01-28,60,Repaid,IndusInd Bank
REC009171,PER03349,Home Loan,133,2020-08-13,180,Repaid,PNB
REC009172,PER03350,Consumer Durable Loan,6,2024-01-22,36,Defaulted,Canara Bank
REC009173,PER03350,Home Loan,248,2016-09-12,300,Defaulted,LIC Housing Finance
REC009174,PER03350,Car Loan,51,2014-07-14,48,Active,Bajaj Finserv
REC009175,PER03350,Home Loan,223,2014-09-15,120,Active,Bajaj Finserv
REC009176,PER03351,Personal Loan,30,2014-10-08,24,Repaid,Bajaj Finserv
REC009177,PER03352,Education Loan,21,2024-06-14,84,Active,ICICI Bank
REC009178,PER03352,Business Loan,198,2015-10-11,12,Defaulted,Kotak Mahindra
REC009179,PER03353,Home Loan,106,2011-11-17,180,Repaid,Canara Bank
REC009180,PER03354,Education Loan,43,2022-12-10,84,Repaid,Tata Capital
REC009181,PER03354,Personal Loan,55,2016-06-15,36,Repaid,Yes Bank
REC009182,PER03355,Home Loan,234,2012-12-08,180,Active,LIC Housing Finance
REC009183,PER03355,Car Loan,64,2016-10-25,36,Active,SBI
REC009184,PER03356,Car Loan,121,2024-10-14,36,Active,ICICI Bank
REC009185,PER03356,Gold Loan,5,2023-08-04,36,Defaulted,HDFC Bank
REC009186,PER03356,Home Loan,199,2016-12-19,180,Repaid,SBI
REC009187,PER03357,Car Loan,165,2025-06-28,60,Repaid,Bank of Baroda
REC009188,PER03357,Car Loan,45,2022-05-05,36,Active,Tata Capital
REC009189,PER03357,Car Loan,59,2011-02-22,60,Active,Union Bank
REC009190,PER03357,Business Loan,65,2012-04-02,12,Repaid,Kotak Mahindra
REC009191,PER03357,Education Loan,19,2015-01-12,48,Active,PNB
REC009192,PER03358,Personal Loan,30,2010-11-16,12,Repaid,Yes Bank
REC009193,PER03358,Home Loan,331,2015-02-10,240,Active,Bajaj Finserv
REC009194,PER03358,Home Loan,209,2011-05-08,180,Repaid,IndusInd Bank
REC009195,PER03359,Two-Wheeler Loan,14,2023-11-07,24,Repaid,Union Bank
REC009196,PER03359,Consumer Durable Loan,3,2023-01-19,36,Repaid,ICICI Bank
REC009197,PER03360,Car Loan,42,2017-10-04,36,Defaulted,Bajaj Finserv
REC009198,PER03360,Home Loan,73,2015-08-24,360,Defaulted,HDFC Bank
REC009199,PER03360,Home Loan,166,2016-08-07,300,Defaulted,Yes Bank
REC009200,PER03360,Home Loan,73,2019-10-08,360,Active,Bank of Baroda
REC009201,PER03361,Personal Loan,20,2017-09-05,48,Repaid,HDFC Bank
REC009202,PER03361,Home Loan,183,2013-12-16,360,Repaid,ICICI Bank
REC009203,PER03361,Personal Loan,61,2010-08-01,48,Repaid,Yes Bank
REC009204,PER03362,Two-Wheeler Loan,13,2016-10-11,60,Repaid,Bajaj Finserv
REC009205,PER03363,Two-Wheeler Loan,15,2025-03-22,48,Repaid,Bajaj Finserv
REC009206,PER03363,Education Loan,31,2023-07-21,36,Active,Yes Bank
REC009207,PER03363,Car Loan,67,2023-07-05,48,Repaid,Axis Bank
REC009208,PER03363,Personal Loan,19,2020-07-16,12,Active,Yes Bank
REC009209,PER03363,Home Loan,92,2016-03-21,240,Active,Yes Bank
REC009210,PER03363,Car Loan,68,2019-04-11,48,Repaid,IndusInd Bank
REC009211,PER03364,Personal Loan,26,2018-10-12,60,Repaid,Axis Bank
REC009212,PER03365,Home Loan,209,2019-12-09,120,Repaid,Yes Bank
REC009213,PER03365,Home Loan,313,2014-07-21,120,Active,Kotak Mahindra
REC009214,PER03365,Home Loan,303,2013-09-14,240,Repaid,IDBI Bank
REC009215,PER03365,Personal Loan,15,2022-05-11,60,Active,Kotak Mahindra
REC009216,PER03366,Education Loan,27,2018-12-14,48,Repaid,Union Bank
REC009217,PER03367,Personal Loan,23,2016-05-24,60,Active,Kotak Mahindra
REC009218,PER03367,Two-Wheeler Loan,3,2022-05-20,48,Repaid,Tata Capital
REC009219,PER03367,Gold Loan,10,2017-12-05,36,Repaid,LIC Housing Finance
REC009220,PER03368,Home Loan,247,2021-12-17,240,Repaid,Bajaj Finserv
REC009221,PER03368,Home Loan,185,2020-03-27,240,Repaid,Bank of Baroda
REC009222,PER03368,Business Loan,76,2014-05-05,12,Active,HDFC Bank
REC009223,PER03368,Home Loan,228,2025-04-26,120,Active,IDBI Bank
REC009224,PER03368,Personal Loan,21,2019-11-24,60,Repaid,PNB
REC009225,PER03369,Car Loan,30,2010-03-20,36,Repaid,ICICI Bank
REC009226,PER03369,Personal Loan,45,2016-06-11,12,Defaulted,Canara Bank
REC009227,PER03370,Education Loan,112,2020-05-27,84,Active,Bajaj Finserv
REC009228,PER03370,Home Loan,157,2011-07-06,240,Active,IndusInd Bank
REC009229,PER03370,Home Loan,162,2014-08-22,180,Active,LIC Housing Finance
REC009230,PER03370,Home Loan,458,2012-07-27,240,Defaulted,Bank of Baroda
REC009231,PER03370,Personal Loan,13,2010-03-05,60,Active,Axis Bank
REC009232,PER03370,Personal Loan,37,2010-11-05,12,Active,Bank of Baroda
REC009233,PER03371,Two-Wheeler Loan,7,2023-03-28,36,Active,Canara Bank
REC009234,PER03371,Home Loan,175,2017-01-27,240,Repaid,IndusInd Bank
REC009235,PER03371,Home Loan,221,2023-10-17,300,Repaid,ICICI Bank
REC009236,PER03372,Home Loan,152,2011-07-15,360,Repaid,HDFC Bank
REC009237,PER03372,Business Loan,118,2016-10-10,48,Active,PNB
REC009238,PER03372,Personal Loan,63,2017-11-09,60,Repaid,Yes Bank
REC009239,PER03372,Personal Loan,17,2011-09-22,60,Active,Bajaj Finserv
REC009240,PER03373,Home Loan,270,2022-01-04,180,Repaid,IDBI Bank
REC009241,PER03373,Education Loan,60,2020-12-10,84,Active,Tata Capital
REC009242,PER03373,Home Loan,306,2010-03-27,360,Repaid,Kotak Mahindra
REC009243,PER03373,Home Loan,376,2025-10-03,240,Repaid,IDBI Bank
REC009244,PER03374,Car Loan,74,2012-12-26,36,Defaulted,Canara Bank
REC009245,PER03374,Home Loan,800,2023-07-28,360,Repaid,Axis Bank
REC009246,PER03374,Education Loan,55,2018-07-07,48,Defaulted,LIC Housing Finance
REC009247,PER03375,Home Loan,209,2021-07-18,180,Repaid,Axis Bank
REC009248,PER03375,Business Loan,41,2020-11-04,36,Defaulted,Tata Capital
REC009249,PER03375,Car Loan,115,2025-02-09,48,Repaid,Bajaj Finserv
REC009250,PER03376,Car Loan,81,2016-10-27,84,Defaulted,IndusInd Bank
REC009251,PER03376,Personal Loan,39,2015-05-26,36,Repaid,Axis Bank
REC009252,PER03377,Home Loan,445,2023-05-28,120,Repaid,HDFC Bank
REC009253,PER03377,Personal Loan,23,2025-04-22,60,Defaulted,Kotak Mahindra
REC009254,PER03377,Gold Loan,9,2012-01-25,48,Active,Kotak Mahindra
REC009255,PER03378,Car Loan,45,2010-07-18,36,Defaulted,IDBI Bank
REC009256,PER03379,Business Loan,57,2010-10-07,60,Defaulted,HDFC Bank
REC009257,PER03379,Education Loan,48,2016-08-15,84,Defaulted,Bank of Baroda
REC009258,PER03379,Personal Loan,41,2022-03-01,60,Repaid,Bank of Baroda
REC009259,PER03380,Home Loan,90,2023-02-25,300,Repaid,Axis Bank
REC009260,PER03380,Personal Loan,36,2022-12-01,24,Repaid,Yes Bank
REC009261,PER03380,Personal Loan,14,2015-07-13,24,Active,Kotak Mahindra
REC009262,PER03381,Car Loan,90,2023-12-27,84,Repaid,Union Bank
REC009263,PER03382,Car Loan,101,2024-11-27,60,Defaulted,PNB
REC009264,PER03382,Home Loan,197,2024-06-27,120,Defaulted,IDBI Bank
REC009265,PER03383,Car Loan,70,2025-09-15,48,Repaid,IndusInd Bank
REC009266,PER03383,Car Loan,78,2012-10-10,60,Repaid,LIC Housing Finance
REC009267,PER03383,Personal Loan,85,2018-08-04,60,Repaid,Bank of Baroda
REC009268,PER03383,Car Loan,83,2016-10-19,48,Active,LIC Housing Finance
REC009269,PER03384,Personal Loan,30,2013-08-06,60,Defaulted,IDBI Bank
REC009270,PER03385,Home Loan,283,2024-11-02,120,Repaid,Bank of Baroda
REC009271,PER03385,Two-Wheeler Loan,5,2013-08-02,12,Defaulted,Bajaj Finserv
REC009272,PER03385,Home Loan,97,2023-05-12,240,Repaid,LIC Housing Finance
REC009273,PER03385,Gold Loan,17,2022-05-07,36,Active,Kotak Mahindra
REC009274,PER03386,Home Loan,182,2018-01-06,360,Repaid,Axis Bank
REC009275,PER03386,Home Loan,202,2010-11-11,120,Active,Kotak Mahindra
REC009276,PER03387,Home Loan,235,2022-08-20,120,Active,Canara Bank
REC009277,PER03387,Personal Loan,29,2019-08-20,36,Repaid,Axis Bank
REC009278,PER03388,Home Loan,421,2020-12-28,300,Active,PNB
REC009279,PER03388,Consumer Durable Loan,17,2017-05-02,36,Repaid,SBI
REC009280,PER03388,Business Loan,55,2014-01-06,12,Defaulted,Tata Capital
REC009281,PER03389,Business Loan,78,2013-02-17,36,Active,Bajaj Finserv
REC009282,PER03390,Personal Loan,66,2014-12-28,36,Repaid,Bajaj Finserv
REC009283,PER03390,Car Loan,46,2015-08-05,60,Repaid,Kotak Mahindra
REC009284,PER03391,Education Loan,14,2018-11-11,48,Repaid,Yes Bank
REC009285,PER03391,Home Loan,151,2022-04-09,120,Repaid,Tata Capital
REC009286,PER03391,Gold Loan,5,2012-12-18,12,Repaid,ICICI Bank
REC009287,PER03392,Gold Loan,27,2020-09-16,36,Active,IDBI Bank
REC009288,PER03392,Business Loan,20,2018-02-27,36,Repaid,ICICI Bank
REC009289,PER03392,Business Loan,57,2011-12-08,12,Repaid,SBI
REC009290,PER03392,Personal Loan,33,2011-04-25,36,Repaid,Union Bank
REC009291,PER03393,Consumer Durable Loan,4,2010-11-14,48,Repaid,IDBI Bank
REC009292,PER03393,Car Loan,47,2021-02-16,60,Defaulted,Bajaj Finserv
REC009293,PER03393,Education Loan,56,2025-05-28,48,Active,IndusInd Bank
REC009294,PER03393,Home Loan,193,2015-09-14,180,Active,Union Bank
REC009295,PER03393,Personal Loan,37,2015-06-19,24,Repaid,Canara Bank
REC009296,PER03393,Gold Loan,18,2023-08-22,12,Repaid,Bank of Baroda
REC009297,PER03393,Education Loan,90,2012-11-06,60,Repaid,IndusInd Bank
REC009298,PER03394,Home Loan,197,2018-07-16,300,Defaulted,Tata Capital
REC009299,PER03394,Home Loan,296,2024-02-13,240,Repaid,IDBI Bank
REC009300,PER03395,Personal Loan,22,2016-01-06,12,Active,Bank of Baroda
REC009301,PER03395,Personal Loan,60,2011-05-13,36,Repaid,Canara Bank
REC009302,PER03396,Home Loan,157,2019-11-27,300,Active,ICICI Bank
REC009303,PER03396,Home Loan,195,2017-10-02,300,Repaid,HDFC Bank
REC009304,PER03396,Home Loan,222,2016-05-02,300,Defaulted,Bajaj Finserv
REC009305,PER03396,Home Loan,166,2017-04-10,240,Repaid,Tata Capital
REC009306,PER03396,Business Loan,170,2018-03-28,48,Defaulted,Canara Bank
REC009307,PER03397,Consumer Durable Loan,9,2017-03-04,24,Active,Bajaj Finserv
REC009308,PER03397,Personal Loan,28,2025-07-15,36,Repaid,HDFC Bank
REC009309,PER03398,Two-Wheeler Loan,4,2024-09-21,48,Active,IndusInd Bank
REC009310,PER03398,Education Loan,55,2010-06-13,84,Repaid,IDBI Bank
REC009311,PER03398,Home Loan,177,2023-12-13,120,Active,PNB
REC009312,PER03398,Home Loan,199,2017-12-28,300,Repaid,Canara Bank
REC009313,PER03398,Education Loan,31,2017-07-15,84,Active,PNB
REC009314,PER03398,Car Loan,82,2011-03-21,60,Repaid,Yes Bank
REC009315,PER03398,Home Loan,354,2014-06-10,120,Active,Bajaj Finserv
REC009316,PER03399,Personal Loan,25,2021-04-12,24,Defaulted,PNB
REC009317,PER03399,Two-Wheeler Loan,2,2016-12-02,48,Defaulted,Canara Bank
REC009318,PER03400,Home Loan,105,2016-03-08,360,Repaid,IDBI Bank
REC009319,PER03400,Home Loan,123,2022-05-19,240,Repaid,Bank of Baroda
REC009320,PER03401,Education Loan,36,2024-10-18,84,Repaid,ICICI Bank
REC009321,PER03401,Home Loan,164,2023-09-11,240,Repaid,HDFC Bank
REC009322,PER03402,Car Loan,85,2021-09-04,48,Active,Canara Bank
REC009323,PER03403,Personal Loan,21,2014-11-24,60,Active,Canara Bank
REC009324,PER03403,Home Loan,181,2018-05-28,360,Repaid,IDBI Bank
REC009325,PER03404,Home Loan,162,2013-07-19,300,Repaid,Tata Capital
REC009326,PER03406,Home Loan,111,2014-03-10,120,Defaulted,Kotak Mahindra
REC009327,PER03406,Home Loan,202,2021-12-23,180,Repaid,SBI
REC009328,PER03406,Home Loan,193,2012-06-11,300,Repaid,LIC Housing Finance
REC009329,PER03406,Home Loan,154,2018-09-18,240,Repaid,ICICI Bank
REC009330,PER03406,Home Loan,178,2014-06-20,120,Repaid,PNB
REC009331,PER03406,Consumer Durable Loan,11,2015-11-05,48,Active,Tata Capital
REC009332,PER03406,Home Loan,102,2021-07-03,240,Repaid,Kotak Mahindra
REC009333,PER03407,Personal Loan,6,2012-12-15,12,Repaid,Bank of Baroda
REC009334,PER03407,Business Loan,45,2017-04-24,12,Active,SBI
REC009335,PER03408,Two-Wheeler Loan,7,2017-05-16,12,Repaid,Axis Bank
REC009336,PER03408,Home Loan,136,2017-02-24,240,Repaid,Axis Bank
REC009337,PER03409,Home Loan,225,2018-12-13,180,Repaid,LIC Housing Finance
REC009338,PER03409,Two-Wheeler Loan,2,2016-05-26,48,Active,Bank of Baroda
REC009339,PER03410,Personal Loan,57,2024-02-18,36,Defaulted,Bank of Baroda
REC009340,PER03410,Personal Loan,27,2011-11-08,60,Active,Bajaj Finserv
REC009341,PER03411,Personal Loan,29,2016-01-01,24,Repaid,Bajaj Finserv
REC009342,PER03411,Education Loan,53,2021-11-09,48,Repaid,Kotak Mahindra
REC009343,PER03412,Business Loan,31,2022-04-11,24,Defaulted,LIC Housing Finance
REC009344,PER03412,Home Loan,377,2014-10-11,240,Repaid,Bajaj Finserv
REC009345,PER03412,Consumer Durable Loan,8,2016-09-09,36,Active,Bajaj Finserv
REC009346,PER03413,Education Loan,69,2019-03-01,36,Repaid,Tata Capital
REC009347,PER03413,Car Loan,25,2017-01-28,60,Active,IDBI Bank
REC009348,PER03413,Home Loan,135,2024-07-08,180,Repaid,Bank of Baroda
REC009349,PER03415,Personal Loan,41,2025-09-19,48,Active,Bank of Baroda
REC009350,PER03415,Home Loan,174,2023-09-08,240,Repaid,ICICI Bank
REC009351,PER03416,Education Loan,31,2018-09-20,60,Active,HDFC Bank
REC009352,PER03416,Personal Loan,25,2014-09-13,48,Active,IDBI Bank
REC009353,PER03417,Gold Loan,12,2021-08-09,24,Active,Bajaj Finserv
REC009354,PER03418,Business Loan,96,2015-02-08,36,Active,LIC Housing Finance
REC009355,PER03418,Car Loan,100,2023-07-27,36,Repaid,IndusInd Bank
REC009356,PER03418,Education Loan,68,2025-01-06,36,Repaid,IDBI Bank
REC009357,PER03419,Business Loan,284,2020-06-22,24,Repaid,LIC Housing Finance
REC009358,PER03419,Car Loan,66,2023-04-15,36,Repaid,Bajaj Finserv
REC009359,PER03420,Education Loan,58,2018-11-23,48,Repaid,SBI
REC009360,PER03421,Home Loan,193,2017-01-12,240,Active,Axis Bank
REC009361,PER03421,Personal Loan,30,2024-02-02,60,Repaid,SBI
REC009362,PER03422,Car Loan,58,2017-01-08,36,Repaid,Kotak Mahindra
REC009363,PER03422,Personal Loan,100,2018-12-19,48,Repaid,LIC Housing Finance
REC009364,PER03422,Personal Loan,39,2022-03-23,60,Active,PNB
REC009365,PER03422,Education Loan,72,2013-05-22,36,Repaid,HDFC Bank
REC009366,PER03422,Home Loan,110,2020-04-08,180,Repaid,Axis Bank
REC009367,PER03422,Personal Loan,52,2017-09-05,60,Repaid,Kotak Mahindra
REC009368,PER03423,Personal Loan,8,2025-06-20,24,Repaid,LIC Housing Finance
REC009369,PER03423,Personal Loan,32,2017-04-28,60,Defaulted,Bank of Baroda
REC009370,PER03423,Personal Loan,19,2013-02-18,24,Repaid,Bank of Baroda
REC009371,PER03423,Business Loan,88,2012-12-26,24,Repaid,Kotak Mahindra
REC009372,PER03423,Business Loan,35,2014-12-16,36,Repaid,SBI
REC009373,PER03424,Business Loan,55,2018-01-04,48,Active,HDFC Bank
REC009374,PER03424,Car Loan,80,2018-03-24,36,Repaid,SBI
REC009375,PER03424,Personal Loan,73,2024-07-18,36,Repaid,LIC Housing Finance
REC009376,PER03424,Personal Loan,32,2022-05-22,60,Repaid,Union Bank
REC009377,PER03424,Car Loan,102,2022-06-25,60,Repaid,Union Bank
REC009378,PER03424,Education Loan,42,2017-10-01,60,Defaulted,ICICI Bank
REC009379,PER03424,Personal Loan,27,2014-07-13,60,Active,Bajaj Finserv
REC009380,PER03425,Car Loan,43,2011-11-27,36,Active,IDBI Bank
REC009381,PER03425,Personal Loan,100,2024-04-01,60,Active,Union Bank
REC009382,PER03425,Home Loan,187,2021-04-16,300,Repaid,Tata Capital
REC009383,PER03425,Business Loan,97,2024-04-21,60,Active,LIC Housing Finance
REC009384,PER03425,Gold Loan,7,2012-12-24,24,Repaid,Kotak Mahindra
REC009385,PER03426,Home Loan,198,2012-10-12,180,Defaulted,PNB
REC009386,PER03426,Business Loan,57,2025-06-08,36,Active,PNB
REC009387,PER03426,Personal Loan,68,2022-07-28,60,Defaulted,IndusInd Bank
REC009388,PER03426,Business Loan,159,2017-08-04,12,Defaulted,IDBI Bank
REC009389,PER03426,Car Loan,48,2019-03-06,84,Active,LIC Housing Finance
REC009390,PER03426,Home Loan,224,2015-02-27,120,Repaid,ICICI Bank
REC009391,PER03427,Gold Loan,8,2023-06-10,24,Active,IndusInd Bank
REC009392,PER03427,Home Loan,171,2024-10-22,240,Repaid,Bajaj Finserv
REC009393,PER03427,Personal Loan,25,2025-02-12,36,Repaid,ICICI Bank
REC009394,PER03427,Business Loan,60,2025-11-14,48,Defaulted,ICICI Bank
REC009395,PER03429,Personal Loan,26,2010-10-18,48,Repaid,Bajaj Finserv
REC009396,PER03429,Personal Loan,21,2013-07-24,60,Active,Axis Bank
REC009397,PER03429,Personal Loan,17,2016-06-02,48,Active,SBI
REC009398,PER03429,Personal Loan,25,2022-10-24,48,Repaid,Bajaj Finserv
REC009399,PER03429,Personal Loan,79,2023-03-14,12,Defaulted,Tata Capital
REC009400,PER03429,Education Loan,55,2011-06-12,36,Repaid,Bajaj Finserv
REC009401,PER03429,Personal Loan,32,2021-04-16,36,Repaid,LIC Housing Finance
REC009402,PER03430,Personal Loan,55,2013-12-23,60,Repaid,Union Bank
REC009403,PER03430,Car Loan,24,2011-02-15,84,Active,LIC Housing Finance
REC009404,PER03430,Home Loan,400,2020-02-23,300,Repaid,Axis Bank
REC009405,PER03432,Personal Loan,27,2022-03-16,36,Active,HDFC Bank
REC009406,PER03432,Personal Loan,39,2024-01-01,12,Repaid,Canara Bank
REC009407,PER03433,Home Loan,181,2022-12-07,180,Defaulted,Bank of Baroda
REC009408,PER03433,Business Loan,59,2023-01-27,48,Repaid,Tata Capital
REC009409,PER03433,Car Loan,51,2013-11-14,36,Repaid,IndusInd Bank
REC009410,PER03434,Car Loan,112,2015-07-09,48,Repaid,HDFC Bank
REC009411,PER03434,Education Loan,46,2015-12-23,36,Repaid,Axis Bank
REC009412,PER03434,Home Loan,230,2025-04-18,240,Repaid,Yes Bank
REC009413,PER03434,Two-Wheeler Loan,18,2015-02-28,48,Repaid,Axis Bank
REC009414,PER03434,Two-Wheeler Loan,4,2014-10-18,60,Repaid,Axis Bank
REC009415,PER03434,Personal Loan,32,2015-07-13,60,Active,HDFC Bank
REC009416,PER03435,Home Loan,138,2014-04-18,180,Active,Kotak Mahindra
REC009417,PER03436,Personal Loan,22,2015-04-28,48,Repaid,Kotak Mahindra
REC009418,PER03436,Car Loan,104,2014-10-27,84,Repaid,Union Bank
REC009419,PER03436,Education Loan,70,2020-08-16,48,Active,Bajaj Finserv
REC009420,PER03437,Personal Loan,13,2021-07-16,48,Repaid,IndusInd Bank
REC009421,PER03437,Education Loan,82,2020-10-12,48,Repaid,Canara Bank
REC009422,PER03437,Two-Wheeler Loan,16,2025-02-08,48,Repaid,Kotak Mahindra
REC009423,PER03437,Car Loan,57,2021-04-02,48,Repaid,Canara Bank
REC009424,PER03437,Home Loan,188,2012-11-08,180,Repaid,PNB
REC009425,PER03437,Consumer Durable Loan,9,2015-11-03,48,Repaid,PNB
REC009426,PER03437,Education Loan,36,2018-03-04,48,Repaid,HDFC Bank
REC009427,PER03438,Gold Loan,12,2025-05-13,36,Repaid,Kotak Mahindra
REC009428,PER03438,Car Loan,39,2019-12-11,36,Repaid,ICICI Bank
REC009429,PER03439,Education Loan,32,2016-03-07,48,Defaulted,Yes Bank
REC009430,PER03439,Car Loan,33,2019-06-02,36,Active,HDFC Bank
REC009431,PER03440,Home Loan,107,2012-03-16,300,Defaulted,Bajaj Finserv
REC009432,PER03440,Personal Loan,23,2019-06-05,12,Defaulted,IDBI Bank
REC009433,PER03441,Car Loan,95,2013-12-16,48,Active,IDBI Bank
REC009434,PER03442,Home Loan,105,2025-03-12,180,Repaid,LIC Housing Finance
REC009435,PER03443,Car Loan,61,2020-06-26,48,Repaid,Kotak Mahindra
REC009436,PER03444,Home Loan,118,2013-02-23,180,Defaulted,PNB
REC009437,PER03444,Gold Loan,8,2024-04-04,36,Repaid,Axis Bank
REC009438,PER03444,Education Loan,37,2018-12-16,84,Defaulted,Union Bank
REC009439,PER03445,Car Loan,71,2010-09-10,48,Repaid,Bajaj Finserv
REC009440,PER03445,Personal Loan,36,2024-11-09,12,Repaid,PNB
REC009441,PER03446,Home Loan,121,2019-12-27,120,Repaid,Tata Capital
REC009442,PER03446,Two-Wheeler Loan,7,2025-06-26,12,Active,Tata Capital
REC009443,PER03446,Home Loan,201,2011-02-20,180,Defaulted,Kotak Mahindra
REC009444,PER03446,Home Loan,208,2018-08-21,240,Defaulted,Axis Bank
REC009445,PER03447,Two-Wheeler Loan,6,2022-03-20,48,Defaulted,PNB
REC009446,PER03447,Car Loan,54,2014-05-17,60,Defaulted,SBI
REC009447,PER03448,Education Loan,69,2024-08-17,84,Repaid,Bajaj Finserv
REC009448,PER03448,Home Loan,268,2011-05-15,300,Active,ICICI Bank
REC009449,PER03448,Personal Loan,26,2012-08-11,12,Active,Bajaj Finserv
REC009450,PER03448,Car Loan,51,2020-01-23,84,Repaid,Bajaj Finserv
REC009451,PER03448,Home Loan,78,2013-10-22,300,Repaid,Tata Capital
REC009452,PER03449,Personal Loan,49,2015-10-10,60,Defaulted,SBI
REC009453,PER03449,Car Loan,79,2020-10-28,84,Defaulted,Union Bank
REC009454,PER03450,Home Loan,219,2018-08-02,180,Active,Axis Bank
REC009455,PER03450,Home Loan,105,2022-03-23,120,Defaulted,ICICI Bank
REC009456,PER03451,Home Loan,446,2018-12-21,120,Repaid,HDFC Bank
REC009457,PER03451,Home Loan,272,2024-09-09,180,Active,Bajaj Finserv
REC009458,PER03452,Personal Loan,24,2017-01-13,12,Active,Union Bank
REC009459,PER03452,Car Loan,58,2024-04-14,84,Repaid,Canara Bank
REC009460,PER03452,Personal Loan,58,2017-06-01,48,Defaulted,IndusInd Bank
REC009461,PER03452,Personal Loan,67,2018-10-10,36,Active,SBI
REC009462,PER03452,Personal Loan,14,2021-12-27,48,Active,LIC Housing Finance
REC009463,PER03453,Business Loan,159,2010-06-18,48,Repaid,IDBI Bank
REC009464,PER03453,Car Loan,42,2014-01-16,48,Repaid,IDBI Bank
REC009465,PER03454,Business Loan,87,2012-09-26,12,Active,ICICI Bank
REC009466,PER03454,Car Loan,58,2024-05-28,84,Repaid,IDBI Bank
REC009467,PER03454,Business Loan,39,2020-11-23,12,Active,HDFC Bank
REC009468,PER03455,Home Loan,145,2011-07-16,240,Repaid,Union Bank
REC009469,PER03456,Car Loan,52,2020-06-23,60,Repaid,Bank of Baroda
REC009470,PER03457,Car Loan,43,2018-12-01,48,Active,ICICI Bank
REC009471,PER03457,Business Loan,42,2013-06-05,48,Repaid,Kotak Mahindra
REC009472,PER03458,Car Loan,53,2010-06-05,60,Active,SBI
REC009473,PER03458,Business Loan,28,2012-11-11,24,Active,ICICI Bank
REC009474,PER03458,Personal Loan,86,2015-06-18,60,Repaid,Tata Capital
REC009475,PER03458,Business Loan,126,2016-05-08,24,Repaid,Yes Bank
REC009476,PER03458,Car Loan,59,2013-02-27,48,Active,Bank of Baroda
REC009477,PER03458,Car Loan,74,2018-10-19,84,Active,Tata Capital
REC009478,PER03458,Home Loan,98,2010-04-01,180,Active,Yes Bank
REC009479,PER03459,Home Loan,272,2022-08-25,120,Defaulted,Tata Capital
REC009480,PER03460,Business Loan,72,2012-03-27,60,Repaid,SBI
REC009481,PER03460,Gold Loan,7,2016-02-28,48,Active,Yes Bank
REC009482,PER03461,Home Loan,122,2022-06-22,300,Repaid,Canara Bank
REC009483,PER03462,Personal Loan,46,2020-06-13,12,Repaid,IndusInd Bank
REC009484,PER03462,Business Loan,94,2017-06-23,12,Active,Tata Capital
REC009485,PER03462,Home Loan,235,2017-10-17,120,Active,ICICI Bank
REC009486,PER03462,Home Loan,182,2010-02-13,300,Active,Bank of Baroda
REC009487,PER03463,Home Loan,300,2022-09-25,120,Active,ICICI Bank
REC009488,PER03463,Personal Loan,31,2018-05-27,24,Active,HDFC Bank
REC009489,PER03464,Personal Loan,46,2021-06-28,36,Active,Axis Bank
REC009490,PER03464,Home Loan,194,2013-02-02,240,Repaid,Kotak Mahindra
REC009491,PER03466,Business Loan,40,2013-12-17,24,Repaid,LIC Housing Finance
REC009492,PER03467,Personal Loan,28,2022-02-13,36,Repaid,Kotak Mahindra
REC009493,PER03467,Business Loan,59,2013-10-20,36,Repaid,PNB
REC009494,PER03468,Home Loan,155,2017-02-14,180,Defaulted,IndusInd Bank
REC009495,PER03468,Home Loan,69,2016-12-16,180,Repaid,LIC Housing Finance
REC009496,PER03468,Consumer Durable Loan,7,2021-08-17,12,Repaid,PNB
REC009497,PER03469,Home Loan,197,2016-08-28,360,Repaid,ICICI Bank
REC009498,PER03469,Education Loan,36,2016-12-19,36,Repaid,Union Bank
REC009499,PER03469,Home Loan,68,2020-06-20,240,Active,Bank of Baroda
REC009500,PER03470,Car Loan,68,2014-09-26,48,Repaid,Union Bank
REC009501,PER03470,Home Loan,220,2017-06-24,120,Active,LIC Housing Finance
REC009502,PER03471,Home Loan,143,2018-04-07,300,Repaid,Kotak Mahindra
REC009503,PER03471,Car Loan,76,2016-05-28,84,Repaid,Axis Bank
REC009504,PER03472,Home Loan,196,2022-02-24,300,Defaulted,ICICI Bank
REC009505,PER03473,Car Loan,78,2019-09-12,36,Active,Tata Capital
REC009506,PER03473,Personal Loan,48,2010-02-07,48,Repaid,Yes Bank
REC009507,PER03474,Education Loan,95,2023-03-19,36,Defaulted,Axis Bank
REC009508,PER03474,Home Loan,287,2010-06-09,180,Repaid,Yes Bank
REC009509,PER03474,Two-Wheeler Loan,11,2024-12-06,24,Repaid,Canara Bank
REC009510,PER03474,Car Loan,38,2022-08-26,84,Active,HDFC Bank
REC009511,PER03474,Home Loan,322,2025-03-16,240,Repaid,Bank of Baroda
REC009512,PER03475,Personal Loan,39,2024-01-02,36,Active,Union Bank
REC009513,PER03475,Personal Loan,15,2016-10-22,24,Repaid,Yes Bank
REC009514,PER03476,Gold Loan,7,2018-10-19,36,Active,PNB
REC009515,PER03476,Home Loan,286,2014-02-25,360,Repaid,Tata Capital
REC009516,PER03476,Car Loan,41,2017-06-28,84,Repaid,LIC Housing Finance
REC009517,PER03476,Business Loan,62,2022-09-13,12,Repaid,IndusInd Bank
REC009518,PER03476,Car Loan,65,2010-03-19,48,Active,PNB
REC009519,PER03476,Car Loan,54,2018-10-16,60,Repaid,IDBI Bank
REC009520,PER03477,Two-Wheeler Loan,9,2013-06-13,36,Active,IndusInd Bank
REC009521,PER03477,Home Loan,97,2021-03-12,240,Defaulted,SBI
REC009522,PER03477,Car Loan,90,2017-11-13,84,Repaid,SBI
REC009523,PER03477,Car Loan,34,2010-10-09,60,Active,Canara Bank
REC009524,PER03478,Home Loan,298,2011-07-02,120,Active,Canara Bank
REC009525,PER03478,Gold Loan,8,2019-03-12,48,Repaid,PNB
REC009526,PER03478,Consumer Durable Loan,8,2020-01-16,60,Repaid,Union Bank
REC009527,PER03479,Home Loan,192,2022-12-19,120,Repaid,IndusInd Bank
REC009528,PER03479,Personal Loan,49,2012-03-09,12,Active,Tata Capital
REC009529,PER03479,Car Loan,33,2018-12-19,36,Repaid,LIC Housing Finance
REC009530,PER03480,Home Loan,185,2011-08-09,360,Repaid,Kotak Mahindra
REC009531,PER03480,Business Loan,232,2012-10-18,24,Active,HDFC Bank
REC009532,PER03480,Home Loan,161,2012-03-06,180,Repaid,Canara Bank
REC009533,PER03480,Education Loan,42,2023-11-25,84,Repaid,Bajaj Finserv
REC009534,PER03481,Business Loan,145,2019-11-02,36,Active,Canara Bank
REC009535,PER03482,Consumer Durable Loan,7,2017-06-27,48,Active,IndusInd Bank
REC009536,PER03482,Home Loan,233,2016-07-14,300,Repaid,Canara Bank
REC009537,PER03482,Personal Loan,9,2016-06-08,48,Repaid,Union Bank
REC009538,PER03482,Home Loan,57,2015-02-26,180,Repaid,IDBI Bank
REC009539,PER03483,Two-Wheeler Loan,4,2018-07-27,36,Active,PNB
REC009540,PER03483,Personal Loan,29,2022-07-08,36,Repaid,SBI
REC009541,PER03483,Personal Loan,16,2018-12-03,24,Defaulted,PNB
REC009542,PER03484,Personal Loan,28,2024-11-04,36,Defaulted,Union Bank
REC009543,PER03484,Business Loan,52,2018-05-16,60,Defaulted,ICICI Bank
REC009544,PER03484,Home Loan,675,2014-07-07,240,Active,IndusInd Bank
REC009545,PER03484,Gold Loan,6,2023-04-06,60,Repaid,SBI
REC009546,PER03484,Personal Loan,62,2015-12-05,12,Repaid,Bank of Baroda
REC009547,PER03484,Education Loan,53,2018-08-07,48,Repaid,Axis Bank
REC009548,PER03485,Business Loan,155,2024-12-17,48,Defaulted,SBI
REC009549,PER03485,Business Loan,51,2019-06-20,60,Defaulted,Canara Bank
REC009550,PER03485,Personal Loan,29,2011-07-18,60,Active,Union Bank
REC009551,PER03485,Business Loan,78,2015-11-23,12,Repaid,Tata Capital
REC009552,PER03485,Car Loan,48,2018-02-17,36,Active,HDFC Bank
REC009553,PER03485,Personal Loan,50,2015-10-02,24,Active,Tata Capital
REC009554,PER03485,Car Loan,58,2022-04-11,48,Defaulted,Axis Bank
REC009555,PER03486,Gold Loan,6,2014-01-14,48,Active,IndusInd Bank
REC009556,PER03486,Personal Loan,37,2011-03-04,60,Active,Yes Bank
REC009557,PER03486,Education Loan,58,2023-11-08,36,Repaid,IndusInd Bank
REC009558,PER03486,Business Loan,70,2015-11-09,60,Repaid,IndusInd Bank
REC009559,PER03486,Personal Loan,17,2013-07-22,48,Repaid,HDFC Bank
REC009560,PER03487,Personal Loan,38,2013-05-10,48,Repaid,HDFC Bank
REC009561,PER03487,Home Loan,131,2019-05-02,240,Repaid,Yes Bank
REC009562,PER03487,Home Loan,172,2021-03-24,240,Repaid,IDBI Bank
REC009563,PER03487,Personal Loan,53,2014-05-20,24,Repaid,Axis Bank
REC009564,PER03487,Business Loan,97,2012-02-24,48,Repaid,Yes Bank
REC009565,PER03487,Home Loan,153,2018-03-25,240,Active,LIC Housing Finance
REC009566,PER03488,Personal Loan,19,2019-12-03,48,Repaid,Bank of Baroda
REC009567,PER03488,Business Loan,89,2023-02-24,12,Repaid,HDFC Bank
REC009568,PER03489,Personal Loan,17,2015-04-10,60,Repaid,Canara Bank
REC009569,PER03489,Business Loan,81,2023-04-13,12,Repaid,Tata Capital
REC009570,PER03490,Business Loan,35,2010-11-10,12,Defaulted,IndusInd Bank
REC009571,PER03490,Personal Loan,33,2010-11-05,48,Repaid,SBI
REC009572,PER03491,Home Loan,139,2021-07-24,360,Repaid,Tata Capital
REC009573,PER03492,Car Loan,75,2019-01-06,36,Repaid,Union Bank
REC009574,PER03492,Home Loan,70,2018-03-18,360,Repaid,Yes Bank
REC009575,PER03492,Home Loan,129,2021-07-24,300,Repaid,Bajaj Finserv
REC009576,PER03493,Home Loan,163,2024-05-05,300,Active,Canara Bank
REC009577,PER03494,Education Loan,33,2021-09-06,60,Repaid,HDFC Bank
REC009578,PER03494,Personal Loan,41,2023-03-16,36,Repaid,SBI
REC009579,PER03495,Education Loan,49,2025-12-11,60,Defaulted,Bank of Baroda
REC009580,PER03495,Home Loan,136,2013-12-03,180,Active,IndusInd Bank
REC009581,PER03496,Two-Wheeler Loan,7,2019-02-24,36,Repaid,Union Bank
REC009582,PER03497,Business Loan,237,2016-02-01,36,Defaulted,Canara Bank
REC009583,PER03497,Home Loan,220,2022-10-20,300,Repaid,Tata Capital
REC009584,PER03497,Car Loan,28,2012-12-21,60,Defaulted,ICICI Bank
REC009585,PER03498,Business Loan,130,2025-10-20,60,Repaid,Axis Bank
REC009586,PER03498,Home Loan,312,2021-04-21,300,Active,Axis Bank
REC009587,PER03499,Personal Loan,28,2014-01-25,12,Repaid,LIC Housing Finance
REC009588,PER03499,Personal Loan,30,2017-10-26,12,Defaulted,SBI
REC009589,PER03499,Education Loan,42,2015-12-27,60,Repaid,Kotak Mahindra
REC009590,PER03499,Home Loan,215,2019-04-23,300,Active,Tata Capital
REC009591,PER03499,Personal Loan,33,2012-02-27,48,Defaulted,IndusInd Bank
REC009592,PER03499,Home Loan,150,2023-08-14,300,Active,Tata Capital
REC009593,PER03500,Personal Loan,28,2015-07-20,24,Active,Yes Bank
REC009594,PER03500,Personal Loan,14,2019-04-04,12,Repaid,Bajaj Finserv
REC009595,PER03500,Education Loan,60,2016-04-23,48,Repaid,ICICI Bank
REC009596,PER03500,Personal Loan,51,2024-08-07,36,Repaid,IndusInd Bank
REC009597,PER03500,Two-Wheeler Loan,8,2016-08-12,48,Defaulted,PNB
REC009598,PER03501,Personal Loan,28,2018-11-10,12,Repaid,Bajaj Finserv
REC009599,PER03501,Two-Wheeler Loan,4,2017-06-15,24,Defaulted,IDBI Bank
REC009600,PER03501,Business Loan,84,2017-01-22,48,Repaid,Kotak Mahindra
REC009601,PER03501,Gold Loan,8,2018-09-08,12,Defaulted,Yes Bank
REC009602,PER03502,Two-Wheeler Loan,18,2019-07-24,24,Repaid,IDBI Bank
REC009603,PER03503,Home Loan,337,2025-12-23,240,Defaulted,SBI
REC009604,PER03503,Personal Loan,32,2023-05-15,24,Repaid,LIC Housing Finance
REC009605,PER03504,Education Loan,52,2019-04-22,48,Active,Kotak Mahindra
REC009606,PER03504,Personal Loan,19,2023-10-04,60,Repaid,HDFC Bank
REC009607,PER03504,Personal Loan,36,2012-11-20,60,Repaid,Bajaj Finserv
REC009608,PER03504,Two-Wheeler Loan,6,2015-10-16,48,Active,Bank of Baroda
REC009609,PER03505,Business Loan,74,2024-01-03,60,Active,Tata Capital
REC009610,PER03505,Education Loan,75,2024-10-22,36,Repaid,Kotak Mahindra
REC009611,PER03506,Personal Loan,97,2020-02-21,12,Repaid,LIC Housing Finance
REC009612,PER03506,Home Loan,133,2024-11-02,120,Repaid,Union Bank
REC009613,PER03506,Home Loan,73,2019-03-22,120,Repaid,LIC Housing Finance
REC009614,PER03506,Education Loan,51,2012-07-17,60,Repaid,Bajaj Finserv
REC009615,PER03506,Personal Loan,29,2016-10-15,24,Repaid,SBI
REC009616,PER03507,Personal Loan,31,2011-07-20,12,Repaid,Kotak Mahindra
REC009617,PER03507,Education Loan,59,2018-05-12,48,Repaid,Kotak Mahindra
REC009618,PER03508,Home Loan,243,2014-10-18,360,Repaid,Canara Bank
REC009619,PER03508,Two-Wheeler Loan,12,2015-03-20,48,Repaid,SBI
REC009620,PER03508,Home Loan,277,2017-08-19,240,Active,Union Bank
REC009621,PER03508,Business Loan,40,2018-07-16,48,Repaid,ICICI Bank
REC009622,PER03509,Personal Loan,35,2013-06-02,36,Repaid,IndusInd Bank
REC009623,PER03510,Home Loan,120,2014-08-15,180,Repaid,PNB
REC009624,PER03510,Car Loan,35,2012-02-25,60,Active,ICICI Bank
REC009625,PER03510,Personal Loan,36,2010-10-13,60,Repaid,ICICI Bank
REC009626,PER03510,Home Loan,209,2018-12-12,300,Defaulted,SBI
REC009627,PER03511,Gold Loan,18,2010-03-21,12,Repaid,Yes Bank
REC009628,PER03511,Business Loan,500,2011-04-13,12,Repaid,Yes Bank
REC009629,PER03512,Personal Loan,13,2024-08-20,60,Defaulted,Bajaj Finserv
REC009630,PER03513,Education Loan,25,2019-01-18,60,Defaulted,Yes Bank
REC009631,PER03513,Home Loan,304,2021-04-05,120,Active,Axis Bank
REC009632,PER03513,Personal Loan,57,2015-08-12,48,Defaulted,IndusInd Bank
REC009633,PER03513,Car Loan,83,2011-01-26,48,Active,IndusInd Bank
REC009634,PER03513,Car Loan,53,2025-02-02,60,Repaid,Union Bank
REC009635,PER03513,Home Loan,76,2010-04-20,180,Defaulted,IndusInd Bank
REC009636,PER03513,Personal Loan,53,2022-10-13,36,Defaulted,Canara Bank
REC009637,PER03514,Home Loan,176,2022-04-01,240,Repaid,Union Bank
REC009638,PER03514,Home Loan,217,2024-04-05,120,Repaid,Bank of Baroda
REC009639,PER03515,Home Loan,98,2025-12-19,300,Repaid,LIC Housing Finance
REC009640,PER03515,Business Loan,123,2011-07-11,12,Active,Kotak Mahindra
REC009641,PER03516,Personal Loan,35,2025-07-26,60,Repaid,LIC Housing Finance
REC009642,PER03516,Home Loan,298,2021-05-06,180,Defaulted,Yes Bank
REC009643,PER03517,Home Loan,55,2017-06-21,120,Repaid,IndusInd Bank
REC009644,PER03517,Home Loan,408,2019-04-09,300,Defaulted,Yes Bank
REC009645,PER03518,Two-Wheeler Loan,4,2019-09-18,36,Active,Yes Bank
REC009646,PER03518,Two-Wheeler Loan,23,2022-12-01,36,Active,HDFC Bank
REC009647,PER03518,Personal Loan,20,2015-05-02,24,Repaid,Union Bank
REC009648,PER03519,Personal Loan,100,2023-05-10,48,Repaid,IndusInd Bank
REC009649,PER03519,Car Loan,28,2020-05-07,84,Repaid,LIC Housing Finance
REC009650,PER03521,Personal Loan,24,2025-05-20,48,Defaulted,IDBI Bank
REC009651,PER03521,Business Loan,42,2017-12-12,12,Active,HDFC Bank
REC009652,PER03522,Personal Loan,63,2014-07-22,24,Defaulted,LIC Housing Finance
REC009653,PER03523,Home Loan,404,2025-08-04,300,Repaid,SBI
REC009654,PER03523,Gold Loan,23,2013-07-08,36,Active,SBI
REC009655,PER03523,Education Loan,72,2023-08-20,60,Repaid,HDFC Bank
REC009656,PER03524,Business Loan,115,2024-12-17,36,Active,Bank of Baroda
REC009657,PER03524,Two-Wheeler Loan,25,2019-09-12,12,Active,SBI
REC009658,PER03524,Personal Loan,43,2014-01-27,12,Repaid,LIC Housing Finance
REC009659,PER03525,Education Loan,107,2025-02-15,36,Repaid,Tata Capital
REC009660,PER03525,Business Loan,98,2020-09-26,48,Active,Yes Bank
REC009661,PER03525,Consumer Durable Loan,15,2012-01-20,12,Repaid,ICICI Bank
REC009662,PER03526,Consumer Durable Loan,13,2020-12-13,48,Repaid,Kotak Mahindra
REC009663,PER03526,Home Loan,95,2014-11-07,180,Repaid,ICICI Bank
REC009664,PER03526,Business Loan,192,2017-10-20,48,Active,LIC Housing Finance
REC009665,PER03526,Home Loan,195,2024-10-06,240,Repaid,Union Bank
REC009666,PER03526,Personal Loan,53,2014-12-05,48,Defaulted,Kotak Mahindra
REC009667,PER03527,Home Loan,414,2018-02-04,120,Active,IDBI Bank
REC009668,PER03527,Home Loan,155,2021-06-14,180,Active,LIC Housing Finance
REC009669,PER03527,Gold Loan,8,2020-05-24,48,Defaulted,PNB
REC009670,PER03528,Home Loan,66,2021-07-17,180,Defaulted,PNB
REC009671,PER03528,Car Loan,80,2022-04-18,48,Active,Union Bank
REC009672,PER03528,Home Loan,260,2011-09-22,240,Repaid,LIC Housing Finance
REC009673,PER03529,Car Loan,73,2012-04-08,84,Repaid,IDBI Bank
REC009674,PER03529,Home Loan,110,2022-08-20,360,Repaid,IndusInd Bank
REC009675,PER03529,Car Loan,47,2024-02-04,36,Active,IndusInd Bank
REC009676,PER03529,Home Loan,107,2021-05-03,300,Defaulted,Axis Bank
REC009677,PER03529,Gold Loan,8,2023-01-08,12,Active,Bank of Baroda
REC009678,PER03529,Consumer Durable Loan,10,2021-07-09,48,Repaid,SBI
REC009679,PER03530,Personal Loan,50,2021-12-21,48,Repaid,Axis Bank
REC009680,PER03530,Two-Wheeler Loan,7,2014-09-07,24,Active,IDBI Bank
REC009681,PER03531,Consumer Durable Loan,5,2015-01-05,60,Repaid,ICICI Bank
REC009682,PER03531,Home Loan,285,2020-09-12,360,Active,LIC Housing Finance
REC009683,PER03532,Home Loan,371,2022-07-13,120,Active,SBI
REC009684,PER03533,Car Loan,124,2014-10-18,84,Repaid,Axis Bank
REC009685,PER03533,Personal Loan,52,2023-05-02,24,Active,Union Bank
REC009686,PER03533,Personal Loan,41,2014-08-26,24,Active,Union Bank
REC009687,PER03534,Business Loan,161,2014-10-01,36,Active,Tata Capital
REC009688,PER03534,Personal Loan,47,2019-03-13,60,Repaid,PNB
REC009689,PER03534,Home Loan,232,2013-04-05,180,Defaulted,Bank of Baroda
REC009690,PER03535,Personal Loan,38,2019-07-07,60,Repaid,LIC Housing Finance
REC009691,PER03536,Personal Loan,11,2019-12-16,24,Active,Yes Bank
REC009692,PER03536,Home Loan,391,2024-09-19,300,Defaulted,PNB
REC009693,PER03536,Business Loan,23,2017-02-08,24,Active,Bank of Baroda
REC009694,PER03536,Gold Loan,24,2022-01-11,36,Defaulted,Kotak Mahindra
REC009695,PER03537,Home Loan,118,2013-05-06,300,Active,Yes Bank
REC009696,PER03537,Home Loan,138,2020-07-24,180,Defaulted,Yes Bank
REC009697,PER03537,Home Loan,277,2013-10-27,240,Repaid,PNB
REC009698,PER03537,Car Loan,44,2015-07-08,60,Defaulted,PNB
REC009699,PER03537,Car Loan,41,2015-09-21,84,Defaulted,Axis Bank
REC009700,PER03538,Home Loan,181,2021-08-17,360,Repaid,Canara Bank
REC009701,PER03539,Education Loan,13,2019-09-12,84,Active,LIC Housing Finance
REC009702,PER03539,Personal Loan,35,2025-08-19,24,Repaid,Canara Bank
REC009703,PER03539,Home Loan,163,2025-10-06,120,Repaid,Tata Capital
REC009704,PER03540,Car Loan,49,2022-10-27,60,Active,SBI
REC009705,PER03540,Car Loan,31,2011-01-06,60,Repaid,HDFC Bank
REC009706,PER03541,Car Loan,29,2016-01-15,36,Active,Bank of Baroda
REC009707,PER03542,Personal Loan,15,2016-02-01,24,Repaid,Yes Bank
REC009708,PER03542,Home Loan,245,2011-04-15,120,Defaulted,Yes Bank
REC009709,PER03542,Car Loan,68,2025-03-23,48,Defaulted,Union Bank
REC009710,PER03542,Home Loan,519,2023-01-16,120,Repaid,IDBI Bank
REC009711,PER03542,Home Loan,97,2010-01-19,360,Repaid,IDBI Bank
REC009712,PER03542,Home Loan,85,2015-12-13,360,Defaulted,PNB
REC009713,PER03542,Home Loan,186,2023-03-07,240,Repaid,IDBI Bank
REC009714,PER03543,Business Loan,174,2010-03-19,36,Repaid,ICICI Bank
REC009715,PER03543,Home Loan,80,2023-03-12,240,Repaid,SBI
REC009716,PER03544,Car Loan,80,2010-02-15,36,Repaid,ICICI Bank
REC009717,PER03544,Personal Loan,18,2015-05-01,24,Repaid,Yes Bank
REC009718,PER03545,Education Loan,39,2018-04-21,84,Repaid,IDBI Bank
REC009719,PER03546,Home Loan,104,2010-08-25,120,Active,Canara Bank
REC009720,PER03546,Home Loan,194,2017-06-23,300,Repaid,IDBI Bank
REC009721,PER03547,Gold Loan,10,2022-03-22,48,Defaulted,Bajaj Finserv
REC009722,PER03547,Personal Loan,29,2011-10-08,60,Active,IndusInd Bank
REC009723,PER03548,Business Loan,143,2018-12-15,60,Active,Tata Capital
REC009724,PER03549,Home Loan,197,2022-05-15,240,Repaid,IndusInd Bank
REC009725,PER03550,Personal Loan,30,2017-11-27,12,Active,Union Bank
REC009726,PER03550,Home Loan,145,2020-05-09,360,Repaid,Yes Bank
REC009727,PER03550,Education Loan,16,2015-03-18,48,Defaulted,Kotak Mahindra
REC009728,PER03551,Education Loan,45,2023-04-07,36,Active,Yes Bank
REC009729,PER03551,Two-Wheeler Loan,2,2025-11-22,24,Active,LIC Housing Finance
REC009730,PER03551,Home Loan,60,2011-08-19,120,Active,ICICI Bank
REC009731,PER03552,Home Loan,259,2022-05-18,240,Defaulted,Bajaj Finserv
REC009732,PER03552,Personal Loan,23,2024-03-02,60,Repaid,HDFC Bank
REC009733,PER03553,Personal Loan,12,2016-09-28,36,Repaid,Yes Bank
REC009734,PER03553,Education Loan,39,2013-03-06,36,Active,SBI
REC009735,PER03553,Business Loan,57,2021-07-08,36,Repaid,Canara Bank
REC009736,PER03554,Home Loan,165,2020-07-09,240,Repaid,IDBI Bank
REC009737,PER03554,Education Loan,64,2014-08-22,36,Repaid,SBI
REC009738,PER03555,Personal Loan,24,2017-01-22,12,Active,Union Bank
REC009739,PER03555,Gold Loan,6,2019-04-22,60,Repaid,HDFC Bank
REC009740,PER03555,Business Loan,53,2015-03-11,24,Active,Yes Bank
REC009741,PER03555,Education Loan,61,2015-03-15,36,Repaid,Tata Capital
REC009742,PER03555,Personal Loan,46,2012-03-18,24,Repaid,ICICI Bank
REC009743,PER03555,Education Loan,84,2023-04-16,60,Active,Yes Bank
REC009744,PER03555,Home Loan,178,2020-09-05,120,Repaid,LIC Housing Finance
REC009745,PER03556,Personal Loan,86,2022-05-14,12,Repaid,Axis Bank
REC009746,PER03556,Personal Loan,63,2015-07-10,24,Repaid,SBI
REC009747,PER03557,Car Loan,61,2017-10-13,84,Repaid,Union Bank
REC009748,PER03558,Consumer Durable Loan,12,2025-01-15,12,Repaid,Bank of Baroda
REC009749,PER03558,Gold Loan,21,2010-01-28,24,Active,Axis Bank
REC009750,PER03558,Car Loan,33,2023-08-24,48,Repaid,SBI
REC009751,PER03559,Business Loan,127,2017-04-04,60,Repaid,LIC Housing Finance
REC009752,PER03559,Business Loan,500,2010-02-27,36,Repaid,IndusInd Bank
REC009753,PER03559,Home Loan,116,2019-05-14,120,Active,Union Bank
REC009754,PER03559,Education Loan,38,2024-07-09,84,Repaid,Bank of Baroda
REC009755,PER03559,Home Loan,237,2014-12-03,300,Repaid,ICICI Bank
REC009756,PER03559,Home Loan,526,2025-11-21,120,Repaid,SBI
REC009757,PER03559,Personal Loan,18,2013-12-01,60,Active,Tata Capital
REC009758,PER03559,Home Loan,101,2025-07-01,240,Repaid,Bank of Baroda
REC009759,PER03560,Home Loan,133,2014-05-24,240,Defaulted,Yes Bank
REC009760,PER03560,Gold Loan,33,2020-02-23,36,Defaulted,Canara Bank
REC009761,PER03561,Car Loan,50,2016-01-24,84,Defaulted,Yes Bank
REC009762,PER03561,Education Loan,20,2023-08-26,60,Repaid,Bajaj Finserv
REC009763,PER03562,Business Loan,43,2010-09-18,48,Repaid,Bank of Baroda
REC009764,PER03562,Two-Wheeler Loan,5,2021-02-21,48,Repaid,Yes Bank
REC009765,PER03562,Car Loan,44,2024-09-17,48,Repaid,IDBI Bank
REC009766,PER03563,Business Loan,45,2018-12-04,36,Repaid,Kotak Mahindra
REC009767,PER03563,Home Loan,91,2023-05-24,120,Active,Tata Capital
REC009768,PER03563,Personal Loan,92,2014-07-28,36,Defaulted,ICICI Bank
REC009769,PER03563,Home Loan,104,2024-04-27,180,Repaid,Tata Capital
REC009770,PER03564,Car Loan,41,2023-11-16,60,Repaid,LIC Housing Finance
REC009771,PER03564,Personal Loan,37,2023-07-24,12,Repaid,LIC Housing Finance
REC009772,PER03564,Car Loan,50,2021-10-08,84,Repaid,Yes Bank
REC009773,PER03565,Car Loan,54,2019-01-08,84,Defaulted,Axis Bank
REC009774,PER03567,Car Loan,108,2025-07-23,60,Active,SBI
REC009775,PER03567,Home Loan,159,2013-12-07,120,Active,Bank of Baroda
REC009776,PER03567,Education Loan,15,2022-09-09,48,Repaid,Tata Capital
REC009777,PER03569,Personal Loan,24,2019-06-08,60,Defaulted,PNB
REC009778,PER03571,Education Loan,30,2021-01-09,84,Defaulted,Union Bank
REC009779,PER03571,Home Loan,155,2019-09-07,240,Repaid,HDFC Bank
REC009780,PER03571,Personal Loan,71,2010-10-27,24,Defaulted,Bajaj Finserv
REC009781,PER03571,Personal Loan,25,2024-11-21,48,Active,IDBI Bank
REC009782,PER03571,Car Loan,33,2011-07-05,36,Defaulted,SBI
REC009783,PER03571,Personal Loan,26,2017-09-03,60,Repaid,IndusInd Bank
REC009784,PER03572,Car Loan,105,2012-10-20,36,Repaid,Kotak Mahindra
REC009785,PER03572,Personal Loan,21,2022-01-28,12,Defaulted,ICICI Bank
REC009786,PER03573,Home Loan,402,2021-01-21,360,Repaid,IndusInd Bank
REC009787,PER03573,Car Loan,32,2018-11-25,36,Repaid,Bank of Baroda
REC009788,PER03575,Two-Wheeler Loan,3,2024-11-01,48,Repaid,ICICI Bank
REC009789,PER03575,Personal Loan,12,2014-02-10,12,Repaid,LIC Housing Finance
REC009790,PER03575,Gold Loan,9,2021-01-17,60,Repaid,ICICI Bank
REC009791,PER03576,Car Loan,61,2015-10-01,36,Repaid,Yes Bank
REC009792,PER03576,Business Loan,58,2020-07-26,48,Active,Union Bank
REC009793,PER03576,Personal Loan,28,2016-06-14,48,Repaid,Yes Bank
REC009794,PER03576,Home Loan,110,2013-10-27,120,Repaid,SBI
REC009795,PER03577,Car Loan,120,2023-06-20,48,Repaid,HDFC Bank
REC009796,PER03577,Consumer Durable Loan,30,2021-03-27,48,Repaid,LIC Housing Finance
REC009797,PER03577,Home Loan,168,2020-06-18,120,Active,SBI
REC009798,PER03578,Home Loan,213,2018-04-14,120,Repaid,Yes Bank
REC009799,PER03578,Personal Loan,26,2015-11-09,60,Repaid,Bajaj Finserv
REC009800,PER03580,Business Loan,145,2025-06-28,24,Active,Axis Bank
REC009801,PER03580,Education Loan,21,2013-11-11,60,Active,IndusInd Bank
REC009802,PER03580,Personal Loan,33,2023-02-12,48,Active,IDBI Bank
REC009803,PER03581,Personal Loan,57,2018-07-16,36,Repaid,Yes Bank
REC009804,PER03581,Business Loan,39,2013-01-10,48,Repaid,IDBI Bank
REC009805,PER03581,Home Loan,110,2015-11-15,300,Active,SBI
REC009806,PER03581,Car Loan,41,2017-06-26,48,Active,HDFC Bank
REC009807,PER03582,Home Loan,156,2024-08-11,360,Active,Tata Capital
REC009808,PER03582,Two-Wheeler Loan,7,2017-12-14,48,Active,Bank of Baroda
REC009809,PER03583,Personal Loan,44,2012-07-28,60,Defaulted,Bank of Baroda
REC009810,PER03584,Personal Loan,29,2011-05-07,60,Active,IDBI Bank
REC009811,PER03584,Home Loan,98,2017-05-19,360,Defaulted,LIC Housing Finance
REC009812,PER03584,Education Loan,70,2010-07-13,84,Repaid,ICICI Bank
REC009813,PER03584,Home Loan,185,2023-02-14,360,Defaulted,Axis Bank
REC009814,PER03585,Two-Wheeler Loan,5,2018-07-14,48,Repaid,PNB
REC009815,PER03585,Home Loan,204,2025-01-19,120,Repaid,ICICI Bank
REC009816,PER03586,Personal Loan,40,2018-02-10,48,Repaid,SBI
REC009817,PER03586,Home Loan,390,2021-12-22,180,Repaid,HDFC Bank
REC009818,PER03586,Personal Loan,56,2019-07-27,48,Defaulted,IndusInd Bank
REC009819,PER03586,Education Loan,37,2023-10-25,84,Active,SBI
REC009820,PER03586,Personal Loan,30,2015-02-05,36,Repaid,PNB
REC009821,PER03587,Personal Loan,48,2024-10-02,48,Repaid,Axis Bank
REC009822,PER03587,Personal Loan,17,2013-08-04,60,Repaid,Canara Bank
REC009823,PER03587,Business Loan,20,2019-11-26,12,Active,IDBI Bank
REC009824,PER03588,Gold Loan,11,2025-06-24,24,Active,Canara Bank
REC009825,PER03588,Home Loan,125,2017-05-02,180,Active,Tata Capital
REC009826,PER03588,Home Loan,176,2023-10-08,360,Repaid,Kotak Mahindra
REC009827,PER03589,Home Loan,144,2017-07-01,240,Repaid,IDBI Bank
REC009828,PER03589,Business Loan,78,2011-03-19,24,Active,IndusInd Bank
REC009829,PER03589,Car Loan,43,2023-05-09,60,Repaid,Kotak Mahindra
REC009830,PER03589,Car Loan,55,2023-08-21,36,Repaid,Yes Bank
REC009831,PER03589,Education Loan,64,2015-10-19,60,Repaid,LIC Housing Finance
REC009832,PER03591,Home Loan,150,2019-07-14,240,Repaid,Kotak Mahindra
REC009833,PER03591,Home Loan,187,2016-04-11,360,Repaid,Bajaj Finserv
REC009834,PER03592,Car Loan,47,2018-01-04,48,Repaid,LIC Housing Finance
REC009835,PER03592,Business Loan,199,2021-10-28,48,Repaid,HDFC Bank
REC009836,PER03593,Home Loan,172,2022-12-07,360,Active,Bajaj Finserv
REC009837,PER03593,Gold Loan,14,2011-02-16,36,Active,Union Bank
REC009838,PER03593,Two-Wheeler Loan,7,2022-06-08,60,Defaulted,Axis Bank
REC009839,PER03593,Personal Loan,30,2018-08-09,36,Defaulted,Yes Bank
REC009840,PER03593,Car Loan,55,2021-03-25,36,Defaulted,ICICI Bank
REC009841,PER03593,Gold Loan,13,2010-02-26,24,Repaid,Yes Bank
REC009842,PER03594,Two-Wheeler Loan,17,2020-10-14,24,Active,IDBI Bank
REC009843,PER03595,Education Loan,31,2014-08-14,60,Defaulted,Union Bank
REC009844,PER03595,Two-Wheeler Loan,9,2010-10-13,24,Repaid,LIC Housing Finance
REC009845,PER03596,Home Loan,94,2023-07-11,240,Repaid,Bajaj Finserv
REC009846,PER03596,Education Loan,36,2025-09-18,60,Repaid,ICICI Bank
REC009847,PER03596,Two-Wheeler Loan,5,2022-12-25,60,Active,IndusInd Bank
REC009848,PER03597,Business Loan,79,2024-08-26,48,Repaid,PNB
REC009849,PER03597,Personal Loan,34,2010-03-10,60,Repaid,Tata Capital
REC009850,PER03597,Personal Loan,44,2015-05-23,60,Repaid,Canara Bank
REC009851,PER03597,Business Loan,24,2020-06-21,36,Active,Axis Bank
REC009852,PER03598,Personal Loan,62,2025-01-04,12,Repaid,Bank of Baroda
REC009853,PER03599,Car Loan,34,2017-10-17,60,Active,LIC Housing Finance
REC009854,PER03599,Personal Loan,36,2024-03-20,60,Defaulted,ICICI Bank
REC009855,PER03599,Car Loan,21,2024-05-23,84,Repaid,Bank of Baroda
REC009856,PER03600,Home Loan,247,2016-07-04,120,Repaid,Yes Bank
REC009857,PER03600,Personal Loan,25,2017-07-23,36,Repaid,Kotak Mahindra
REC009858,PER03601,Car Loan,34,2021-11-26,36,Repaid,Bajaj Finserv
REC009859,PER03601,Personal Loan,22,2018-11-01,24,Repaid,ICICI Bank
REC009860,PER03602,Car Loan,49,2019-05-02,36,Repaid,Bank of Baroda
REC009861,PER03602,Home Loan,97,2016-03-11,360,Repaid,Canara Bank
REC009862,PER03602,Personal Loan,87,2025-10-05,12,Active,Axis Bank
REC009863,PER03603,Personal Loan,6,2018-06-27,60,Repaid,IDBI Bank
REC009864,PER03603,Education Loan,56,2025-08-08,36,Repaid,PNB
REC009865,PER03603,Home Loan,438,2015-04-23,180,Active,Tata Capital
REC009866,PER03603,Education Loan,31,2020-02-27,84,Repaid,Union Bank
REC009867,PER03603,Home Loan,245,2011-12-24,360,Repaid,Tata Capital
REC009868,PER03604,Personal Loan,44,2016-06-27,60,Active,Tata Capital
REC009869,PER03604,Car Loan,55,2010-09-11,84,Repaid,SBI
REC009870,PER03604,Car Loan,56,2013-06-27,84,Defaulted,Axis Bank
REC009871,PER03604,Home Loan,321,2011-02-14,360,Active,Bajaj Finserv
REC009872,PER03604,Business Loan,40,2018-05-28,12,Repaid,Canara Bank
REC009873,PER03605,Personal Loan,22,2017-02-16,12,Active,Bank of Baroda
REC009874,PER03605,Personal Loan,13,2016-12-06,36,Defaulted,IndusInd Bank
REC009875,PER03605,Home Loan,238,2021-07-02,120,Repaid,Axis Bank
REC009876,PER03606,Home Loan,113,2020-12-27,240,Repaid,IndusInd Bank
REC009877,PER03607,Home Loan,509,2017-04-18,180,Active,ICICI Bank
REC009878,PER03607,Car Loan,54,2024-05-10,60,Repaid,Bank of Baroda
REC009879,PER03607,Home Loan,188,2022-02-02,180,Repaid,HDFC Bank
REC009880,PER03608,Personal Loan,38,2014-06-09,24,Repaid,SBI
REC009881,PER03608,Car Loan,25,2019-02-05,60,Defaulted,Canara Bank
REC009882,PER03609,Car Loan,83,2024-07-24,48,Repaid,IndusInd Bank
REC009883,PER03609,Car Loan,27,2022-05-25,60,Repaid,Bajaj Finserv
REC009884,PER03609,Business Loan,134,2014-02-16,60,Repaid,PNB
REC009885,PER03609,Personal Loan,68,2011-04-28,36,Repaid,IDBI Bank
REC009886,PER03610,Car Loan,69,2024-07-27,84,Repaid,PNB
REC009887,PER03610,Car Loan,40,2012-11-05,36,Repaid,IndusInd Bank
REC009888,PER03610,Car Loan,70,2024-06-25,36,Active,IDBI Bank
REC009889,PER03610,Personal Loan,67,2025-03-01,24,Active,SBI
REC009890,PER03611,Home Loan,211,2017-01-08,240,Repaid,Canara Bank
REC009891,PER03611,Personal Loan,14,2015-01-09,12,Defaulted,PNB
REC009892,PER03611,Car Loan,77,2010-06-17,84,Defaulted,IDBI Bank
REC009893,PER03611,Home Loan,604,2021-08-26,240,Defaulted,SBI
REC009894,PER03611,Home Loan,184,2016-03-03,180,Defaulted,SBI
REC009895,PER03611,Home Loan,451,2021-04-12,300,Repaid,Canara Bank
REC009896,PER03612,Home Loan,91,2020-08-28,120,Active,Union Bank
REC009897,PER03612,Business Loan,140,2024-04-11,36,Repaid,Axis Bank
REC009898,PER03612,Home Loan,361,2023-05-20,120,Repaid,Tata Capital
REC009899,PER03612,Car Loan,42,2010-10-06,36,Active,Tata Capital
REC009900,PER03613,Car Loan,27,2013-10-03,60,Active,IndusInd Bank
REC009901,PER03613,Business Loan,311,2021-05-02,60,Repaid,IndusInd Bank
REC009902,PER03613,Home Loan,217,2024-03-14,360,Repaid,Tata Capital
REC009903,PER03614,Home Loan,97,2014-12-16,240,Active,PNB
REC009904,PER03615,Business Loan,200,2023-01-12,24,Defaulted,Tata Capital
REC009905,PER03615,Business Loan,443,2019-08-17,12,Defaulted,LIC Housing Finance
REC009906,PER03615,Personal Loan,15,2011-04-21,48,Repaid,IDBI Bank
REC009907,PER03615,Home Loan,333,2012-02-01,360,Defaulted,Canara Bank
REC009908,PER03615,Car Loan,46,2021-11-15,84,Active,HDFC Bank
REC009909,PER03615,Education Loan,47,2019-09-26,48,Active,SBI
REC009910,PER03615,Business Loan,28,2011-03-19,12,Defaulted,Axis Bank
REC009911,PER03616,Business Loan,99,2023-05-21,48,Repaid,Tata Capital
REC009912,PER03616,Education Loan,27,2010-10-23,60,Repaid,Bajaj Finserv
REC009913,PER03617,Home Loan,235,2014-05-15,120,Defaulted,IDBI Bank
REC009914,PER03617,Personal Loan,87,2025-02-14,12,Active,ICICI Bank
REC009915,PER03618,Education Loan,22,2023-05-18,36,Repaid,LIC Housing Finance
REC009916,PER03618,Personal Loan,33,2011-05-11,36,Active,SBI
REC009917,PER03618,Home Loan,176,2016-02-01,240,Defaulted,SBI
REC009918,PER03619,Personal Loan,39,2010-11-03,48,Repaid,Canara Bank
REC009919,PER03619,Education Loan,56,2024-04-14,48,Repaid,SBI
REC009920,PER03619,Personal Loan,28,2022-11-25,60,Repaid,ICICI Bank
REC009921,PER03619,Personal Loan,11,2010-03-19,60,Active,IndusInd Bank
REC009922,PER03619,Personal Loan,74,2010-05-19,60,Repaid,SBI
REC009923,PER03619,Business Loan,70,2015-06-14,12,Repaid,Bajaj Finserv
REC009924,PER03619,Personal Loan,20,2018-05-21,36,Repaid,Bank of Baroda
REC009925,PER03620,Education Loan,60,2016-01-27,36,Active,Bajaj Finserv
REC009926,PER03621,Personal Loan,35,2013-08-04,12,Repaid,IDBI Bank
REC009927,PER03621,Car Loan,52,2011-10-24,60,Active,Union Bank
REC009928,PER03621,Home Loan,125,2025-09-24,240,Repaid,HDFC Bank
REC009929,PER03622,Personal Loan,36,2024-09-27,36,Repaid,SBI
REC009930,PER03622,Business Loan,77,2022-06-11,36,Active,SBI
REC009931,PER03623,Personal Loan,39,2012-03-10,24,Repaid,ICICI Bank
REC009932,PER03623,Home Loan,180,2016-06-28,300,Active,LIC Housing Finance
REC009933,PER03623,Education Loan,31,2022-02-21,60,Active,ICICI Bank
REC009934,PER03623,Home Loan,325,2020-08-11,120,Repaid,Yes Bank
REC009935,PER03623,Personal Loan,38,2016-08-13,24,Repaid,SBI
REC009936,PER03623,Education Loan,41,2025-03-13,48,Repaid,PNB
REC009937,PER03623,Home Loan,61,2024-04-24,300,Active,Tata Capital
REC009938,PER03624,Car Loan,39,2011-04-14,36,Repaid,IDBI Bank
REC009939,PER03624,Car Loan,76,2017-08-26,36,Active,SBI
REC009940,PER03624,Consumer Durable Loan,11,2020-09-24,36,Repaid,Bank of Baroda
REC009941,PER03624,Two-Wheeler Loan,9,2018-03-25,60,Repaid,PNB
REC009942,PER03624,Personal Loan,35,2011-02-17,24,Repaid,Axis Bank
REC009943,PER03624,Business Loan,40,2014-08-06,60,Repaid,Bank of Baroda
REC009944,PER03624,Personal Loan,6,2025-10-04,60,Repaid,Yes Bank
REC009945,PER03624,Business Loan,240,2017-10-20,36,Defaulted,Axis Bank
REC009946,PER03625,Home Loan,170,2025-10-04,240,Repaid,Tata Capital
REC009947,PER03625,Gold Loan,8,2014-02-24,24,Active,Bank of Baroda
REC009948,PER03625,Personal Loan,30,2016-01-20,48,Repaid,LIC Housing Finance
REC009949,PER03625,Personal Loan,54,2011-03-13,48,Repaid,IndusInd Bank
REC009950,PER03625,Personal Loan,21,2018-04-14,48,Repaid,Bajaj Finserv
REC009951,PER03625,Personal Loan,55,2013-07-02,24,Repaid,Bajaj Finserv
REC009952,PER03625,Personal Loan,28,2023-01-13,36,Active,Bank of Baroda
REC009953,PER03626,Car Loan,64,2024-08-27,84,Repaid,ICICI Bank
REC009954,PER03627,Education Loan,31,2022-09-23,84,Repaid,PNB
REC009955,PER03627,Home Loan,305,2023-09-16,180,Repaid,Tata Capital
REC009956,PER03627,Consumer Durable Loan,4,2024-08-12,60,Defaulted,PNB
REC009957,PER03628,Education Loan,51,2015-07-28,36,Active,Tata Capital
REC009958,PER03628,Personal Loan,43,2010-01-12,12,Defaulted,Tata Capital
REC009959,PER03628,Home Loan,302,2018-09-23,300,Active,HDFC Bank
REC009960,PER03628,Personal Loan,41,2020-01-14,60,Repaid,Kotak Mahindra
REC009961,PER03628,Home Loan,181,2022-07-11,360,Active,Bajaj Finserv
REC009962,PER03629,Car Loan,32,2017-02-08,60,Repaid,ICICI Bank
REC009963,PER03630,Education Loan,33,2011-05-22,60,Repaid,Union Bank
REC009964,PER03630,Home Loan,130,2023-01-14,300,Repaid,ICICI Bank
REC009965,PER03631,Home Loan,118,2020-06-15,300,Repaid,Bank of Baroda
REC009966,PER03631,Personal Loan,27,2010-12-08,60,Repaid,HDFC Bank
REC009967,PER03632,Car Loan,83,2011-03-11,36,Defaulted,IDBI Bank
REC009968,PER03632,Personal Loan,100,2022-12-09,60,Repaid,HDFC Bank
REC009969,PER03633,Home Loan,436,2017-12-01,300,Repaid,Tata Capital
REC009970,PER03633,Gold Loan,18,2020-04-04,12,Active,Kotak Mahindra
REC009971,PER03634,Car Loan,75,2011-09-06,60,Active,Tata Capital
REC009972,PER03634,Home Loan,148,2018-03-05,360,Active,Yes Bank
REC009973,PER03634,Gold Loan,6,2019-06-04,12,Repaid,Tata Capital
REC009974,PER03634,Car Loan,69,2011-03-18,48,Repaid,SBI
REC009975,PER03635,Home Loan,261,2021-08-13,300,Defaulted,Bajaj Finserv
REC009976,PER03635,Car Loan,33,2020-11-28,36,Repaid,Kotak Mahindra
REC009977,PER03635,Two-Wheeler Loan,7,2011-08-20,36,Active,Bajaj Finserv
REC009978,PER03636,Personal Loan,16,2017-09-19,24,Defaulted,Kotak Mahindra
REC009979,PER03637,Personal Loan,15,2025-08-21,60,Active,Canara Bank
REC009980,PER03638,Home Loan,104,2019-08-13,360,Defaulted,Kotak Mahindra
REC009981,PER03638,Home Loan,135,2025-05-26,300,Active,SBI
REC009982,PER03639,Gold Loan,13,2018-06-20,48,Defaulted,SBI
REC009983,PER03639,Car Loan,33,2024-11-07,36,Active,Union Bank
REC009984,PER03639,Personal Loan,16,2017-03-26,60,Active,HDFC Bank
REC009985,PER03640,Personal Loan,100,2019-01-16,48,Repaid,HDFC Bank
REC009986,PER03640,Car Loan,59,2024-03-23,36,Repaid,LIC Housing Finance
REC009987,PER03640,Home Loan,316,2010-07-27,300,Repaid,Canara Bank
REC009988,PER03641,Business Loan,24,2014-08-03,60,Repaid,ICICI Bank
REC009989,PER03641,Home Loan,203,2012-08-19,120,Repaid,LIC Housing Finance
REC009990,PER03642,Education Loan,72,2024-10-12,84,Defaulted,ICICI Bank
REC009991,PER03644,Education Loan,84,2024-10-07,60,Active,Canara Bank
REC009992,PER03644,Car Loan,42,2010-01-10,84,Repaid,Canara Bank
REC009993,PER03644,Car Loan,46,2014-03-01,36,Defaulted,Axis Bank
REC009994,PER03644,Two-Wheeler Loan,4,2010-05-01,48,Defaulted,IDBI Bank
REC009995,PER03645,Personal Loan,12,2019-08-27,24,Active,ICICI Bank
REC009996,PER03645,Two-Wheeler Loan,10,2021-06-17,48,Defaulted,Kotak Mahindra
REC009997,PER03646,Two-Wheeler Loan,9,2021-02-03,48,Defaulted,Bank of Baroda
REC009998,PER03647,Car Loan,50,2022-08-21,36,Repaid,Axis Bank
REC009999,PER03647,Car Loan,83,2018-07-13,48,Active,Yes Bank
REC010000,PER03648,Consumer Durable Loan,21,2020-04-20,36,Repaid,Kotak Mahindra
REC010001,PER03648,Two-Wheeler Loan,16,2014-01-02,60,Active,Kotak Mahindra
REC010002,PER03648,Personal Loan,100,2024-12-10,24,Active,Bajaj Finserv
REC010003,PER03648,Business Loan,197,2022-06-25,12,Repaid,IndusInd Bank
REC010004,PER03648,Home Loan,220,2016-11-11,300,Repaid,PNB
REC010005,PER03649,Personal Loan,11,2022-06-05,36,Repaid,IDBI Bank
REC010006,PER03649,Home Loan,158,2012-05-15,180,Repaid,SBI
REC010007,PER03649,Gold Loan,23,2013-05-07,60,Repaid,PNB
REC010008,PER03650,Car Loan,37,2020-10-17,48,Repaid,PNB
REC010009,PER03650,Home Loan,297,2021-04-07,120,Repaid,Yes Bank
REC010010,PER03650,Education Loan,34,2016-02-15,48,Defaulted,Bank of Baroda
REC010011,PER03650,Home Loan,104,2020-12-19,180,Repaid,ICICI Bank
REC010012,PER03650,Gold Loan,8,2012-07-28,60,Active,Union Bank
REC010013,PER03652,Gold Loan,12,2023-07-20,60,Defaulted,Bank of Baroda
REC010014,PER03653,Personal Loan,8,2024-08-16,60,Defaulted,PNB
REC010015,PER03653,Consumer Durable Loan,7,2015-06-07,24,Active,Yes Bank
REC010016,PER03653,Gold Loan,7,2025-04-22,36,Active,IDBI Bank
REC010017,PER03654,Consumer Durable Loan,11,2016-01-06,24,Active,HDFC Bank
REC010018,PER03654,Car Loan,48,2022-05-22,48,Repaid,HDFC Bank
REC010019,PER03654,Personal Loan,16,2013-09-12,12,Defaulted,LIC Housing Finance
REC010020,PER03655,Home Loan,176,2016-12-27,240,Active,Bank of Baroda
REC010021,PER03656,Home Loan,253,2023-12-03,300,Repaid,Kotak Mahindra
REC010022,PER03657,Gold Loan,4,2018-02-08,24,Repaid,HDFC Bank
REC010023,PER03657,Home Loan,273,2021-03-04,360,Repaid,IDBI Bank
REC010024,PER03657,Home Loan,292,2023-01-20,120,Repaid,PNB
REC010025,PER03657,Home Loan,243,2021-06-07,180,Active,Canara Bank
REC010026,PER03658,Business Loan,42,2021-07-02,60,Repaid,IDBI Bank
REC010027,PER03658,Car Loan,32,2018-04-27,48,Repaid,PNB
REC010028,PER03658,Home Loan,195,2020-03-15,120,Defaulted,HDFC Bank
REC010029,PER03659,Personal Loan,38,2010-04-24,24,Repaid,HDFC Bank
REC010030,PER03659,Personal Loan,36,2017-11-09,36,Repaid,IndusInd Bank
REC010031,PER03659,Home Loan,79,2015-01-12,360,Active,Axis Bank
REC010032,PER03660,Car Loan,37,2024-05-08,60,Repaid,Yes Bank
REC010033,PER03660,Education Loan,36,2021-11-06,60,Repaid,Axis Bank
REC010034,PER03660,Home Loan,143,2017-04-16,180,Repaid,LIC Housing Finance
REC010035,PER03660,Car Loan,64,2014-09-21,48,Repaid,ICICI Bank
REC010036,PER03661,Home Loan,232,2012-11-12,120,Defaulted,Axis Bank
REC010037,PER03661,Home Loan,82,2022-12-20,180,Repaid,HDFC Bank
REC010038,PER03661,Home Loan,266,2025-09-22,240,Repaid,Tata Capital
REC010039,PER03661,Home Loan,342,2025-04-24,300,Repaid,LIC Housing Finance
REC010040,PER03661,Car Loan,134,2023-12-20,60,Active,Tata Capital
REC010041,PER03661,Home Loan,100,2023-02-03,120,Repaid,Kotak Mahindra
REC010042,PER03661,Home Loan,179,2024-06-05,120,Repaid,Canara Bank
REC010043,PER03662,Education Loan,33,2019-02-23,84,Active,Axis Bank
REC010044,PER03663,Home Loan,277,2018-06-08,300,Active,Axis Bank
REC010045,PER03663,Education Loan,51,2020-03-28,60,Defaulted,PNB
REC010046,PER03663,Education Loan,51,2020-06-23,60,Repaid,Canara Bank
REC010047,PER03663,Home Loan,185,2011-08-11,180,Repaid,Bank of Baroda
REC010048,PER03664,Education Loan,52,2021-01-28,36,Defaulted,IDBI Bank
REC010049,PER03665,Home Loan,129,2019-06-10,300,Defaulted,Union Bank
REC010050,PER03665,Home Loan,169,2020-09-27,300,Active,Bank of Baroda
REC010051,PER03666,Personal Loan,15,2024-10-12,60,Repaid,Union Bank
REC010052,PER03666,Home Loan,407,2014-10-11,120,Active,IDBI Bank
REC010053,PER03667,Home Loan,252,2017-03-22,300,Repaid,PNB
REC010054,PER03667,Car Loan,73,2018-11-02,60,Active,Bank of Baroda
REC010055,PER03667,Personal Loan,26,2022-10-05,12,Repaid,IndusInd Bank
REC010056,PER03667,Home Loan,92,2011-08-02,300,Active,Union Bank
REC010057,PER03667,Business Loan,121,2024-05-20,36,Active,ICICI Bank
REC010058,PER03667,Home Loan,114,2012-05-04,180,Repaid,LIC Housing Finance
REC010059,PER03667,Home Loan,197,2010-01-19,180,Repaid,Kotak Mahindra
REC010060,PER03668,Gold Loan,21,2024-03-10,24,Active,IDBI Bank
REC010061,PER03669,Personal Loan,46,2013-12-10,48,Repaid,Bank of Baroda
REC010062,PER03669,Education Loan,54,2017-11-23,60,Repaid,Axis Bank
REC010063,PER03670,Education Loan,134,2025-02-19,84,Repaid,PNB
REC010064,PER03670,Home Loan,157,2024-02-19,240,Repaid,PNB
REC010065,PER03671,Home Loan,430,2025-08-04,240,Active,IndusInd Bank
REC010066,PER03673,Personal Loan,30,2017-12-17,48,Repaid,PNB
REC010067,PER03674,Personal Loan,26,2014-11-06,36,Repaid,Kotak Mahindra
REC010068,PER03674,Home Loan,158,2016-09-15,360,Active,Canara Bank
REC010069,PER03674,Two-Wheeler Loan,4,2020-02-10,48,Defaulted,IndusInd Bank
REC010070,PER03674,Personal Loan,27,2012-02-17,36,Repaid,PNB
REC010071,PER03674,Car Loan,84,2016-07-07,36,Repaid,Union Bank
REC010072,PER03675,Home Loan,128,2014-01-11,300,Active,HDFC Bank
REC010073,PER03675,Personal Loan,34,2016-05-28,24,Repaid,PNB
REC010074,PER03676,Personal Loan,16,2013-02-28,12,Active,Axis Bank
REC010075,PER03676,Home Loan,381,2011-06-04,180,Repaid,IDBI Bank
REC010076,PER03677,Personal Loan,36,2014-05-08,36,Active,SBI
REC010077,PER03677,Car Loan,95,2010-08-24,48,Defaulted,ICICI Bank
REC010078,PER03677,Personal Loan,69,2024-11-20,12,Active,Canara Bank
REC010079,PER03677,Home Loan,390,2022-06-08,300,Repaid,LIC Housing Finance
REC010080,PER03677,Car Loan,53,2014-10-02,36,Repaid,IDBI Bank
REC010081,PER03678,Two-Wheeler Loan,3,2023-10-21,60,Active,ICICI Bank
REC010082,PER03678,Personal Loan,33,2017-10-23,48,Repaid,IndusInd Bank
REC010083,PER03679,Personal Loan,47,2025-04-02,36,Repaid,HDFC Bank
REC010084,PER03679,Gold Loan,15,2023-01-14,60,Active,SBI
REC010085,PER03679,Personal Loan,25,2021-04-28,60,Repaid,PNB
REC010086,PER03680,Personal Loan,33,2016-04-28,24,Repaid,Tata Capital
REC010087,PER03680,Home Loan,384,2021-05-04,360,Repaid,LIC Housing Finance
REC010088,PER03680,Home Loan,175,2016-12-05,180,Repaid,Union Bank
REC010089,PER03680,Home Loan,182,2025-07-01,360,Active,HDFC Bank
REC010090,PER03681,Personal Loan,13,2024-12-22,24,Active,Union Bank
REC010091,PER03681,Personal Loan,32,2021-06-21,48,Active,PNB
REC010092,PER03681,Home Loan,98,2012-09-06,360,Repaid,Bajaj Finserv
REC010093,PER03681,Home Loan,109,2016-05-17,300,Active,Canara Bank
REC010094,PER03682,Personal Loan,38,2021-03-27,60,Repaid,PNB
REC010095,PER03682,Home Loan,232,2024-09-07,120,Repaid,PNB
REC010096,PER03683,Car Loan,34,2016-12-03,36,Active,Axis Bank
REC010097,PER03683,Home Loan,163,2016-05-28,120,Repaid,Axis Bank
REC010098,PER03684,Gold Loan,23,2011-11-23,12,Repaid,LIC Housing Finance
REC010099,PER03684,Business Loan,169,2015-12-26,36,Repaid,IDBI Bank
REC010100,PER03684,Education Loan,65,2022-02-18,48,Active,Bank of Baroda
REC010101,PER03685,Home Loan,177,2010-10-02,360,Active,SBI
REC010102,PER03686,Personal Loan,16,2013-09-04,24,Repaid,ICICI Bank
REC010103,PER03686,Home Loan,225,2016-05-15,300,Active,PNB
REC010104,PER03686,Two-Wheeler Loan,7,2010-09-28,60,Active,LIC Housing Finance
REC010105,PER03687,Car Loan,102,2010-03-07,60,Active,Tata Capital
REC010106,PER03687,Education Loan,36,2022-12-07,48,Repaid,ICICI Bank
REC010107,PER03688,Personal Loan,33,2025-09-03,60,Repaid,Bajaj Finserv
REC010108,PER03688,Personal Loan,33,2017-05-02,48,Repaid,Bajaj Finserv
REC010109,PER03689,Business Loan,21,2024-11-25,60,Active,Canara Bank
REC010110,PER03689,Personal Loan,13,2013-02-23,48,Active,Canara Bank
REC010111,PER03689,Education Loan,80,2022-03-12,36,Defaulted,Union Bank
REC010112,PER03689,Home Loan,297,2019-07-11,300,Repaid,Bajaj Finserv
REC010113,PER03690,Car Loan,55,2025-02-23,48,Repaid,IDBI Bank
REC010114,PER03690,Business Loan,64,2018-06-06,36,Repaid,Kotak Mahindra
REC010115,PER03690,Home Loan,544,2024-12-24,300,Defaulted,ICICI Bank
REC010116,PER03690,Two-Wheeler Loan,6,2018-05-16,60,Active,Axis Bank
REC010117,PER03691,Gold Loan,7,2017-04-22,12,Defaulted,HDFC Bank
REC010118,PER03691,Consumer Durable Loan,3,2018-01-27,48,Active,HDFC Bank
REC010119,PER03692,Car Loan,54,2021-07-14,60,Repaid,SBI
REC010120,PER03692,Personal Loan,7,2016-04-07,48,Active,SBI
REC010121,PER03692,Car Loan,33,2015-04-24,60,Repaid,HDFC Bank
REC010122,PER03692,Personal Loan,72,2022-01-24,24,Defaulted,PNB
REC010123,PER03692,Personal Loan,26,2020-02-12,48,Repaid,ICICI Bank
REC010124,PER03692,Personal Loan,48,2016-01-23,60,Active,Kotak Mahindra
REC010125,PER03692,Home Loan,100,2022-10-02,300,Defaulted,Bajaj Finserv
REC010126,PER03692,Home Loan,101,2021-02-20,300,Repaid,Axis Bank
REC010127,PER03693,Personal Loan,53,2011-12-17,60,Active,Kotak Mahindra
REC010128,PER03693,Home Loan,147,2019-02-10,360,Defaulted,LIC Housing Finance
REC010129,PER03694,Gold Loan,14,2015-07-06,48,Repaid,Bajaj Finserv
REC010130,PER03694,Home Loan,260,2015-05-10,360,Repaid,LIC Housing Finance
REC010131,PER03695,Car Loan,67,2012-10-19,60,Active,Tata Capital
REC010132,PER03696,Home Loan,285,2024-11-21,240,Repaid,Bank of Baroda
REC010133,PER03696,Home Loan,144,2020-09-27,240,Repaid,Canara Bank
REC010134,PER03696,Personal Loan,37,2021-09-10,36,Repaid,Tata Capital
REC010135,PER03696,Personal Loan,36,2011-09-20,24,Repaid,HDFC Bank
REC010136,PER03697,Home Loan,196,2018-04-05,240,Repaid,ICICI Bank
REC010137,PER03697,Home Loan,176,2024-05-26,240,Repaid,LIC Housing Finance
REC010138,PER03698,Education Loan,15,2013-03-19,84,Repaid,HDFC Bank
REC010139,PER03698,Gold Loan,13,2023-01-24,48,Repaid,LIC Housing Finance
REC010140,PER03698,Home Loan,190,2022-09-28,360,Repaid,LIC Housing Finance
REC010141,PER03698,Two-Wheeler Loan,3,2020-07-25,36,Repaid,Bank of Baroda
REC010142,PER03699,Home Loan,147,2018-11-08,300,Active,Bank of Baroda
REC010143,PER03700,Home Loan,202,2024-05-24,300,Active,ICICI Bank
REC010144,PER03700,Business Loan,135,2020-07-09,60,Repaid,Kotak Mahindra
REC010145,PER03701,Home Loan,56,2014-09-09,300,Repaid,Bajaj Finserv
REC010146,PER03701,Home Loan,346,2023-06-15,240,Repaid,Canara Bank
REC010147,PER03701,Home Loan,153,2019-06-05,240,Active,ICICI Bank
REC010148,PER03701,Personal Loan,30,2020-03-25,24,Repaid,Union Bank
REC010149,PER03701,Home Loan,257,2013-12-09,360,Active,PNB
REC010150,PER03701,Consumer Durable Loan,3,2017-09-08,60,Repaid,HDFC Bank
REC010151,PER03701,Personal Loan,18,2018-01-17,24,Defaulted,IndusInd Bank
REC010152,PER03702,Business Loan,414,2023-11-27,48,Repaid,HDFC Bank
REC010153,PER03702,Home Loan,164,2020-09-20,240,Repaid,Kotak Mahindra
REC010154,PER03702,Education Loan,83,2025-11-20,36,Active,Union Bank
REC010155,PER03702,Personal Loan,20,2015-11-27,12,Repaid,Union Bank
REC010156,PER03702,Home Loan,324,2023-03-22,120,Repaid,SBI
REC010157,PER03703,Personal Loan,35,2012-06-20,12,Repaid,PNB
REC010158,PER03703,Home Loan,411,2021-02-03,300,Active,PNB
REC010159,PER03703,Home Loan,263,2016-09-04,240,Defaulted,ICICI Bank
REC010160,PER03704,Home Loan,103,2012-03-13,300,Active,ICICI Bank
REC010161,PER03704,Home Loan,234,2017-08-08,180,Defaulted,Yes Bank
REC010162,PER03705,Personal Loan,68,2010-02-15,24,Repaid,HDFC Bank
REC010163,PER03706,Car Loan,85,2010-03-10,84,Repaid,Canara Bank
REC010164,PER03706,Personal Loan,45,2013-05-16,60,Active,Kotak Mahindra
REC010165,PER03706,Business Loan,121,2010-05-24,48,Repaid,HDFC Bank
REC010166,PER03706,Home Loan,96,2018-06-17,240,Active,Canara Bank
REC010167,PER03706,Home Loan,218,2011-02-06,180,Active,Canara Bank
REC010168,PER03707,Business Loan,192,2021-03-06,12,Active,IDBI Bank
REC010169,PER03707,Personal Loan,17,2020-12-03,60,Repaid,IndusInd Bank
REC010170,PER03707,Personal Loan,81,2025-03-04,12,Defaulted,HDFC Bank
REC010171,PER03707,Education Loan,32,2019-11-11,36,Defaulted,Yes Bank
REC010172,PER03707,Car Loan,46,2021-05-06,60,Repaid,Axis Bank
REC010173,PER03707,Personal Loan,24,2019-07-09,24,Active,Union Bank
REC010174,PER03708,Personal Loan,32,2023-05-26,24,Repaid,LIC Housing Finance
REC010175,PER03708,Gold Loan,11,2022-06-24,36,Active,Yes Bank
REC010176,PER03709,Personal Loan,30,2022-09-06,24,Defaulted,Yes Bank
REC010177,PER03709,Car Loan,82,2013-10-20,36,Defaulted,Canara Bank
REC010178,PER03710,Personal Loan,27,2025-06-08,12,Repaid,HDFC Bank
REC010179,PER03711,Gold Loan,14,2010-01-15,12,Repaid,Tata Capital
REC010180,PER03711,Two-Wheeler Loan,11,2025-06-09,48,Active,IndusInd Bank
REC010181,PER03711,Education Loan,34,2017-06-04,48,Active,Union Bank
REC010182,PER03711,Home Loan,218,2024-04-22,240,Active,Bank of Baroda
REC010183,PER03711,Education Loan,31,2024-08-06,84,Repaid,Axis Bank
REC010184,PER03711,Personal Loan,10,2015-12-04,60,Repaid,Tata Capital
REC010185,PER03712,Personal Loan,21,2020-11-19,48,Repaid,Bank of Baroda
REC010186,PER03712,Home Loan,123,2016-06-13,300,Repaid,Canara Bank
REC010187,PER03712,Personal Loan,35,2015-02-10,60,Defaulted,PNB
REC010188,PER03712,Car Loan,44,2023-07-28,60,Repaid,IDBI Bank
REC010189,PER03713,Consumer Durable Loan,15,2012-10-08,12,Defaulted,LIC Housing Finance
REC010190,PER03713,Education Loan,69,2010-02-27,84,Active,PNB
REC010191,PER03714,Gold Loan,21,2022-06-12,48,Repaid,Canara Bank
REC010192,PER03714,Home Loan,177,2017-08-23,300,Repaid,Kotak Mahindra
REC010193,PER03714,Personal Loan,17,2017-04-26,12,Defaulted,Tata Capital
REC010194,PER03715,Personal Loan,18,2023-03-16,36,Active,LIC Housing Finance
REC010195,PER03716,Personal Loan,37,2011-04-12,24,Repaid,ICICI Bank
REC010196,PER03716,Personal Loan,81,2014-11-20,36,Repaid,Bank of Baroda
REC010197,PER03716,Personal Loan,21,2014-07-01,36,Active,LIC Housing Finance
REC010198,PER03716,Personal Loan,38,2017-03-07,60,Repaid,IndusInd Bank
REC010199,PER03716,Home Loan,220,2015-11-27,180,Repaid,Axis Bank
REC010200,PER03717,Personal Loan,55,2018-12-11,12,Active,IDBI Bank
REC010201,PER03717,Home Loan,168,2025-01-10,180,Defaulted,IDBI Bank
REC010202,PER03718,Home Loan,212,2016-11-02,180,Defaulted,Yes Bank
REC010203,PER03718,Education Loan,17,2023-04-16,60,Active,HDFC Bank
REC010204,PER03718,Personal Loan,30,2022-01-03,48,Repaid,Canara Bank
REC010205,PER03719,Personal Loan,44,2012-08-28,12,Repaid,Union Bank
REC010206,PER03719,Car Loan,83,2013-05-18,60,Defaulted,SBI
REC010207,PER03719,Home Loan,125,2020-08-12,300,Repaid,Bajaj Finserv
REC010208,PER03719,Personal Loan,41,2012-04-15,36,Active,Kotak Mahindra
REC010209,PER03720,Car Loan,66,2022-08-17,84,Repaid,HDFC Bank
REC010210,PER03720,Education Loan,51,2013-12-28,48,Active,Canara Bank
REC010211,PER03720,Home Loan,112,2018-02-22,360,Active,LIC Housing Finance
REC010212,PER03720,Car Loan,66,2019-01-14,84,Defaulted,Union Bank
REC010213,PER03721,Home Loan,252,2018-06-21,180,Repaid,Kotak Mahindra
REC010214,PER03721,Car Loan,37,2014-06-25,36,Active,PNB
REC010215,PER03722,Home Loan,240,2023-06-05,360,Repaid,LIC Housing Finance
REC010216,PER03722,Business Loan,92,2018-10-20,24,Repaid,SBI
REC010217,PER03722,Home Loan,210,2013-10-11,240,Active,HDFC Bank
REC010218,PER03723,Personal Loan,54,2018-02-13,36,Repaid,Yes Bank
REC010219,PER03723,Home Loan,352,2012-05-19,180,Repaid,Canara Bank
REC010220,PER03723,Business Loan,91,2020-07-22,12,Active,Tata Capital
REC010221,PER03723,Home Loan,169,2011-01-08,120,Repaid,ICICI Bank
REC010222,PER03723,Business Loan,118,2021-01-24,24,Repaid,Axis Bank
REC010223,PER03723,Home Loan,247,2011-05-04,240,Repaid,Bajaj Finserv
REC010224,PER03723,Personal Loan,45,2011-06-27,24,Active,LIC Housing Finance
REC010225,PER03724,Personal Loan,43,2013-11-25,60,Repaid,IndusInd Bank
REC010226,PER03724,Home Loan,113,2014-11-27,120,Repaid,Canara Bank
REC010227,PER03724,Home Loan,186,2023-07-13,360,Repaid,HDFC Bank
REC010228,PER03724,Car Loan,50,2020-03-16,84,Active,Canara Bank
REC010229,PER03724,Education Loan,63,2021-07-05,36,Repaid,HDFC Bank
REC010230,PER03724,Education Loan,33,2021-01-02,84,Repaid,Bank of Baroda
REC010231,PER03725,Two-Wheeler Loan,5,2019-09-24,48,Defaulted,SBI
REC010232,PER03725,Personal Loan,100,2022-09-21,48,Repaid,Union Bank
REC010233,PER03725,Home Loan,221,2014-10-15,300,Repaid,Yes Bank
REC010234,PER03726,Gold Loan,11,2023-08-10,36,Active,Kotak Mahindra
REC010235,PER03727,Home Loan,158,2018-09-05,240,Active,HDFC Bank
REC010236,PER03727,Car Loan,42,2013-09-04,36,Active,HDFC Bank
REC010237,PER03727,Home Loan,365,2024-02-27,240,Defaulted,Canara Bank
REC010238,PER03728,Home Loan,149,2011-08-14,180,Defaulted,HDFC Bank
REC010239,PER03728,Education Loan,61,2010-08-11,36,Repaid,SBI
REC010240,PER03728,Personal Loan,31,2019-04-16,60,Repaid,PNB
REC010241,PER03728,Home Loan,227,2023-02-24,240,Active,LIC Housing Finance
REC010242,PER03729,Personal Loan,78,2021-04-07,12,Active,Tata Capital
REC010243,PER03729,Home Loan,120,2011-05-04,120,Active,ICICI Bank
REC010244,PER03730,Personal Loan,37,2020-08-10,36,Active,Kotak Mahindra
REC010245,PER03730,Car Loan,49,2017-08-09,36,Active,Yes Bank
REC010246,PER03731,Home Loan,137,2016-11-02,240,Active,IDBI Bank
REC010247,PER03731,Personal Loan,30,2018-04-14,24,Active,Tata Capital
REC010248,PER03731,Car Loan,27,2021-09-25,60,Repaid,Bajaj Finserv
REC010249,PER03731,Home Loan,139,2016-12-09,240,Repaid,IndusInd Bank
REC010250,PER03732,Gold Loan,9,2024-04-25,48,Repaid,Tata Capital
REC010251,PER03732,Two-Wheeler Loan,10,2011-04-13,24,Repaid,Bajaj Finserv
REC010252,PER03732,Home Loan,145,2017-06-03,180,Repaid,Tata Capital
REC010253,PER03733,Consumer Durable Loan,13,2023-06-04,60,Repaid,Canara Bank
REC010254,PER03734,Gold Loan,12,2025-10-17,60,Active,Axis Bank
REC010255,PER03734,Home Loan,130,2012-12-02,180,Repaid,LIC Housing Finance
REC010256,PER03735,Education Loan,55,2011-11-19,60,Active,Bajaj Finserv
REC010257,PER03735,Home Loan,194,2010-03-16,120,Repaid,SBI
REC010258,PER03735,Home Loan,237,2018-05-06,120,Repaid,Axis Bank
REC010259,PER03735,Business Loan,204,2024-02-07,12,Repaid,Tata Capital
REC010260,PER03736,Business Loan,138,2022-06-06,24,Active,Canara Bank
REC010261,PER03737,Personal Loan,54,2016-12-07,48,Defaulted,LIC Housing Finance
REC010262,PER03737,Personal Loan,30,2015-09-20,60,Defaulted,PNB
REC010263,PER03739,Home Loan,135,2024-04-18,120,Repaid,Bajaj Finserv
REC010264,PER03739,Home Loan,187,2021-04-06,360,Repaid,Tata Capital
REC010265,PER03739,Personal Loan,20,2024-09-11,48,Repaid,Bajaj Finserv
REC010266,PER03739,Home Loan,141,2025-02-03,360,Repaid,LIC Housing Finance
REC010267,PER03739,Personal Loan,60,2017-04-20,24,Active,HDFC Bank
REC010268,PER03740,Gold Loan,13,2017-04-22,36,Active,Canara Bank
REC010269,PER03740,Home Loan,256,2020-01-12,120,Repaid,Yes Bank
REC010270,PER03741,Business Loan,177,2018-02-16,48,Repaid,IndusInd Bank
REC010271,PER03742,Home Loan,50,2025-01-15,360,Defaulted,Union Bank
REC010272,PER03742,Home Loan,245,2017-09-21,180,Active,Bajaj Finserv
REC010273,PER03743,Home Loan,222,2019-04-19,300,Defaulted,HDFC Bank
REC010274,PER03743,Car Loan,40,2017-07-11,60,Repaid,Union Bank
REC010275,PER03743,Education Loan,55,2013-08-24,60,Defaulted,ICICI Bank
REC010276,PER03744,Home Loan,125,2023-11-14,180,Repaid,Yes Bank
REC010277,PER03744,Home Loan,314,2020-04-07,240,Repaid,Bank of Baroda
REC010278,PER03744,Personal Loan,49,2018-04-06,12,Repaid,HDFC Bank
REC010279,PER03744,Business Loan,33,2024-05-27,12,Repaid,Kotak Mahindra
REC010280,PER03744,Home Loan,213,2017-12-16,120,Active,IDBI Bank
REC010281,PER03744,Car Loan,21,2014-09-28,60,Defaulted,Axis Bank
REC010282,PER03744,Personal Loan,47,2022-10-03,36,Active,Tata Capital
REC010283,PER03745,Consumer Durable Loan,15,2015-07-17,12,Repaid,HDFC Bank
REC010284,PER03745,Education Loan,150,2025-04-01,60,Repaid,ICICI Bank
REC010285,PER03745,Personal Loan,28,2022-10-13,60,Repaid,HDFC Bank
REC010286,PER03746,Home Loan,329,2022-06-20,240,Repaid,Axis Bank
REC010287,PER03747,Education Loan,23,2024-09-16,48,Active,PNB
REC010288,PER03748,Car Loan,50,2024-04-03,48,Active,Tata Capital
REC010289,PER03748,Car Loan,40,2017-01-14,36,Repaid,Yes Bank
REC010290,PER03749,Personal Loan,24,2020-04-18,36,Defaulted,Yes Bank
REC010291,PER03749,Two-Wheeler Loan,5,2017-07-25,12,Active,LIC Housing Finance
REC010292,PER03750,Personal Loan,29,2023-10-11,12,Repaid,Kotak Mahindra
REC010293,PER03750,Consumer Durable Loan,23,2014-02-26,24,Repaid,Axis Bank
REC010294,PER03750,Car Loan,54,2017-10-26,48,Repaid,HDFC Bank
REC010295,PER03751,Business Loan,61,2015-07-20,60,Active,SBI
REC010296,PER03752,Personal Loan,28,2016-09-18,36,Repaid,LIC Housing Finance
REC010297,PER03752,Personal Loan,31,2025-04-28,24,Defaulted,HDFC Bank
REC010298,PER03752,Two-Wheeler Loan,16,2020-10-02,36,Defaulted,Tata Capital
REC010299,PER03753,Personal Loan,8,2017-03-05,60,Active,Kotak Mahindra
REC010300,PER03753,Home Loan,102,2019-05-19,360,Repaid,IDBI Bank
REC010301,PER03753,Education Loan,55,2016-08-03,60,Repaid,Kotak Mahindra
REC010302,PER03753,Home Loan,210,2010-08-18,180,Active,LIC Housing Finance
REC010303,PER03755,Car Loan,75,2018-05-19,36,Defaulted,Bajaj Finserv
REC010304,PER03755,Home Loan,149,2012-10-03,120,Repaid,Bajaj Finserv
REC010305,PER03755,Personal Loan,56,2014-05-11,36,Active,IDBI Bank
REC010306,PER03755,Home Loan,128,2016-02-15,360,Active,IndusInd Bank
REC010307,PER03755,Education Loan,45,2013-12-09,84,Defaulted,LIC Housing Finance
REC010308,PER03755,Home Loan,143,2022-06-20,300,Repaid,ICICI Bank
REC010309,PER03755,Personal Loan,59,2022-07-04,36,Repaid,SBI
REC010310,PER03756,Home Loan,405,2013-01-06,120,Active,SBI
REC010311,PER03756,Personal Loan,39,2010-01-08,12,Repaid,LIC Housing Finance
REC010312,PER03756,Business Loan,180,2020-05-16,12,Repaid,Kotak Mahindra
REC010313,PER03756,Home Loan,134,2018-04-09,240,Repaid,Tata Capital
REC010314,PER03756,Personal Loan,100,2017-09-04,60,Active,IndusInd Bank
REC010315,PER03757,Car Loan,79,2011-03-17,48,Repaid,LIC Housing Finance
REC010316,PER03757,Personal Loan,63,2019-07-10,48,Repaid,Tata Capital
REC010317,PER03758,Home Loan,305,2012-05-25,120,Repaid,Bajaj Finserv
REC010318,PER03759,Car Loan,78,2020-10-16,60,Active,IndusInd Bank
REC010319,PER03759,Home Loan,219,2017-02-10,360,Defaulted,IDBI Bank
REC010320,PER03759,Home Loan,166,2012-06-19,300,Repaid,ICICI Bank
REC010321,PER03761,Two-Wheeler Loan,7,2020-11-13,12,Repaid,Axis Bank
REC010322,PER03761,Education Loan,18,2010-07-19,84,Active,Kotak Mahindra
REC010323,PER03762,Home Loan,134,2017-12-23,240,Repaid,SBI
REC010324,PER03762,Home Loan,56,2017-06-21,120,Defaulted,Canara Bank
REC010325,PER03762,Personal Loan,65,2022-02-18,48,Repaid,SBI
REC010326,PER03763,Home Loan,155,2016-06-15,120,Active,PNB
REC010327,PER03763,Education Loan,25,2022-06-03,60,Repaid,Axis Bank
REC010328,PER03763,Personal Loan,31,2018-10-19,12,Repaid,Yes Bank
REC010329,PER03763,Home Loan,309,2020-03-14,360,Active,SBI
REC010330,PER03763,Car Loan,54,2015-04-19,36,Active,IndusInd Bank
REC010331,PER03764,Education Loan,30,2022-12-07,48,Repaid,LIC Housing Finance
REC010332,PER03765,Car Loan,69,2018-01-05,84,Repaid,HDFC Bank
REC010333,PER03765,Education Loan,24,2023-11-04,48,Active,Canara Bank
REC010334,PER03765,Car Loan,38,2025-02-15,48,Active,Yes Bank
REC010335,PER03765,Personal Loan,29,2021-02-02,36,Active,Tata Capital
REC010336,PER03766,Personal Loan,20,2012-03-15,48,Repaid,Yes Bank
REC010337,PER03767,Car Loan,53,2022-08-16,60,Repaid,IndusInd Bank
REC010338,PER03767,Home Loan,257,2020-11-12,120,Active,Kotak Mahindra
REC010339,PER03767,Personal Loan,22,2019-10-04,12,Defaulted,LIC Housing Finance
REC010340,PER03768,Home Loan,138,2023-08-06,180,Active,Axis Bank
REC010341,PER03768,Home Loan,203,2019-02-23,120,Repaid,Canara Bank
REC010342,PER03768,Personal Loan,47,2013-01-20,60,Repaid,PNB
REC010343,PER03768,Personal Loan,98,2023-05-23,48,Defaulted,Tata Capital
REC010344,PER03768,Home Loan,205,2021-04-20,180,Active,Canara Bank
REC010345,PER03768,Personal Loan,59,2017-11-08,36,Defaulted,IndusInd Bank
REC010346,PER03768,Education Loan,27,2014-10-19,48,Repaid,HDFC Bank
REC010347,PER03769,Car Loan,91,2018-12-20,36,Repaid,ICICI Bank
REC010348,PER03769,Car Loan,91,2010-11-11,60,Repaid,Canara Bank
REC010349,PER03769,Gold Loan,6,2017-06-28,24,Defaulted,HDFC Bank
REC010350,PER03769,Car Loan,32,2019-07-14,36,Active,SBI
REC010351,PER03769,Personal Loan,19,2012-01-23,48,Defaulted,Kotak Mahindra
REC010352,PER03770,Home Loan,160,2025-09-09,180,Repaid,Yes Bank
REC010353,PER03771,Personal Loan,47,2016-03-15,12,Active,Union Bank
REC010354,PER03771,Consumer Durable Loan,2,2017-06-05,48,Active,Union Bank
REC010355,PER03772,Home Loan,196,2021-10-03,300,Defaulted,ICICI Bank
REC010356,PER03772,Car Loan,44,2012-12-21,48,Active,Bank of Baroda
REC010357,PER03772,Education Loan,36,2010-02-24,84,Repaid,LIC Housing Finance
REC010358,PER03773,Home Loan,559,2021-12-22,180,Active,Bank of Baroda
REC010359,PER03773,Car Loan,66,2015-02-03,48,Repaid,IndusInd Bank
REC010360,PER03773,Home Loan,334,2024-02-23,360,Active,Union Bank
REC010361,PER03774,Business Loan,59,2024-04-15,60,Repaid,Tata Capital
REC010362,PER03775,Education Loan,41,2017-03-02,48,Repaid,LIC Housing Finance
REC010363,PER03775,Car Loan,26,2025-06-12,48,Repaid,Bank of Baroda
REC010364,PER03775,Car Loan,71,2024-05-02,36,Repaid,Canara Bank
REC010365,PER03775,Business Loan,98,2014-11-24,36,Repaid,Kotak Mahindra
REC010366,PER03775,Car Loan,39,2020-12-19,60,Repaid,SBI
REC010367,PER03776,Personal Loan,17,2022-12-13,24,Repaid,SBI
REC010368,PER03776,Home Loan,494,2021-09-12,360,Repaid,Yes Bank
REC010369,PER03776,Home Loan,274,2022-09-24,300,Repaid,Union Bank
REC010370,PER03776,Home Loan,124,2014-09-12,360,Defaulted,Bank of Baroda
REC010371,PER03777,Business Loan,112,2016-02-14,36,Repaid,Tata Capital
REC010372,PER03778,Education Loan,98,2022-09-14,84,Defaulted,IndusInd Bank
REC010373,PER03778,Education Loan,102,2023-08-01,48,Repaid,Axis Bank
REC010374,PER03778,Car Loan,32,2012-12-09,36,Repaid,Union Bank
REC010375,PER03778,Home Loan,131,2013-07-27,300,Repaid,PNB
REC010376,PER03779,Home Loan,161,2016-07-02,360,Active,HDFC Bank
REC010377,PER03780,Home Loan,142,2013-04-15,360,Active,Axis Bank
REC010378,PER03780,Education Loan,36,2023-12-06,60,Repaid,HDFC Bank
REC010379,PER03781,Gold Loan,13,2014-06-23,12,Repaid,Yes Bank
REC010380,PER03782,Personal Loan,59,2020-11-16,60,Defaulted,HDFC Bank
REC010381,PER03783,Personal Loan,17,2014-05-28,60,Repaid,Tata Capital
REC010382,PER03783,Personal Loan,13,2015-07-25,24,Repaid,PNB
REC010383,PER03783,Two-Wheeler Loan,16,2017-01-23,60,Active,Canara Bank
REC010384,PER03783,Home Loan,223,2012-02-08,240,Repaid,PNB
REC010385,PER03784,Personal Loan,16,2022-11-02,48,Repaid,Bajaj Finserv
REC010386,PER03785,Gold Loan,12,2011-06-21,48,Repaid,Union Bank
REC010387,PER03785,Gold Loan,6,2025-01-25,48,Repaid,PNB
REC010388,PER03787,Business Loan,52,2012-11-28,60,Repaid,IDBI Bank
REC010389,PER03787,Personal Loan,42,2018-12-12,36,Repaid,LIC Housing Finance
REC010390,PER03787,Consumer Durable Loan,30,2013-05-04,24,Repaid,SBI
REC010391,PER03788,Home Loan,281,2011-10-25,180,Defaulted,Yes Bank
REC010392,PER03789,Personal Loan,32,2024-12-26,48,Repaid,Bank of Baroda
REC010393,PER03789,Home Loan,108,2024-05-11,360,Repaid,HDFC Bank
REC010394,PER03789,Personal Loan,23,2018-02-11,48,Repaid,Bajaj Finserv
REC010395,PER03790,Gold Loan,11,2016-01-21,36,Defaulted,IndusInd Bank
REC010396,PER03790,Car Loan,94,2017-02-24,36,Defaulted,Yes Bank
REC010397,PER03791,Car Loan,57,2017-10-07,48,Repaid,HDFC Bank
REC010398,PER03791,Consumer Durable Loan,13,2010-04-03,60,Repaid,IDBI Bank
REC010399,PER03791,Home Loan,172,2011-01-28,120,Defaulted,IDBI Bank
REC010400,PER03791,Car Loan,35,2022-09-23,84,Defaulted,Kotak Mahindra
REC010401,PER03792,Personal Loan,48,2021-03-15,60,Repaid,IDBI Bank
REC010402,PER03792,Car Loan,33,2019-04-04,84,Repaid,SBI
REC010403,PER03792,Home Loan,247,2016-12-02,240,Repaid,Union Bank
REC010404,PER03792,Car Loan,56,2013-08-19,36,Repaid,Bank of Baroda
REC010405,PER03792,Home Loan,107,2025-05-05,120,Repaid,SBI
REC010406,PER03792,Home Loan,241,2024-08-10,240,Repaid,Yes Bank
REC010407,PER03792,Business Loan,146,2020-08-14,12,Repaid,IDBI Bank
REC010408,PER03793,Home Loan,255,2016-12-16,120,Repaid,HDFC Bank
REC010409,PER03793,Home Loan,79,2019-09-16,120,Active,IDBI Bank
REC010410,PER03793,Car Loan,65,2018-12-14,36,Repaid,Bank of Baroda
REC010411,PER03795,Home Loan,116,2015-03-07,360,Repaid,Union Bank
REC010412,PER03795,Personal Loan,11,2023-03-10,48,Repaid,ICICI Bank
REC010413,PER03796,Gold Loan,6,2025-11-08,48,Repaid,Bajaj Finserv
REC010414,PER03797,Business Loan,170,2012-01-14,60,Repaid,IDBI Bank
REC010415,PER03797,Business Loan,229,2019-07-07,24,Repaid,Yes Bank
REC010416,PER03797,Gold Loan,4,2020-06-09,60,Repaid,ICICI Bank
REC010417,PER03797,Home Loan,58,2019-03-04,300,Repaid,HDFC Bank
REC010418,PER03797,Personal Loan,83,2020-09-01,12,Repaid,Axis Bank
REC010419,PER03798,Home Loan,255,2020-08-06,300,Repaid,Yes Bank
REC010420,PER03798,Gold Loan,8,2019-08-20,24,Repaid,Kotak Mahindra
REC010421,PER03799,Business Loan,195,2020-07-21,24,Repaid,SBI
REC010422,PER03799,Home Loan,86,2019-10-16,180,Repaid,Kotak Mahindra
REC010423,PER03799,Car Loan,48,2018-08-08,48,Repaid,Canara Bank
REC010424,PER03800,Education Loan,39,2017-07-22,48,Repaid,HDFC Bank
REC010425,PER03800,Home Loan,156,2011-07-26,300,Defaulted,Union Bank
REC010426,PER03801,Home Loan,121,2019-11-07,360,Active,HDFC Bank
REC010427,PER03801,Car Loan,68,2014-01-28,84,Active,IDBI Bank
REC010428,PER03801,Car Loan,39,2018-04-27,36,Defaulted,LIC Housing Finance
REC010429,PER03801,Car Loan,60,2011-02-11,36,Repaid,Bajaj Finserv
REC010430,PER03801,Home Loan,159,2023-12-21,240,Active,Axis Bank
REC010431,PER03802,Home Loan,160,2020-11-01,240,Defaulted,SBI
REC010432,PER03803,Consumer Durable Loan,9,2015-05-22,24,Active,LIC Housing Finance
REC010433,PER03803,Education Loan,131,2013-02-07,84,Active,Union Bank
REC010434,PER03803,Business Loan,99,2022-05-16,24,Active,IndusInd Bank
REC010435,PER03803,Home Loan,125,2023-05-06,240,Active,Union Bank
REC010436,PER03803,Consumer Durable Loan,8,2024-11-11,24,Repaid,Tata Capital
REC010437,PER03803,Business Loan,115,2019-03-11,60,Repaid,Bank of Baroda
REC010438,PER03803,Personal Loan,100,2012-04-28,12,Repaid,Axis Bank
REC010439,PER03803,Home Loan,267,2012-08-05,180,Repaid,IDBI Bank
REC010440,PER03804,Home Loan,198,2014-09-24,300,Active,Union Bank
REC010441,PER03804,Personal Loan,12,2025-03-26,24,Repaid,Tata Capital
REC010442,PER03805,Two-Wheeler Loan,5,2025-09-21,36,Repaid,IndusInd Bank
REC010443,PER03805,Car Loan,36,2025-09-03,84,Repaid,Canara Bank
REC010444,PER03806,Personal Loan,43,2019-09-14,12,Repaid,Axis Bank
REC010445,PER03807,Home Loan,160,2021-09-14,300,Repaid,HDFC Bank
REC010446,PER03807,Gold Loan,5,2016-05-24,24,Repaid,Bank of Baroda
REC010447,PER03807,Personal Loan,39,2015-04-01,12,Repaid,SBI
REC010448,PER03808,Gold Loan,22,2014-09-19,24,Repaid,Axis Bank
REC010449,PER03808,Car Loan,42,2025-03-23,48,Active,ICICI Bank
REC010450,PER03808,Personal Loan,82,2025-02-24,60,Repaid,IndusInd Bank
REC010451,PER03809,Home Loan,73,2022-02-02,360,Active,PNB
REC010452,PER03810,Personal Loan,26,2011-09-26,48,Repaid,Tata Capital
REC010453,PER03810,Home Loan,60,2024-02-12,240,Repaid,Yes Bank
REC010454,PER03810,Home Loan,182,2016-07-17,360,Active,PNB
REC010455,PER03810,Home Loan,181,2017-11-23,240,Repaid,Bajaj Finserv
REC010456,PER03811,Education Loan,28,2018-04-03,36,Defaulted,IndusInd Bank
REC010457,PER03811,Business Loan,29,2012-03-01,60,Active,Kotak Mahindra
REC010458,PER03811,Education Loan,74,2014-09-03,84,Repaid,Union Bank
REC010459,PER03811,Two-Wheeler Loan,5,2017-02-22,24,Repaid,SBI
REC010460,PER03811,Home Loan,209,2021-09-28,120,Defaulted,ICICI Bank
REC010461,PER03812,Home Loan,169,2020-06-24,360,Active,ICICI Bank
REC010462,PER03812,Home Loan,119,2019-12-02,180,Active,Bank of Baroda
REC010463,PER03812,Education Loan,32,2021-05-14,60,Active,IndusInd Bank
REC010464,PER03812,Home Loan,222,2018-07-20,360,Repaid,Canara Bank
REC010465,PER03813,Personal Loan,23,2023-01-22,24,Active,HDFC Bank
REC010466,PER03814,Two-Wheeler Loan,10,2018-01-24,48,Defaulted,Tata Capital
REC010467,PER03814,Consumer Durable Loan,9,2010-12-17,48,Repaid,Tata Capital
REC010468,PER03815,Home Loan,135,2023-02-24,360,Active,IDBI Bank
REC010469,PER03815,Home Loan,213,2010-10-09,360,Repaid,Axis Bank
REC010470,PER03816,Gold Loan,4,2013-01-21,48,Repaid,LIC Housing Finance
REC010471,PER03816,Gold Loan,9,2010-02-01,12,Repaid,Axis Bank
REC010472,PER03816,Car Loan,54,2010-02-04,48,Repaid,Yes Bank
REC010473,PER03817,Business Loan,249,2010-03-20,12,Repaid,Axis Bank
REC010474,PER03817,Personal Loan,19,2010-06-14,48,Active,ICICI Bank
REC010475,PER03818,Education Loan,23,2014-08-08,36,Defaulted,IndusInd Bank
REC010476,PER03818,Personal Loan,55,2017-05-01,48,Active,PNB
REC010477,PER03818,Personal Loan,30,2011-03-25,48,Active,SBI
REC010478,PER03821,Education Loan,25,2020-09-26,84,Repaid,LIC Housing Finance
REC010479,PER03822,Home Loan,115,2025-03-03,120,Active,Axis Bank
REC010480,PER03822,Education Loan,44,2018-10-12,84,Repaid,SBI
REC010481,PER03822,Personal Loan,16,2015-01-16,36,Repaid,LIC Housing Finance
REC010482,PER03822,Personal Loan,19,2021-11-25,48,Repaid,Canara Bank
REC010483,PER03823,Home Loan,166,2019-04-01,360,Repaid,SBI
REC010484,PER03823,Personal Loan,29,2015-09-28,12,Defaulted,Tata Capital
REC010485,PER03823,Home Loan,131,2014-06-13,120,Active,Tata Capital
REC010486,PER03824,Personal Loan,11,2024-04-27,48,Defaulted,Kotak Mahindra
REC010487,PER03824,Gold Loan,11,2013-05-14,24,Repaid,Yes Bank
REC010488,PER03825,Education Loan,36,2012-11-05,84,Repaid,Bajaj Finserv
REC010489,PER03825,Personal Loan,37,2025-09-04,24,Defaulted,Bajaj Finserv
REC010490,PER03826,Home Loan,751,2014-05-20,300,Repaid,Kotak Mahindra
REC010491,PER03826,Gold Loan,17,2020-10-21,36,Active,Union Bank
REC010492,PER03826,Gold Loan,9,2014-10-23,48,Active,Union Bank
REC010493,PER03827,Personal Loan,20,2016-09-20,36,Repaid,Bank of Baroda
REC010494,PER03827,Home Loan,77,2014-03-19,360,Active,SBI
REC010495,PER03828,Education Loan,62,2018-02-05,60,Active,ICICI Bank
REC010496,PER03828,Personal Loan,16,2010-12-06,60,Repaid,PNB
REC010497,PER03828,Home Loan,248,2014-11-27,300,Defaulted,SBI
REC010498,PER03828,Personal Loan,54,2010-05-10,24,Repaid,Axis Bank
REC010499,PER03828,Two-Wheeler Loan,17,2013-02-07,36,Repaid,Yes Bank
REC010500,PER03828,Personal Loan,36,2025-09-07,60,Active,Tata Capital
REC010501,PER03829,Home Loan,212,2018-10-22,180,Repaid,SBI
REC010502,PER03829,Education Loan,19,2013-07-19,84,Repaid,ICICI Bank
REC010503,PER03830,Car Loan,44,2025-09-22,36,Defaulted,Kotak Mahindra
REC010504,PER03830,Gold Loan,11,2015-09-14,24,Repaid,Bank of Baroda
REC010505,PER03830,Personal Loan,43,2013-08-06,36,Repaid,Yes Bank
REC010506,PER03830,Home Loan,121,2011-07-16,300,Repaid,Bajaj Finserv
REC010507,PER03830,Home Loan,289,2025-08-04,180,Repaid,Tata Capital
REC010508,PER03831,Car Loan,74,2011-11-04,48,Defaulted,IDBI Bank
REC010509,PER03831,Business Loan,281,2015-07-28,24,Defaulted,Axis Bank
REC010510,PER03832,Education Loan,95,2021-11-16,36,Repaid,HDFC Bank
REC010511,PER03832,Two-Wheeler Loan,10,2025-02-20,48,Defaulted,LIC Housing Finance
REC010512,PER03833,Education Loan,47,2025-07-11,36,Repaid,Bank of Baroda
REC010513,PER03833,Home Loan,102,2010-05-13,240,Repaid,Axis Bank
REC010514,PER03834,Personal Loan,59,2015-12-03,24,Repaid,SBI
REC010515,PER03835,Gold Loan,6,2014-08-11,36,Active,Bank of Baroda
REC010516,PER03835,Two-Wheeler Loan,9,2017-05-16,24,Repaid,Axis Bank
REC010517,PER03835,Home Loan,164,2022-05-04,180,Repaid,Yes Bank
REC010518,PER03835,Education Loan,24,2020-04-10,36,Repaid,HDFC Bank
REC010519,PER03835,Home Loan,234,2017-05-20,120,Repaid,IDBI Bank
REC010520,PER03835,Home Loan,94,2025-01-02,360,Active,ICICI Bank
REC010521,PER03835,Home Loan,429,2011-10-15,120,Active,ICICI Bank
REC010522,PER03836,Business Loan,37,2014-05-10,60,Repaid,Union Bank
REC010523,PER03836,Business Loan,27,2018-02-25,12,Repaid,PNB
REC010524,PER03836,Business Loan,45,2012-06-18,36,Repaid,Tata Capital
REC010525,PER03837,Gold Loan,9,2018-07-22,60,Active,Tata Capital
REC010526,PER03838,Home Loan,129,2010-06-23,120,Repaid,Bank of Baroda
REC010527,PER03838,Car Loan,56,2021-11-10,60,Repaid,IDBI Bank
REC010528,PER03839,Car Loan,32,2014-03-08,36,Repaid,SBI
REC010529,PER03839,Personal Loan,14,2025-06-12,60,Defaulted,Union Bank
REC010530,PER03839,Personal Loan,34,2022-01-28,36,Repaid,Yes Bank
REC010531,PER03839,Business Loan,53,2020-11-18,24,Active,Yes Bank
REC010532,PER03840,Business Loan,46,2011-08-21,60,Repaid,HDFC Bank
REC010533,PER03840,Business Loan,113,2016-08-12,12,Repaid,Tata Capital
REC010534,PER03840,Personal Loan,31,2017-02-26,24,Active,ICICI Bank
REC010535,PER03840,Gold Loan,13,2015-12-15,36,Repaid,SBI
REC010536,PER03841,Car Loan,42,2013-06-15,84,Active,Bajaj Finserv
REC010537,PER03841,Education Loan,44,2022-10-07,60,Repaid,PNB
REC010538,PER03841,Gold Loan,7,2018-10-06,48,Repaid,SBI
REC010539,PER03842,Home Loan,608,2020-08-04,300,Active,Yes Bank
REC010540,PER03842,Two-Wheeler Loan,2,2016-08-06,24,Repaid,Union Bank
REC010541,PER03843,Education Loan,11,2023-12-16,36,Defaulted,IndusInd Bank
REC010542,PER03843,Home Loan,275,2024-01-04,240,Repaid,HDFC Bank
REC010543,PER03843,Home Loan,302,2023-05-10,240,Active,PNB
REC010544,PER03844,Personal Loan,22,2011-10-08,36,Active,Canara Bank
REC010545,PER03844,Home Loan,456,2024-02-14,300,Active,LIC Housing Finance
REC010546,PER03845,Home Loan,143,2019-12-09,300,Repaid,Axis Bank
REC010547,PER03845,Home Loan,278,2022-03-23,120,Repaid,HDFC Bank
REC010548,PER03845,Home Loan,156,2017-04-21,360,Defaulted,SBI
REC010549,PER03845,Gold Loan,10,2022-05-19,24,Defaulted,IndusInd Bank
REC010550,PER03845,Home Loan,170,2012-04-13,360,Repaid,SBI
REC010551,PER03846,Gold Loan,10,2016-02-03,12,Active,Kotak Mahindra
REC010552,PER03847,Personal Loan,26,2023-12-28,24,Active,PNB
REC010553,PER03847,Home Loan,249,2011-03-26,300,Repaid,Bank of Baroda
REC010554,PER03847,Personal Loan,48,2012-10-04,12,Repaid,Canara Bank
REC010555,PER03847,Home Loan,185,2020-12-07,360,Active,SBI
REC010556,PER03848,Car Loan,32,2019-05-06,48,Active,Canara Bank
REC010557,PER03848,Home Loan,242,2013-11-06,300,Active,Tata Capital
REC010558,PER03849,Education Loan,32,2010-12-15,60,Repaid,Yes Bank
REC010559,PER03849,Car Loan,34,2020-11-19,84,Defaulted,HDFC Bank
REC010560,PER03849,Personal Loan,7,2024-09-08,24,Defaulted,Yes Bank
REC010561,PER03850,Personal Loan,80,2012-08-17,60,Active,Canara Bank
REC010562,PER03853,Car Loan,77,2015-03-22,36,Active,LIC Housing Finance
REC010563,PER03853,Consumer Durable Loan,4,2020-02-03,36,Active,Bank of Baroda
REC010564,PER03853,Home Loan,173,2020-06-02,240,Active,LIC Housing Finance
REC010565,PER03853,Personal Loan,37,2023-02-17,60,Repaid,Bajaj Finserv
REC010566,PER03854,Business Loan,91,2024-01-24,12,Active,Canara Bank
REC010567,PER03854,Home Loan,193,2025-03-24,360,Repaid,IDBI Bank
REC010568,PER03855,Personal Loan,32,2019-06-06,60,Active,LIC Housing Finance
REC010569,PER03855,Personal Loan,19,2015-02-05,12,Active,Yes Bank
REC010570,PER03856,Gold Loan,12,2022-04-08,48,Repaid,Canara Bank
REC010571,PER03856,Home Loan,183,2023-04-15,300,Repaid,Axis Bank
REC010572,PER03856,Car Loan,48,2012-04-05,60,Repaid,Tata Capital
REC010573,PER03856,Car Loan,45,2018-04-19,36,Defaulted,Yes Bank
REC010574,PER03856,Education Loan,48,2025-02-25,36,Repaid,IDBI Bank
REC010575,PER03856,Home Loan,218,2012-12-16,300,Defaulted,Canara Bank
REC010576,PER03856,Home Loan,447,2023-03-23,300,Active,Union Bank
REC010577,PER03858,Two-Wheeler Loan,10,2018-11-08,48,Repaid,Bajaj Finserv
REC010578,PER03859,Business Loan,76,2022-06-28,48,Active,Bajaj Finserv
REC010579,PER03860,Home Loan,72,2020-10-05,300,Repaid,ICICI Bank
REC010580,PER03860,Home Loan,121,2017-02-28,180,Repaid,Tata Capital
REC010581,PER03861,Personal Loan,53,2012-05-17,24,Active,IDBI Bank
REC010582,PER03861,Home Loan,155,2021-01-26,180,Active,IDBI Bank
REC010583,PER03861,Personal Loan,28,2016-01-05,48,Repaid,IndusInd Bank
REC010584,PER03861,Gold Loan,7,2010-04-06,36,Repaid,Tata Capital
REC010585,PER03861,Personal Loan,34,2013-06-11,24,Repaid,Axis Bank
REC010586,PER03862,Home Loan,208,2023-06-02,360,Active,Yes Bank
REC010587,PER03862,Home Loan,285,2017-05-09,180,Repaid,SBI
REC010588,PER03862,Personal Loan,6,2023-09-25,36,Repaid,PNB
REC010589,PER03862,Education Loan,123,2016-06-10,84,Active,PNB
REC010590,PER03862,Consumer Durable Loan,3,2015-05-03,60,Repaid,Axis Bank
REC010591,PER03862,Business Loan,40,2013-04-18,24,Repaid,SBI
REC010592,PER03863,Two-Wheeler Loan,4,2024-12-10,48,Active,Yes Bank
REC010593,PER03864,Home Loan,96,2012-06-19,240,Defaulted,PNB
REC010594,PER03864,Home Loan,109,2019-01-28,300,Repaid,Bank of Baroda
REC010595,PER03864,Home Loan,335,2016-08-09,360,Repaid,Axis Bank
REC010596,PER03864,Consumer Durable Loan,23,2013-12-19,48,Repaid,Bank of Baroda
REC010597,PER03865,Car Loan,56,2021-05-16,60,Repaid,Union Bank
REC010598,PER03865,Personal Loan,46,2016-01-06,60,Repaid,IDBI Bank
REC010599,PER03865,Home Loan,373,2011-12-19,300,Repaid,SBI
REC010600,PER03865,Home Loan,273,2022-10-18,120,Repaid,Bank of Baroda
REC010601,PER03866,Business Loan,36,2021-12-07,60,Repaid,LIC Housing Finance
REC010602,PER03866,Car Loan,76,2016-03-12,48,Repaid,Bajaj Finserv
REC010603,PER03866,Home Loan,149,2024-07-28,180,Repaid,IDBI Bank
REC010604,PER03866,Car Loan,25,2016-09-26,48,Active,PNB
REC010605,PER03866,Personal Loan,21,2016-02-19,60,Repaid,Tata Capital
REC010606,PER03867,Home Loan,133,2024-11-10,300,Repaid,IndusInd Bank
REC010607,PER03867,Home Loan,180,2021-05-28,300,Repaid,PNB
REC010608,PER03867,Home Loan,237,2019-10-01,300,Repaid,SBI
REC010609,PER03867,Home Loan,92,2017-09-08,300,Repaid,LIC Housing Finance
REC010610,PER03868,Home Loan,199,2013-05-14,180,Repaid,Bajaj Finserv
REC010611,PER03868,Business Loan,58,2025-05-09,24,Repaid,Tata Capital
REC010612,PER03868,Car Loan,36,2015-07-04,60,Active,Kotak Mahindra
REC010613,PER03868,Home Loan,80,2013-10-10,120,Repaid,Axis Bank
REC010614,PER03868,Home Loan,111,2014-09-28,360,Defaulted,PNB
REC010615,PER03868,Education Loan,81,2018-10-19,36,Repaid,IDBI Bank
REC010616,PER03869,Car Loan,49,2015-09-21,84,Defaulted,IndusInd Bank
REC010617,PER03870,Business Loan,113,2014-06-20,60,Repaid,Bank of Baroda
REC010618,PER03870,Personal Loan,27,2015-10-14,12,Repaid,IDBI Bank
REC010619,PER03870,Home Loan,386,2025-02-24,180,Defaulted,Yes Bank
REC010620,PER03871,Business Loan,133,2012-05-17,48,Repaid,Canara Bank
REC010621,PER03872,Gold Loan,19,2022-04-26,48,Active,IDBI Bank
REC010622,PER03872,Home Loan,315,2025-10-04,180,Repaid,ICICI Bank
REC010623,PER03873,Personal Loan,20,2013-02-25,36,Repaid,Union Bank
REC010624,PER03873,Education Loan,27,2013-03-22,60,Active,Kotak Mahindra
REC010625,PER03874,Home Loan,137,2025-09-06,120,Repaid,Bank of Baroda
REC010626,PER03875,Home Loan,203,2010-11-02,360,Repaid,IDBI Bank
REC010627,PER03875,Car Loan,37,2021-01-05,48,Active,Bank of Baroda
REC010628,PER03876,Car Loan,67,2023-09-01,60,Repaid,LIC Housing Finance
REC010629,PER03876,Home Loan,192,2015-11-09,300,Repaid,LIC Housing Finance
REC010630,PER03876,Consumer Durable Loan,8,2015-05-13,36,Repaid,HDFC Bank
REC010631,PER03876,Car Loan,29,2015-11-15,48,Active,Union Bank
REC010632,PER03878,Home Loan,68,2024-04-18,180,Defaulted,Tata Capital
REC010633,PER03878,Personal Loan,18,2024-10-28,24,Repaid,HDFC Bank
REC010634,PER03878,Education Loan,33,2019-01-18,84,Active,Axis Bank
REC010635,PER03878,Personal Loan,56,2013-07-12,48,Defaulted,IndusInd Bank
REC010636,PER03878,Home Loan,458,2021-05-09,180,Defaulted,Tata Capital
REC010637,PER03878,Personal Loan,22,2023-02-16,60,Defaulted,IDBI Bank
REC010638,PER03878,Personal Loan,33,2019-04-15,60,Active,Yes Bank
REC010639,PER03879,Consumer Durable Loan,4,2023-06-27,12,Active,IndusInd Bank
REC010640,PER03879,Business Loan,139,2011-01-09,24,Active,Bajaj Finserv
REC010641,PER03879,Personal Loan,27,2012-03-08,60,Defaulted,Tata Capital
REC010642,PER03879,Gold Loan,20,2014-07-11,48,Defaulted,LIC Housing Finance
REC010643,PER03879,Education Loan,23,2020-10-06,36,Active,LIC Housing Finance
REC010644,PER03879,Home Loan,231,2013-07-12,180,Active,HDFC Bank
REC010645,PER03880,Home Loan,800,2020-12-21,180,Active,Canara Bank
REC010646,PER03880,Education Loan,40,2025-07-21,48,Active,Yes Bank
REC010647,PER03880,Two-Wheeler Loan,13,2018-01-11,24,Active,SBI
REC010648,PER03880,Education Loan,16,2010-11-17,60,Repaid,HDFC Bank
REC010649,PER03881,Home Loan,257,2017-04-20,240,Active,ICICI Bank
REC010650,PER03881,Gold Loan,11,2021-03-27,24,Defaulted,HDFC Bank
REC010651,PER03881,Car Loan,66,2021-04-07,48,Defaulted,ICICI Bank
REC010652,PER03882,Home Loan,303,2010-12-12,120,Defaulted,Canara Bank
REC010653,PER03882,Car Loan,51,2023-08-21,36,Defaulted,HDFC Bank
REC010654,PER03882,Personal Loan,25,2025-11-24,48,Active,SBI
REC010655,PER03883,Personal Loan,11,2013-05-14,36,Active,Yes Bank
REC010656,PER03883,Home Loan,117,2024-10-14,300,Repaid,IndusInd Bank
REC010657,PER03883,Education Loan,145,2010-06-13,84,Repaid,Canara Bank
REC010658,PER03884,Home Loan,62,2022-04-20,300,Active,LIC Housing Finance
REC010659,PER03884,Personal Loan,30,2016-05-18,24,Repaid,Bajaj Finserv
REC010660,PER03884,Home Loan,118,2023-01-15,300,Repaid,IDBI Bank
REC010661,PER03884,Car Loan,54,2011-12-07,60,Repaid,LIC Housing Finance
REC010662,PER03885,Home Loan,289,2017-11-01,360,Repaid,Kotak Mahindra
REC010663,PER03885,Personal Loan,92,2018-11-19,24,Active,Axis Bank
REC010664,PER03885,Personal Loan,55,2015-12-09,60,Repaid,Union Bank
REC010665,PER03886,Home Loan,94,2020-02-15,300,Repaid,IDBI Bank
REC010666,PER03886,Personal Loan,14,2025-08-28,36,Repaid,HDFC Bank
REC010667,PER03887,Home Loan,201,2023-07-11,240,Repaid,Yes Bank
REC010668,PER03887,Personal Loan,28,2012-09-16,12,Repaid,Kotak Mahindra
REC010669,PER03888,Car Loan,57,2015-12-14,60,Repaid,PNB
REC010670,PER03888,Car Loan,59,2021-10-20,60,Repaid,Axis Bank
REC010671,PER03889,Business Loan,63,2021-03-10,48,Repaid,Kotak Mahindra
REC010672,PER03889,Personal Loan,56,2017-01-01,24,Repaid,Union Bank
REC010673,PER03889,Personal Loan,25,2012-01-11,24,Defaulted,PNB
REC010674,PER03889,Car Loan,57,2017-01-27,60,Defaulted,Axis Bank
REC010675,PER03890,Personal Loan,29,2015-12-16,48,Defaulted,Bajaj Finserv
REC010676,PER03890,Education Loan,26,2022-09-18,48,Active,PNB
REC010677,PER03891,Personal Loan,24,2015-02-17,48,Defaulted,Yes Bank
REC010678,PER03891,Home Loan,163,2011-09-21,240,Repaid,Kotak Mahindra
REC010679,PER03891,Education Loan,30,2014-05-14,60,Repaid,IndusInd Bank
REC010680,PER03891,Car Loan,32,2019-11-15,48,Repaid,Tata Capital
REC010681,PER03892,Consumer Durable Loan,8,2013-12-11,48,Defaulted,IndusInd Bank
REC010682,PER03892,Two-Wheeler Loan,8,2011-11-04,36,Defaulted,Bajaj Finserv
REC010683,PER03893,Home Loan,328,2016-07-26,240,Repaid,PNB
REC010684,PER03893,Home Loan,145,2011-08-13,240,Repaid,Kotak Mahindra
REC010685,PER03893,Education Loan,39,2020-02-24,84,Repaid,HDFC Bank
REC010686,PER03893,Home Loan,92,2020-02-23,120,Repaid,Union Bank
REC010687,PER03894,Business Loan,63,2021-07-17,36,Repaid,Bank of Baroda
REC010688,PER03894,Personal Loan,19,2014-12-08,12,Repaid,IndusInd Bank
REC010689,PER03894,Consumer Durable Loan,3,2012-04-24,60,Defaulted,LIC Housing Finance
REC010690,PER03894,Home Loan,190,2011-11-21,120,Active,Axis Bank
REC010691,PER03894,Home Loan,94,2014-10-14,240,Repaid,SBI
REC010692,PER03894,Car Loan,74,2019-05-08,84,Active,LIC Housing Finance
REC010693,PER03894,Consumer Durable Loan,13,2024-05-04,36,Repaid,SBI
REC010694,PER03894,Personal Loan,79,2017-04-18,48,Repaid,Canara Bank
REC010695,PER03895,Home Loan,222,2015-03-20,360,Repaid,PNB
REC010696,PER03896,Personal Loan,71,2016-10-28,48,Repaid,Union Bank
REC010697,PER03896,Personal Loan,27,2011-09-24,60,Repaid,Bajaj Finserv
REC010698,PER03896,Personal Loan,88,2024-05-08,36,Repaid,Yes Bank
REC010699,PER03896,Home Loan,87,2015-06-05,360,Repaid,IndusInd Bank
REC010700,PER03897,Personal Loan,35,2010-09-18,48,Repaid,Tata Capital
REC010701,PER03897,Education Loan,47,2021-10-18,48,Repaid,Kotak Mahindra
REC010702,PER03897,Personal Loan,13,2018-04-28,60,Repaid,HDFC Bank
REC010703,PER03898,Gold Loan,10,2017-07-20,12,Active,IndusInd Bank
REC010704,PER03898,Home Loan,127,2016-01-28,180,Active,PNB
REC010705,PER03899,Car Loan,54,2021-09-01,84,Repaid,Bajaj Finserv
REC010706,PER03900,Education Loan,35,2015-03-09,48,Active,Yes Bank
REC010707,PER03900,Personal Loan,32,2013-11-10,36,Repaid,IndusInd Bank
REC010708,PER03901,Personal Loan,29,2013-10-10,24,Repaid,Bank of Baroda
REC010709,PER03901,Car Loan,104,2016-08-04,36,Repaid,Kotak Mahindra
REC010710,PER03901,Home Loan,291,2015-04-07,120,Active,LIC Housing Finance
REC010711,PER03901,Home Loan,165,2024-12-16,180,Active,SBI
REC010712,PER03901,Personal Loan,74,2013-09-20,12,Repaid,Bank of Baroda
REC010713,PER03901,Business Loan,166,2025-06-08,48,Repaid,SBI
REC010714,PER03901,Home Loan,61,2025-12-21,300,Active,ICICI Bank
REC010715,PER03901,Home Loan,220,2016-12-16,300,Active,SBI
REC010716,PER03902,Education Loan,17,2016-01-04,60,Active,Union Bank
REC010717,PER03903,Home Loan,81,2018-03-17,180,Repaid,PNB
REC010718,PER03903,Home Loan,226,2025-11-12,300,Active,IDBI Bank
REC010719,PER03903,Personal Loan,23,2018-08-20,48,Active,LIC Housing Finance
REC010720,PER03904,Education Loan,65,2016-03-25,60,Active,Tata Capital
REC010721,PER03905,Business Loan,20,2023-06-20,24,Defaulted,ICICI Bank
REC010722,PER03906,Car Loan,67,2017-06-21,36,Repaid,IDBI Bank
REC010723,PER03906,Personal Loan,20,2019-12-13,36,Repaid,Bajaj Finserv
REC010724,PER03906,Car Loan,40,2021-06-26,84,Repaid,IDBI Bank
REC010725,PER03907,Car Loan,50,2019-11-24,60,Repaid,IDBI Bank
REC010726,PER03907,Home Loan,112,2017-02-28,300,Repaid,PNB
REC010727,PER03908,Home Loan,79,2014-04-16,360,Repaid,SBI
REC010728,PER03908,Home Loan,102,2024-10-12,120,Defaulted,IndusInd Bank
REC010729,PER03908,Home Loan,180,2022-03-06,180,Active,Axis Bank
REC010730,PER03908,Personal Loan,28,2022-10-16,12,Active,IndusInd Bank
REC010731,PER03908,Personal Loan,5,2025-04-02,48,Active,Kotak Mahindra
REC010732,PER03908,Personal Loan,18,2018-04-21,60,Repaid,IDBI Bank
REC010733,PER03909,Personal Loan,55,2019-04-21,60,Repaid,Bajaj Finserv
REC010734,PER03909,Home Loan,99,2020-06-24,180,Active,Yes Bank
REC010735,PER03909,Home Loan,123,2010-10-15,180,Repaid,Kotak Mahindra
REC010736,PER03909,Home Loan,240,2014-03-25,240,Active,Kotak Mahindra
REC010737,PER03909,Car Loan,34,2022-01-01,48,Repaid,IndusInd Bank
REC010738,PER03909,Car Loan,66,2013-05-24,84,Repaid,Axis Bank
REC010739,PER03909,Two-Wheeler Loan,5,2019-10-25,12,Repaid,Axis Bank
REC010740,PER03910,Business Loan,55,2015-03-04,48,Defaulted,Bank of Baroda
REC010741,PER03910,Car Loan,35,2025-03-21,48,Active,PNB
REC010742,PER03912,Personal Loan,27,2025-09-22,48,Repaid,IndusInd Bank
REC010743,PER03913,Home Loan,201,2015-04-14,120,Active,Axis Bank
REC010744,PER03913,Gold Loan,18,2020-01-15,48,Defaulted,Tata Capital
REC010745,PER03913,Personal Loan,31,2011-09-14,60,Defaulted,Axis Bank
REC010746,PER03913,Home Loan,187,2014-11-26,360,Repaid,LIC Housing Finance
REC010747,PER03913,Personal Loan,28,2013-09-18,24,Active,ICICI Bank
REC010748,PER03913,Personal Loan,44,2014-08-04,48,Repaid,IndusInd Bank
REC010749,PER03914,Home Loan,66,2015-01-06,360,Active,Union Bank
REC010750,PER03914,Business Loan,68,2016-12-12,12,Repaid,PNB
REC010751,PER03915,Personal Loan,19,2011-02-15,12,Active,HDFC Bank
REC010752,PER03917,Car Loan,39,2017-09-12,36,Active,Canara Bank
REC010753,PER03917,Education Loan,61,2024-01-19,84,Repaid,IDBI Bank
REC010754,PER03920,Home Loan,280,2014-05-03,300,Repaid,HDFC Bank
REC010755,PER03920,Home Loan,131,2021-03-27,180,Active,ICICI Bank
REC010756,PER03920,Personal Loan,55,2025-03-28,36,Repaid,Tata Capital
REC010757,PER03920,Two-Wheeler Loan,7,2016-01-15,48,Active,Axis Bank
REC010758,PER03921,Education Loan,55,2013-04-27,48,Active,ICICI Bank
REC010759,PER03921,Home Loan,144,2021-11-10,240,Active,Yes Bank
REC010760,PER03921,Gold Loan,9,2023-09-06,24,Active,HDFC Bank
REC010761,PER03922,Personal Loan,42,2018-10-15,60,Repaid,IDBI Bank
REC010762,PER03922,Consumer Durable Loan,4,2017-12-13,24,Active,SBI
REC010763,PER03922,Home Loan,264,2017-06-06,300,Repaid,HDFC Bank
REC010764,PER03923,Consumer Durable Loan,8,2020-09-27,36,Repaid,LIC Housing Finance
REC010765,PER03923,Home Loan,318,2019-10-13,360,Defaulted,HDFC Bank
REC010766,PER03923,Business Loan,55,2024-04-13,24,Repaid,LIC Housing Finance
REC010767,PER03924,Home Loan,267,2020-08-12,300,Active,Bajaj Finserv
REC010768,PER03925,Car Loan,65,2011-08-04,84,Defaulted,HDFC Bank
REC010769,PER03926,Home Loan,499,2016-04-23,240,Repaid,Union Bank
REC010770,PER03926,Personal Loan,63,2024-10-08,60,Repaid,Bajaj Finserv
REC010771,PER03926,Home Loan,168,2012-07-12,240,Repaid,IDBI Bank
REC010772,PER03926,Personal Loan,34,2024-07-22,60,Repaid,Yes Bank
REC010773,PER03927,Education Loan,67,2020-10-10,84,Repaid,SBI
REC010774,PER03927,Two-Wheeler Loan,16,2011-09-25,48,Active,PNB
REC010775,PER03927,Car Loan,90,2012-01-22,84,Repaid,LIC Housing Finance
REC010776,PER03927,Home Loan,310,2020-08-08,300,Active,Kotak Mahindra
REC010777,PER03928,Education Loan,26,2015-12-26,36,Repaid,IDBI Bank
REC010778,PER03928,Car Loan,56,2022-10-09,60,Repaid,IDBI Bank
REC010779,PER03928,Personal Loan,10,2023-12-12,24,Repaid,LIC Housing Finance
REC010780,PER03928,Education Loan,51,2011-07-11,60,Active,Axis Bank
REC010781,PER03928,Home Loan,419,2017-01-26,300,Active,Yes Bank
REC010782,PER03928,Consumer Durable Loan,10,2019-03-11,24,Defaulted,LIC Housing Finance
REC010783,PER03928,Car Loan,56,2023-09-26,84,Repaid,Union Bank
REC010784,PER03929,Home Loan,302,2016-01-27,120,Active,Canara Bank
REC010785,PER03929,Education Loan,83,2019-05-10,84,Repaid,Bank of Baroda
REC010786,PER03929,Personal Loan,20,2010-09-09,12,Repaid,Bajaj Finserv
REC010787,PER03929,Personal Loan,74,2022-09-22,36,Active,Union Bank
REC010788,PER03930,Business Loan,30,2021-11-15,60,Defaulted,Canara Bank
REC010789,PER03930,Home Loan,199,2018-11-10,360,Active,Axis Bank
REC010790,PER03931,Gold Loan,10,2010-05-10,60,Repaid,Tata Capital
REC010791,PER03931,Personal Loan,17,2025-07-17,12,Repaid,HDFC Bank
REC010792,PER03931,Home Loan,121,2020-11-16,300,Active,Axis Bank
REC010793,PER03931,Personal Loan,59,2010-01-02,48,Repaid,ICICI Bank
REC010794,PER03931,Personal Loan,23,2022-11-15,48,Active,IDBI Bank
REC010795,PER03931,Home Loan,194,2017-05-08,120,Repaid,IDBI Bank
REC010796,PER03932,Personal Loan,22,2020-09-05,12,Repaid,IndusInd Bank
REC010797,PER03932,Business Loan,106,2019-03-13,36,Defaulted,ICICI Bank
REC010798,PER03932,Gold Loan,12,2022-09-09,12,Repaid,PNB
REC010799,PER03932,Gold Loan,7,2020-08-15,48,Repaid,Tata Capital
REC010800,PER03932,Car Loan,69,2011-10-16,60,Repaid,Kotak Mahindra
REC010801,PER03932,Car Loan,34,2025-12-23,48,Repaid,Kotak Mahindra
REC010802,PER03932,Personal Loan,52,2017-03-22,60,Repaid,Yes Bank
REC010803,PER03933,Business Loan,112,2021-06-26,36,Repaid,Kotak Mahindra
REC010804,PER03934,Personal Loan,58,2023-04-06,48,Active,Axis Bank
REC010805,PER03934,Personal Loan,45,2023-04-18,24,Repaid,IDBI Bank
REC010806,PER03934,Home Loan,149,2021-09-22,300,Repaid,PNB
REC010807,PER03934,Home Loan,87,2018-10-13,180,Repaid,Bajaj Finserv
REC010808,PER03934,Car Loan,76,2020-02-24,36,Repaid,PNB
REC010809,PER03934,Car Loan,89,2025-01-04,60,Repaid,LIC Housing Finance
REC010810,PER03934,Consumer Durable Loan,8,2015-04-21,60,Active,IDBI Bank
REC010811,PER03934,Personal Loan,19,2018-10-12,36,Repaid,Canara Bank
REC010812,PER03935,Home Loan,111,2011-06-24,180,Defaulted,Axis Bank
REC010813,PER03935,Consumer Durable Loan,10,2024-01-21,60,Defaulted,Kotak Mahindra
REC010814,PER03936,Home Loan,182,2019-12-12,120,Defaulted,ICICI Bank
REC010815,PER03936,Car Loan,24,2017-07-06,84,Repaid,Kotak Mahindra
REC010816,PER03936,Home Loan,170,2020-10-07,360,Defaulted,Axis Bank
REC010817,PER03936,Education Loan,70,2011-03-04,84,Repaid,Axis Bank
REC010818,PER03936,Gold Loan,6,2012-07-07,36,Repaid,Bajaj Finserv
REC010819,PER03937,Car Loan,86,2018-09-21,48,Repaid,Canara Bank
REC010820,PER03937,Car Loan,56,2012-02-22,36,Repaid,Union Bank
REC010821,PER03937,Home Loan,151,2011-10-15,120,Repaid,Tata Capital
REC010822,PER03937,Personal Loan,62,2013-09-03,36,Repaid,Bank of Baroda
REC010823,PER03937,Car Loan,45,2016-09-06,60,Repaid,Axis Bank
REC010824,PER03937,Business Loan,95,2012-01-13,36,Repaid,IDBI Bank
REC010825,PER03937,Two-Wheeler Loan,4,2018-01-02,12,Active,IDBI Bank
REC010826,PER03938,Business Loan,88,2010-06-28,60,Repaid,Union Bank
REC010827,PER03938,Home Loan,141,2019-07-16,240,Repaid,IDBI Bank
REC010828,PER03938,Home Loan,105,2019-01-15,240,Repaid,Canara Bank
REC010829,PER03939,Home Loan,156,2011-02-21,240,Repaid,Bajaj Finserv
REC010830,PER03939,Gold Loan,8,2014-10-06,60,Repaid,Bajaj Finserv
REC010831,PER03939,Home Loan,266,2019-02-16,360,Active,Canara Bank
REC010832,PER03939,Home Loan,277,2013-07-14,120,Repaid,Yes Bank
REC010833,PER03939,Home Loan,118,2023-01-23,360,Repaid,SBI
REC010834,PER03940,Home Loan,420,2016-08-13,360,Repaid,HDFC Bank
REC010835,PER03940,Personal Loan,59,2020-08-26,48,Active,Canara Bank
REC010836,PER03940,Consumer Durable Loan,4,2021-02-24,24,Repaid,Canara Bank
REC010837,PER03941,Business Loan,275,2025-05-19,12,Repaid,Axis Bank
REC010838,PER03941,Home Loan,277,2014-03-16,360,Active,PNB
REC010839,PER03941,Home Loan,74,2025-01-05,360,Repaid,Bank of Baroda
REC010840,PER03941,Education Loan,46,2017-11-02,84,Repaid,IDBI Bank
REC010841,PER03942,Home Loan,224,2019-05-20,300,Repaid,Yes Bank
REC010842,PER03942,Home Loan,134,2012-08-01,300,Repaid,HDFC Bank
REC010843,PER03943,Education Loan,70,2015-04-22,48,Defaulted,Kotak Mahindra
REC010844,PER03943,Business Loan,105,2025-09-18,60,Repaid,Axis Bank
REC010845,PER03943,Gold Loan,8,2020-07-23,48,Repaid,Kotak Mahindra
REC010846,PER03943,Home Loan,739,2014-11-05,240,Active,Canara Bank
REC010847,PER03944,Consumer Durable Loan,9,2018-10-18,12,Repaid,Bank of Baroda
REC010848,PER03944,Home Loan,169,2018-08-18,360,Repaid,Tata Capital
REC010849,PER03944,Home Loan,201,2010-09-12,360,Repaid,Kotak Mahindra
REC010850,PER03944,Education Loan,15,2017-09-04,48,Repaid,Canara Bank
REC010851,PER03944,Personal Loan,25,2017-11-22,36,Repaid,ICICI Bank
REC010852,PER03945,Personal Loan,53,2017-10-13,36,Repaid,Canara Bank
REC010853,PER03945,Home Loan,273,2012-10-02,300,Repaid,Canara Bank
REC010854,PER03945,Personal Loan,22,2011-03-17,48,Repaid,Yes Bank
REC010855,PER03945,Car Loan,67,2022-12-15,60,Defaulted,IndusInd Bank
REC010856,PER03945,Personal Loan,29,2016-04-12,12,Repaid,LIC Housing Finance
REC010857,PER03946,Car Loan,54,2014-09-21,84,Repaid,Canara Bank
REC010858,PER03946,Personal Loan,50,2025-01-23,48,Defaulted,Canara Bank
REC010859,PER03947,Personal Loan,33,2012-08-13,48,Repaid,Tata Capital
REC010860,PER03947,Personal Loan,13,2019-11-14,60,Active,Yes Bank
REC010861,PER03947,Home Loan,227,2018-11-27,360,Repaid,IDBI Bank
REC010862,PER03947,Home Loan,112,2023-09-17,120,Repaid,Tata Capital
REC010863,PER03947,Home Loan,101,2018-06-08,120,Repaid,Union Bank
REC010864,PER03947,Personal Loan,70,2018-12-19,48,Active,HDFC Bank
REC010865,PER03948,Two-Wheeler Loan,9,2014-02-16,48,Repaid,Bank of Baroda
REC010866,PER03948,Business Loan,70,2012-07-14,60,Repaid,Union Bank
REC010867,PER03948,Personal Loan,44,2023-09-27,60,Active,Tata Capital
REC010868,PER03948,Personal Loan,22,2023-01-10,24,Active,Canara Bank
REC010869,PER03948,Education Loan,17,2014-08-21,36,Repaid,Kotak Mahindra
REC010870,PER03949,Home Loan,192,2010-11-19,240,Repaid,Kotak Mahindra
REC010871,PER03949,Gold Loan,13,2011-02-23,36,Repaid,HDFC Bank
REC010872,PER03949,Home Loan,422,2022-11-12,360,Repaid,IDBI Bank
REC010873,PER03951,Personal Loan,85,2014-07-06,48,Repaid,PNB
REC010874,PER03951,Car Loan,47,2020-07-24,36,Repaid,PNB
REC010875,PER03952,Home Loan,445,2019-03-18,300,Repaid,Yes Bank
REC010876,PER03952,Personal Loan,24,2016-10-22,48,Active,Canara Bank
REC010877,PER03952,Personal Loan,23,2010-12-18,12,Repaid,IDBI Bank
REC010878,PER03952,Personal Loan,55,2021-04-04,24,Repaid,Bajaj Finserv
REC010879,PER03953,Business Loan,97,2025-01-01,48,Active,HDFC Bank
REC010880,PER03953,Home Loan,197,2010-12-02,180,Active,PNB
REC010881,PER03954,Business Loan,62,2018-03-27,60,Active,HDFC Bank
REC010882,PER03954,Business Loan,400,2020-03-08,24,Repaid,Axis Bank
REC010883,PER03954,Personal Loan,18,2010-07-25,24,Active,Union Bank
REC010884,PER03954,Car Loan,58,2016-05-19,84,Active,Kotak Mahindra
REC010885,PER03955,Personal Loan,27,2015-11-17,12,Repaid,SBI
REC010886,PER03955,Car Loan,90,2013-05-08,84,Repaid,Axis Bank
REC010887,PER03955,Car Loan,67,2015-05-15,84,Repaid,HDFC Bank
REC010888,PER03956,Car Loan,69,2023-12-05,84,Active,PNB
REC010889,PER03956,Home Loan,800,2022-10-06,300,Active,HDFC Bank
REC010890,PER03956,Home Loan,90,2017-09-27,300,Repaid,Bank of Baroda
REC010891,PER03956,Personal Loan,37,2023-08-16,48,Defaulted,Canara Bank
REC010892,PER03956,Home Loan,243,2019-08-18,180,Defaulted,HDFC Bank
REC010893,PER03956,Business Loan,195,2021-04-06,24,Defaulted,Yes Bank
REC010894,PER03956,Car Loan,34,2015-11-22,48,Repaid,PNB
REC010895,PER03957,Car Loan,79,2018-02-11,60,Repaid,HDFC Bank
REC010896,PER03957,Home Loan,97,2017-09-21,120,Defaulted,IDBI Bank
REC010897,PER03958,Personal Loan,44,2021-05-15,36,Active,PNB
REC010898,PER03958,Home Loan,234,2021-08-14,120,Repaid,SBI
REC010899,PER03958,Home Loan,343,2019-07-25,180,Repaid,Bank of Baroda
REC010900,PER03958,Education Loan,71,2018-03-25,60,Defaulted,IndusInd Bank
REC010901,PER03958,Home Loan,156,2021-02-21,300,Active,Union Bank
REC010902,PER03958,Business Loan,40,2014-05-19,60,Defaulted,Kotak Mahindra
REC010903,PER03959,Car Loan,21,2013-10-22,84,Defaulted,IndusInd Bank
REC010904,PER03960,Education Loan,91,2012-03-21,84,Repaid,Kotak Mahindra
REC010905,PER03960,Personal Loan,23,2019-05-04,48,Repaid,PNB
REC010906,PER03960,Education Loan,61,2015-02-16,36,Active,IDBI Bank
REC010907,PER03960,Education Loan,31,2025-01-08,48,Active,Union Bank
REC010908,PER03960,Education Loan,47,2020-11-15,60,Repaid,SBI
REC010909,PER03960,Two-Wheeler Loan,4,2021-10-19,48,Repaid,Bank of Baroda
REC010910,PER03961,Business Loan,28,2024-11-17,24,Repaid,IDBI Bank
REC010911,PER03961,Home Loan,102,2015-06-27,360,Defaulted,Yes Bank
REC010912,PER03961,Business Loan,72,2017-05-03,48,Defaulted,Axis Bank
REC010913,PER03961,Business Loan,382,2024-05-20,60,Defaulted,Axis Bank
REC010914,PER03962,Home Loan,120,2021-05-22,300,Repaid,Canara Bank
REC010915,PER03962,Two-Wheeler Loan,12,2016-11-16,36,Defaulted,Yes Bank
REC010916,PER03963,Personal Loan,27,2025-01-16,48,Repaid,Canara Bank
REC010917,PER03963,Car Loan,43,2022-01-15,36,Defaulted,Axis Bank
REC010918,PER03964,Education Loan,107,2011-11-26,84,Repaid,PNB
REC010919,PER03964,Home Loan,93,2025-05-19,180,Active,Canara Bank
REC010920,PER03964,Home Loan,91,2022-01-01,240,Repaid,Tata Capital
REC010921,PER03964,Business Loan,247,2016-08-28,12,Repaid,Union Bank
REC010922,PER03964,Car Loan,48,2015-04-25,36,Active,IndusInd Bank
REC010923,PER03964,Home Loan,323,2024-05-17,120,Active,Yes Bank
REC010924,PER03965,Business Loan,145,2014-12-07,24,Active,Kotak Mahindra
REC010925,PER03965,Personal Loan,27,2024-09-17,48,Repaid,HDFC Bank
REC010926,PER03965,Home Loan,445,2010-07-24,240,Repaid,IDBI Bank
REC010927,PER03966,Education Loan,34,2016-10-05,84,Repaid,Bank of Baroda
REC010928,PER03968,Personal Loan,76,2020-10-01,48,Active,Yes Bank
REC010929,PER03969,Gold Loan,10,2022-11-26,12,Repaid,LIC Housing Finance
REC010930,PER03969,Personal Loan,29,2020-07-09,24,Active,SBI
REC010931,PER03969,Personal Loan,69,2018-07-13,48,Repaid,Tata Capital
REC010932,PER03969,Home Loan,217,2013-02-24,120,Active,Kotak Mahindra
REC010933,PER03970,Personal Loan,35,2013-02-02,24,Defaulted,SBI
REC010934,PER03970,Education Loan,45,2015-05-19,60,Defaulted,ICICI Bank
REC010935,PER03970,Home Loan,298,2022-10-14,360,Active,Canara Bank
REC010936,PER03971,Personal Loan,7,2021-03-12,36,Repaid,Union Bank
REC010937,PER03971,Personal Loan,15,2014-10-08,36,Defaulted,Axis Bank
REC010938,PER03971,Business Loan,118,2020-10-20,24,Active,Kotak Mahindra
REC010939,PER03971,Home Loan,199,2010-12-09,240,Repaid,Union Bank
REC010940,PER03972,Home Loan,304,2014-04-03,120,Active,Union Bank
REC010941,PER03973,Car Loan,38,2022-03-21,60,Repaid,Axis Bank
REC010942,PER03973,Two-Wheeler Loan,4,2012-10-09,24,Repaid,IndusInd Bank
REC010943,PER03973,Business Loan,57,2012-02-04,36,Repaid,Union Bank
REC010944,PER03974,Personal Loan,49,2014-04-08,24,Repaid,IDBI Bank
REC010945,PER03974,Education Loan,51,2023-03-23,84,Active,LIC Housing Finance
REC010946,PER03975,Car Loan,40,2010-04-03,48,Repaid,ICICI Bank
REC010947,PER03975,Personal Loan,16,2011-04-08,36,Repaid,PNB
REC010948,PER03975,Home Loan,170,2010-02-28,240,Active,ICICI Bank
REC010949,PER03976,Car Loan,71,2011-05-21,36,Repaid,LIC Housing Finance
REC010950,PER03977,Home Loan,102,2015-09-07,240,Active,Yes Bank
REC010951,PER03977,Education Loan,44,2015-05-28,48,Repaid,Bajaj Finserv
REC010952,PER03977,Home Loan,226,2014-06-04,360,Repaid,Kotak Mahindra
REC010953,PER03978,Gold Loan,7,2012-10-26,60,Defaulted,ICICI Bank
REC010954,PER03979,Home Loan,139,2025-04-04,360,Repaid,IDBI Bank
REC010955,PER03979,Home Loan,79,2022-01-14,240,Active,Canara Bank
REC010956,PER03979,Home Loan,241,2021-11-11,360,Repaid,IDBI Bank
REC010957,PER03979,Personal Loan,20,2016-01-02,48,Repaid,IDBI Bank
REC010958,PER03979,Car Loan,37,2017-12-03,84,Repaid,PNB
REC010959,PER03979,Personal Loan,13,2016-11-11,12,Repaid,ICICI Bank
REC010960,PER03979,Two-Wheeler Loan,5,2020-11-09,60,Repaid,IndusInd Bank
REC010961,PER03980,Home Loan,59,2025-10-21,360,Defaulted,Union Bank
REC010962,PER03980,Personal Loan,28,2010-12-10,48,Repaid,Tata Capital
REC010963,PER03980,Consumer Durable Loan,8,2023-09-19,24,Defaulted,HDFC Bank
REC010964,PER03980,Home Loan,161,2014-05-23,120,Defaulted,IDBI Bank
REC010965,PER03980,Education Loan,50,2019-08-27,36,Repaid,Canara Bank
REC010966,PER03981,Car Loan,30,2024-06-28,48,Repaid,Axis Bank
REC010967,PER03981,Personal Loan,100,2010-11-14,12,Repaid,Yes Bank
REC010968,PER03982,Education Loan,80,2015-02-10,84,Repaid,Union Bank
REC010969,PER03982,Car Loan,45,2022-08-24,84,Repaid,SBI
REC010970,PER03982,Education Loan,52,2018-05-07,48,Repaid,LIC Housing Finance
REC010971,PER03982,Personal Loan,20,2021-03-18,48,Repaid,Yes Bank
REC010972,PER03983,Two-Wheeler Loan,7,2025-03-06,60,Repaid,ICICI Bank
REC010973,PER03983,Education Loan,33,2015-07-01,48,Active,IndusInd Bank
REC010974,PER03984,Home Loan,245,2019-06-19,180,Repaid,Canara Bank
REC010975,PER03984,Car Loan,17,2022-12-22,36,Defaulted,Tata Capital
REC010976,PER03984,Education Loan,72,2012-04-16,48,Defaulted,Canara Bank
REC010977,PER03984,Personal Loan,23,2023-12-25,60,Active,LIC Housing Finance
REC010978,PER03986,Home Loan,83,2025-11-14,240,Defaulted,ICICI Bank
REC010979,PER03986,Personal Loan,40,2015-05-24,48,Active,IndusInd Bank
REC010980,PER03987,Home Loan,149,2019-11-17,180,Active,IndusInd Bank
REC010981,PER03987,Home Loan,206,2015-09-12,180,Active,IDBI Bank
REC010982,PER03987,Home Loan,284,2017-04-05,360,Repaid,Axis Bank
REC010983,PER03987,Education Loan,31,2022-03-05,60,Defaulted,Axis Bank
REC010984,PER03987,Car Loan,49,2016-12-05,84,Repaid,PNB
REC010985,PER03987,Car Loan,69,2012-02-28,60,Repaid,HDFC Bank
REC010986,PER03987,Home Loan,158,2010-07-17,180,Repaid,PNB
REC010987,PER03988,Business Loan,143,2025-08-04,12,Repaid,Yes Bank
REC010988,PER03988,Home Loan,69,2012-03-24,120,Repaid,LIC Housing Finance
REC010989,PER03988,Home Loan,392,2022-07-02,360,Active,Tata Capital
REC010990,PER03988,Consumer Durable Loan,13,2025-02-04,24,Repaid,Bajaj Finserv
REC010991,PER03988,Home Loan,99,2012-01-14,180,Active,IndusInd Bank
REC010992,PER03988,Personal Loan,45,2021-11-09,36,Defaulted,SBI
REC010993,PER03989,Gold Loan,3,2020-08-03,48,Repaid,Axis Bank
REC010994,PER03989,Education Loan,31,2012-06-17,36,Repaid,Bajaj Finserv
REC010995,PER03989,Car Loan,36,2025-04-03,60,Repaid,Axis Bank
REC010996,PER03990,Personal Loan,22,2012-03-20,36,Active,Axis Bank
REC010997,PER03990,Education Loan,89,2013-06-23,48,Defaulted,Union Bank
REC010998,PER03990,Personal Loan,31,2010-02-04,24,Active,Canara Bank
REC010999,PER03990,Car Loan,74,2011-03-09,84,Defaulted,IDBI Bank
REC011000,PER03991,Personal Loan,45,2014-02-13,12,Repaid,PNB
REC011001,PER03992,Car Loan,68,2022-08-28,60,Repaid,IDBI Bank
REC011002,PER03992,Home Loan,198,2012-06-18,360,Repaid,Yes Bank
REC011003,PER03993,Car Loan,88,2011-07-15,84,Repaid,IndusInd Bank
REC011004,PER03994,Personal Loan,29,2010-11-12,60,Repaid,SBI
REC011005,PER03994,Personal Loan,41,2020-01-08,60,Active,Yes Bank
REC011006,PER03994,Personal Loan,47,2013-12-04,24,Active,Yes Bank
REC011007,PER03995,Personal Loan,27,2022-11-28,60,Defaulted,Tata Capital
REC011008,PER03995,Personal Loan,29,2011-07-10,60,Defaulted,IDBI Bank
REC011009,PER03995,Car Loan,59,2012-12-02,84,Active,Axis Bank
REC011010,PER03998,Personal Loan,38,2017-11-28,24,Repaid,LIC Housing Finance
REC011011,PER03999,Business Loan,71,2018-10-05,60,Repaid,SBI
REC011012,PER03999,Car Loan,65,2017-04-16,60,Active,PNB
REC011013,PER03999,Personal Loan,40,2011-01-21,48,Active,HDFC Bank
REC011014,PER03999,Car Loan,97,2020-12-28,48,Repaid,Yes Bank
REC011015,PER04000,Home Loan,176,2020-05-11,120,Repaid,IndusInd Bank
REC011016,PER04000,Home Loan,209,2023-01-22,360,Repaid,Axis Bank
REC011017,PER04000,Business Loan,94,2014-08-01,24,Repaid,Bank of Baroda
REC011018,PER04000,Education Loan,52,2017-09-07,60,Defaulted,PNB
REC011019,PER04001,Home Loan,217,2013-04-19,120,Repaid,Tata Capital
REC011020,PER04001,Home Loan,157,2023-01-12,300,Repaid,IndusInd Bank
REC011021,PER04003,Home Loan,127,2013-02-02,180,Repaid,IDBI Bank
REC011022,PER04004,Car Loan,59,2011-12-10,48,Repaid,LIC Housing Finance
REC011023,PER04004,Home Loan,549,2021-09-04,360,Repaid,SBI
REC011024,PER04004,Personal Loan,21,2010-05-11,48,Active,ICICI Bank
REC011025,PER04004,Car Loan,153,2020-10-17,48,Repaid,Kotak Mahindra
REC011026,PER04004,Home Loan,116,2010-05-25,240,Repaid,PNB
REC011027,PER04004,Personal Loan,26,2012-03-25,12,Repaid,Union Bank
REC011028,PER04004,Home Loan,135,2015-07-25,360,Active,IDBI Bank
REC011029,PER04005,Personal Loan,18,2017-08-14,12,Repaid,SBI
REC011030,PER04005,Business Loan,67,2013-03-14,24,Repaid,Axis Bank
REC011031,PER04006,Home Loan,199,2018-08-06,360,Repaid,Kotak Mahindra
REC011032,PER04006,Personal Loan,46,2019-06-05,12,Repaid,Tata Capital
REC011033,PER04006,Personal Loan,42,2010-12-16,12,Repaid,Bank of Baroda
REC011034,PER04007,Education Loan,35,2014-11-04,48,Repaid,HDFC Bank
REC011035,PER04007,Gold Loan,8,2019-03-19,60,Repaid,SBI
REC011036,PER04007,Home Loan,150,2012-05-17,360,Repaid,HDFC Bank
REC011037,PER04008,Personal Loan,31,2012-03-14,36,Repaid,ICICI Bank
REC011038,PER04008,Personal Loan,68,2011-05-04,48,Repaid,LIC Housing Finance
REC011039,PER04009,Home Loan,94,2013-12-14,180,Active,IDBI Bank
REC011040,PER04009,Two-Wheeler Loan,4,2017-11-06,24,Repaid,Bajaj Finserv
REC011041,PER04011,Personal Loan,16,2015-01-23,36,Repaid,IDBI Bank
REC011042,PER04011,Education Loan,45,2010-04-22,48,Repaid,Bajaj Finserv
REC011043,PER04011,Personal Loan,34,2011-05-03,48,Repaid,IDBI Bank
REC011044,PER04013,Car Loan,41,2023-06-22,84,Active,Kotak Mahindra
REC011045,PER04013,Education Loan,48,2014-04-15,36,Defaulted,Axis Bank
REC011046,PER04015,Business Loan,134,2019-12-15,48,Active,Axis Bank
REC011047,PER04015,Education Loan,65,2025-08-09,48,Repaid,LIC Housing Finance
REC011048,PER04016,Personal Loan,29,2024-08-07,12,Defaulted,IDBI Bank
REC011049,PER04016,Education Loan,77,2014-09-08,60,Active,Bajaj Finserv
REC011050,PER04016,Personal Loan,24,2011-01-19,60,Repaid,LIC Housing Finance
REC011051,PER04018,Gold Loan,9,2017-04-06,24,Defaulted,LIC Housing Finance
REC011052,PER04019,Home Loan,240,2012-08-14,240,Repaid,SBI
REC011053,PER04019,Personal Loan,30,2025-08-15,60,Active,HDFC Bank
REC011054,PER04019,Gold Loan,14,2025-06-07,24,Repaid,PNB
REC011055,PER04020,Car Loan,126,2024-04-13,60,Repaid,Axis Bank
REC011056,PER04020,Personal Loan,34,2018-09-07,36,Active,Union Bank
REC011057,PER04020,Personal Loan,49,2025-02-07,12,Repaid,Kotak Mahindra
REC011058,PER04020,Home Loan,304,2025-07-05,240,Defaulted,LIC Housing Finance
REC011059,PER04021,Education Loan,63,2024-12-03,36,Repaid,Canara Bank
REC011060,PER04021,Education Loan,124,2024-12-15,84,Defaulted,IDBI Bank
REC011061,PER04022,Home Loan,182,2012-05-04,240,Repaid,PNB
REC011062,PER04022,Car Loan,36,2013-05-21,36,Repaid,Bajaj Finserv
REC011063,PER04022,Personal Loan,23,2023-10-15,24,Repaid,Yes Bank
REC011064,PER04022,Home Loan,580,2018-08-12,180,Active,Bajaj Finserv
REC011065,PER04023,Home Loan,187,2024-02-14,240,Defaulted,SBI
REC011066,PER04025,Home Loan,206,2018-08-10,180,Active,SBI
REC011067,PER04026,Two-Wheeler Loan,2,2022-08-25,12,Defaulted,Yes Bank
REC011068,PER04026,Car Loan,48,2017-10-21,36,Repaid,LIC Housing Finance
REC011069,PER04026,Business Loan,101,2020-06-15,12,Active,ICICI Bank
REC011070,PER04026,Home Loan,178,2010-06-13,240,Active,HDFC Bank
REC011071,PER04027,Gold Loan,10,2022-03-03,36,Defaulted,HDFC Bank
REC011072,PER04027,Home Loan,70,2013-01-25,300,Active,IDBI Bank
REC011073,PER04027,Home Loan,325,2017-09-26,120,Defaulted,ICICI Bank
REC011074,PER04028,Home Loan,319,2021-11-24,120,Repaid,IDBI Bank
REC011075,PER04028,Home Loan,139,2018-01-28,300,Repaid,HDFC Bank
REC011076,PER04029,Personal Loan,31,2015-04-22,60,Active,Axis Bank
REC011077,PER04029,Car Loan,56,2010-11-17,60,Active,Yes Bank
REC011078,PER04029,Home Loan,164,2011-05-16,180,Active,Union Bank
REC011079,PER04030,Car Loan,67,2020-12-04,84,Active,HDFC Bank
REC011080,PER04030,Home Loan,206,2013-10-21,120,Repaid,Bank of Baroda
REC011081,PER04030,Home Loan,195,2021-06-02,240,Repaid,Kotak Mahindra
REC011082,PER04031,Home Loan,174,2014-10-27,180,Repaid,ICICI Bank
REC011083,PER04032,Business Loan,69,2018-06-16,36,Repaid,Tata Capital
REC011084,PER04032,Education Loan,49,2012-06-21,60,Repaid,Canara Bank
REC011085,PER04032,Education Loan,24,2018-04-22,84,Repaid,IDBI Bank
REC011086,PER04032,Personal Loan,44,2022-06-14,24,Repaid,ICICI Bank
REC011087,PER04032,Business Loan,80,2017-06-17,12,Repaid,Union Bank
REC011088,PER04032,Car Loan,100,2024-08-01,84,Active,HDFC Bank
REC011089,PER04032,Personal Loan,45,2017-04-07,24,Repaid,Canara Bank
REC011090,PER04033,Home Loan,198,2014-03-17,120,Defaulted,Axis Bank
REC011091,PER04033,Personal Loan,28,2024-12-22,24,Defaulted,IDBI Bank
REC011092,PER04034,Gold Loan,9,2014-06-09,12,Active,Kotak Mahindra
REC011093,PER04034,Home Loan,119,2023-01-09,180,Repaid,Tata Capital
REC011094,PER04035,Education Loan,31,2017-05-22,48,Repaid,SBI
REC011095,PER04035,Car Loan,66,2017-12-08,84,Repaid,LIC Housing Finance
REC011096,PER04035,Home Loan,249,2010-07-10,300,Repaid,LIC Housing Finance
REC011097,PER04035,Home Loan,131,2013-10-24,120,Repaid,Kotak Mahindra
REC011098,PER04035,Car Loan,44,2017-02-10,36,Repaid,PNB
REC011099,PER04036,Two-Wheeler Loan,14,2023-07-06,48,Repaid,SBI
REC011100,PER04037,Two-Wheeler Loan,2,2010-11-08,60,Repaid,Canara Bank
REC011101,PER04037,Education Loan,39,2022-10-09,48,Defaulted,Canara Bank
REC011102,PER04038,Business Loan,54,2023-11-15,60,Repaid,IDBI Bank
REC011103,PER04040,Home Loan,586,2012-07-11,240,Repaid,ICICI Bank
REC011104,PER04040,Car Loan,45,2020-08-12,36,Active,SBI
REC011105,PER04040,Home Loan,319,2012-10-05,300,Repaid,SBI
REC011106,PER04041,Personal Loan,23,2017-06-26,36,Repaid,ICICI Bank
REC011107,PER04041,Business Loan,21,2019-01-14,36,Repaid,SBI
REC011108,PER04043,Home Loan,67,2025-01-23,240,Defaulted,HDFC Bank
REC011109,PER04044,Personal Loan,38,2022-06-24,12,Active,HDFC Bank
REC011110,PER04045,Personal Loan,16,2012-03-05,24,Active,Canara Bank
REC011111,PER04046,Home Loan,168,2023-03-06,360,Defaulted,ICICI Bank
REC011112,PER04048,Car Loan,35,2012-09-10,84,Active,Tata Capital
REC011113,PER04048,Home Loan,266,2018-05-25,300,Repaid,IDBI Bank
REC011114,PER04048,Home Loan,188,2020-01-16,240,Repaid,Tata Capital
REC011115,PER04049,Education Loan,16,2017-03-25,84,Active,ICICI Bank
REC011116,PER04049,Car Loan,45,2019-12-09,60,Repaid,LIC Housing Finance
REC011117,PER04050,Home Loan,221,2019-01-14,180,Repaid,Bajaj Finserv
REC011118,PER04051,Home Loan,69,2019-02-23,180,Repaid,IDBI Bank
REC011119,PER04051,Car Loan,34,2010-04-20,48,Repaid,PNB
REC011120,PER04052,Education Loan,48,2024-12-24,36,Active,Axis Bank
REC011121,PER04052,Home Loan,393,2019-10-25,300,Repaid,Axis Bank
REC011122,PER04053,Personal Loan,13,2013-02-14,12,Active,IDBI Bank
REC011123,PER04054,Personal Loan,7,2013-09-18,24,Active,PNB
REC011124,PER04055,Personal Loan,15,2022-09-03,36,Repaid,ICICI Bank
REC011125,PER04055,Personal Loan,100,2020-09-26,24,Repaid,ICICI Bank
REC011126,PER04056,Car Loan,34,2012-09-15,84,Defaulted,Kotak Mahindra
REC011127,PER04056,Education Loan,44,2020-01-18,60,Active,Union Bank
REC011128,PER04056,Car Loan,29,2013-09-12,84,Active,Yes Bank
REC011129,PER04058,Car Loan,48,2024-10-06,60,Repaid,SBI
REC011130,PER04058,Home Loan,113,2019-08-18,180,Repaid,Union Bank
REC011131,PER04058,Car Loan,68,2020-01-09,60,Repaid,PNB
REC011132,PER04058,Car Loan,43,2010-01-23,48,Repaid,Axis Bank
REC011133,PER04058,Car Loan,65,2016-01-01,36,Defaulted,SBI
REC011134,PER04058,Education Loan,22,2023-02-16,60,Defaulted,Bajaj Finserv
REC011135,PER04059,Home Loan,190,2020-02-18,120,Defaulted,Tata Capital
REC011136,PER04059,Car Loan,63,2013-02-26,36,Active,Kotak Mahindra
REC011137,PER04059,Home Loan,63,2015-12-06,300,Repaid,IndusInd Bank
REC011138,PER04060,Personal Loan,21,2014-12-09,48,Active,Kotak Mahindra
REC011139,PER04060,Personal Loan,36,2022-09-19,36,Active,IndusInd Bank
REC011140,PER04061,Home Loan,294,2014-10-02,180,Active,Bank of Baroda
REC011141,PER04061,Two-Wheeler Loan,5,2025-04-15,24,Repaid,Tata Capital
REC011142,PER04062,Home Loan,83,2023-03-05,180,Active,Axis Bank
REC011143,PER04062,Car Loan,19,2011-11-05,60,Active,PNB
REC011144,PER04062,Personal Loan,17,2017-03-23,36,Repaid,PNB
REC011145,PER04063,Home Loan,355,2012-04-11,180,Active,HDFC Bank
REC011146,PER04063,Home Loan,474,2015-04-09,360,Repaid,Union Bank
REC011147,PER04063,Home Loan,115,2015-04-05,120,Repaid,Tata Capital
REC011148,PER04064,Car Loan,57,2018-10-01,48,Defaulted,Bank of Baroda
REC011149,PER04066,Home Loan,135,2012-11-21,240,Repaid,Axis Bank
REC011150,PER04066,Personal Loan,46,2022-09-23,12,Repaid,Yes Bank
REC011151,PER04067,Personal Loan,56,2025-06-09,24,Repaid,Union Bank
REC011152,PER04067,Home Loan,103,2022-02-13,300,Defaulted,Canara Bank
REC011153,PER04068,Home Loan,222,2010-09-08,240,Repaid,HDFC Bank
REC011154,PER04068,Home Loan,227,2016-01-04,360,Repaid,Kotak Mahindra
REC011155,PER04069,Education Loan,27,2025-07-22,84,Repaid,PNB
REC011156,PER04070,Home Loan,179,2016-01-01,240,Defaulted,HDFC Bank
REC011157,PER04070,Car Loan,38,2024-11-03,48,Repaid,IndusInd Bank
REC011158,PER04070,Home Loan,96,2024-11-02,120,Repaid,PNB
REC011159,PER04071,Personal Loan,43,2016-03-25,60,Active,Tata Capital
REC011160,PER04071,Home Loan,233,2017-07-04,180,Defaulted,ICICI Bank
REC011161,PER04071,Consumer Durable Loan,8,2024-07-08,24,Active,Canara Bank
REC011162,PER04072,Home Loan,228,2025-02-23,360,Repaid,Axis Bank
REC011163,PER04072,Personal Loan,43,2011-07-27,60,Repaid,Axis Bank
REC011164,PER04072,Car Loan,55,2021-07-11,48,Repaid,Canara Bank
REC011165,PER04072,Home Loan,210,2010-03-11,180,Active,IndusInd Bank
REC011166,PER04073,Home Loan,344,2010-02-28,360,Defaulted,ICICI Bank
REC011167,PER04073,Home Loan,339,2015-12-12,180,Repaid,Union Bank
REC011168,PER04074,Business Loan,214,2022-03-14,24,Active,LIC Housing Finance
REC011169,PER04074,Home Loan,402,2021-02-12,120,Defaulted,Canara Bank
REC011170,PER04074,Home Loan,282,2017-01-19,360,Repaid,Yes Bank
REC011171,PER04074,Two-Wheeler Loan,18,2022-11-13,48,Repaid,Axis Bank
REC011172,PER04076,Car Loan,48,2020-07-04,36,Active,LIC Housing Finance
REC011173,PER04076,Personal Loan,42,2020-07-08,60,Defaulted,ICICI Bank
REC011174,PER04076,Personal Loan,66,2023-11-23,24,Defaulted,HDFC Bank
REC011175,PER04079,Personal Loan,50,2012-10-17,12,Repaid,Yes Bank
REC011176,PER04081,Car Loan,29,2011-09-19,48,Repaid,SBI
REC011177,PER04081,Car Loan,59,2017-10-14,60,Repaid,Bajaj Finserv
REC011178,PER04081,Business Loan,136,2025-07-21,12,Defaulted,Bank of Baroda
REC011179,PER04081,Car Loan,76,2016-12-21,60,Repaid,Axis Bank
REC011180,PER04081,Car Loan,46,2014-02-18,84,Repaid,LIC Housing Finance
REC011181,PER04082,Home Loan,227,2010-07-19,240,Active,Bajaj Finserv
REC011182,PER04082,Personal Loan,90,2025-09-24,12,Repaid,SBI
REC011183,PER04082,Home Loan,196,2015-12-12,240,Defaulted,Bajaj Finserv
REC011184,PER04082,Personal Loan,52,2020-05-03,24,Defaulted,Union Bank
REC011185,PER04082,Car Loan,87,2012-03-01,36,Repaid,Yes Bank
REC011186,PER04084,Personal Loan,29,2025-07-19,60,Repaid,Bajaj Finserv
REC011187,PER04084,Personal Loan,16,2014-10-22,36,Repaid,Union Bank
REC011188,PER04084,Home Loan,164,2024-08-15,300,Active,ICICI Bank
REC011189,PER04084,Personal Loan,52,2018-01-14,36,Active,PNB
REC011190,PER04084,Car Loan,41,2025-07-02,60,Active,Kotak Mahindra
REC011191,PER04084,Business Loan,75,2017-05-06,12,Repaid,Kotak Mahindra
REC011192,PER04084,Gold Loan,22,2017-09-04,60,Repaid,SBI
REC011193,PER04085,Gold Loan,26,2025-09-27,36,Active,Bank of Baroda
REC011194,PER04085,Home Loan,134,2010-02-22,120,Repaid,HDFC Bank
REC011195,PER04086,Car Loan,57,2020-02-27,48,Repaid,Bank of Baroda
REC011196,PER04086,Personal Loan,8,2014-12-26,24,Repaid,Kotak Mahindra
REC011197,PER04086,Business Loan,35,2025-05-11,12,Active,SBI
REC011198,PER04087,Personal Loan,50,2017-03-14,48,Active,HDFC Bank
REC011199,PER04087,Education Loan,58,2025-03-16,36,Defaulted,Axis Bank
REC011200,PER04087,Home Loan,248,2014-05-03,300,Active,Bajaj Finserv
REC011201,PER04087,Gold Loan,9,2024-02-20,48,Repaid,Yes Bank
REC011202,PER04087,Education Loan,45,2022-09-21,48,Repaid,Tata Capital
REC011203,PER04087,Gold Loan,22,2011-09-26,48,Active,PNB
REC011204,PER04087,Car Loan,84,2020-12-10,48,Repaid,Yes Bank
REC011205,PER04088,Gold Loan,12,2022-12-22,48,Active,SBI
REC011206,PER04088,Home Loan,243,2015-08-04,300,Defaulted,Bank of Baroda
REC011207,PER04089,Home Loan,115,2025-08-20,300,Defaulted,Bank of Baroda
REC011208,PER04090,Home Loan,179,2013-08-15,360,Active,Union Bank
REC011209,PER04090,Personal Loan,100,2016-07-01,60,Defaulted,Canara Bank
REC011210,PER04090,Personal Loan,91,2024-04-10,12,Active,LIC Housing Finance
REC011211,PER04091,Car Loan,75,2023-02-28,48,Active,Kotak Mahindra
REC011212,PER04091,Car Loan,66,2015-11-11,84,Repaid,Bajaj Finserv
REC011213,PER04091,Home Loan,87,2012-03-08,240,Repaid,SBI
REC011214,PER04091,Business Loan,187,2020-10-16,12,Repaid,PNB
REC011215,PER04092,Car Loan,52,2018-12-01,84,Repaid,Kotak Mahindra
REC011216,PER04092,Home Loan,332,2020-08-21,360,Repaid,Tata Capital
REC011217,PER04093,Car Loan,68,2014-03-02,60,Repaid,Canara Bank
REC011218,PER04093,Home Loan,116,2019-04-11,240,Repaid,Canara Bank
REC011219,PER04093,Personal Loan,12,2010-04-11,60,Repaid,Axis Bank
REC011220,PER04093,Personal Loan,24,2017-10-04,48,Repaid,Union Bank
REC011221,PER04093,Car Loan,98,2014-01-22,36,Repaid,Bank of Baroda
REC011222,PER04093,Home Loan,152,2023-03-07,240,Active,Bajaj Finserv
REC011223,PER04093,Two-Wheeler Loan,8,2016-11-02,24,Repaid,Bank of Baroda
REC011224,PER04094,Personal Loan,33,2011-02-26,60,Repaid,Yes Bank
REC011225,PER04094,Personal Loan,40,2024-04-07,48,Repaid,ICICI Bank
REC011226,PER04095,Personal Loan,34,2019-03-28,60,Active,Tata Capital
REC011227,PER04095,Consumer Durable Loan,12,2020-05-22,12,Repaid,PNB
REC011228,PER04096,Education Loan,45,2023-06-04,60,Defaulted,ICICI Bank
REC011229,PER04096,Two-Wheeler Loan,11,2011-02-12,60,Repaid,Bajaj Finserv
REC011230,PER04096,Home Loan,194,2011-04-17,120,Active,HDFC Bank
REC011231,PER04096,Personal Loan,30,2014-12-18,36,Active,Kotak Mahindra
REC011232,PER04096,Car Loan,66,2018-06-04,48,Repaid,Union Bank
REC011233,PER04097,Car Loan,36,2010-04-21,36,Repaid,Tata Capital
REC011234,PER04098,Car Loan,70,2025-11-01,36,Active,HDFC Bank
REC011235,PER04098,Home Loan,145,2025-09-13,240,Repaid,LIC Housing Finance
REC011236,PER04098,Car Loan,92,2016-10-14,60,Repaid,Bajaj Finserv
REC011237,PER04098,Home Loan,101,2010-01-28,120,Repaid,Yes Bank
REC011238,PER04098,Home Loan,214,2017-05-25,180,Active,ICICI Bank
REC011239,PER04098,Home Loan,440,2013-01-07,360,Repaid,Bajaj Finserv
REC011240,PER04099,Car Loan,73,2023-09-01,36,Defaulted,LIC Housing Finance
REC011241,PER04100,Business Loan,83,2012-06-23,60,Repaid,ICICI Bank
REC011242,PER04100,Two-Wheeler Loan,8,2024-05-23,60,Repaid,Bajaj Finserv
REC011243,PER04100,Personal Loan,34,2014-01-04,48,Active,Kotak Mahindra
REC011244,PER04100,Home Loan,220,2015-11-04,360,Repaid,Canara Bank
REC011245,PER04100,Home Loan,172,2017-11-06,360,Repaid,SBI
REC011246,PER04101,Car Loan,54,2023-11-14,48,Active,Tata Capital
REC011247,PER04101,Personal Loan,20,2016-08-05,48,Repaid,SBI
REC011248,PER04101,Car Loan,19,2022-05-21,36,Repaid,Yes Bank
REC011249,PER04102,Home Loan,334,2021-06-17,300,Defaulted,Bank of Baroda
REC011250,PER04102,Home Loan,191,2010-08-05,240,Defaulted,IDBI Bank
REC011251,PER04102,Business Loan,194,2024-01-12,60,Repaid,Bank of Baroda
REC011252,PER04102,Personal Loan,10,2017-07-07,60,Active,Axis Bank
REC011253,PER04103,Personal Loan,85,2019-11-07,24,Active,Axis Bank
REC011254,PER04103,Business Loan,93,2016-04-11,24,Active,Yes Bank
REC011255,PER04104,Home Loan,115,2015-07-07,360,Active,Bank of Baroda
REC011256,PER04104,Gold Loan,6,2016-01-01,12,Repaid,IndusInd Bank
REC011257,PER04104,Two-Wheeler Loan,4,2014-06-19,48,Repaid,LIC Housing Finance
REC011258,PER04104,Business Loan,38,2023-11-03,48,Repaid,IndusInd Bank
REC011259,PER04106,Car Loan,61,2022-06-02,60,Repaid,Yes Bank
REC011260,PER04106,Personal Loan,35,2016-11-10,60,Repaid,Axis Bank
REC011261,PER04107,Education Loan,25,2023-10-09,48,Repaid,LIC Housing Finance
REC011262,PER04107,Car Loan,61,2020-12-17,60,Repaid,Kotak Mahindra
REC011263,PER04107,Car Loan,69,2018-10-16,36,Repaid,ICICI Bank
REC011264,PER04108,Home Loan,71,2017-02-21,120,Defaulted,PNB
REC011265,PER04108,Home Loan,208,2023-11-15,180,Defaulted,Tata Capital
REC011266,PER04108,Business Loan,111,2012-07-01,60,Active,LIC Housing Finance
REC011267,PER04109,Car Loan,55,2017-02-26,84,Defaulted,IDBI Bank
REC011268,PER04109,Car Loan,44,2014-11-17,84,Active,IDBI Bank
REC011269,PER04110,Personal Loan,28,2012-04-17,36,Defaulted,PNB
REC011270,PER04111,Personal Loan,27,2025-02-11,36,Repaid,Bank of Baroda
REC011271,PER04112,Personal Loan,34,2018-06-13,60,Defaulted,SBI
REC011272,PER04112,Home Loan,235,2025-06-06,120,Defaulted,Axis Bank
REC011273,PER04113,Personal Loan,9,2010-02-15,24,Repaid,IndusInd Bank
REC011274,PER04113,Education Loan,69,2019-03-07,36,Repaid,PNB
REC011275,PER04113,Home Loan,150,2020-05-26,240,Repaid,Kotak Mahindra
REC011276,PER04115,Education Loan,36,2020-09-06,60,Repaid,IDBI Bank
REC011277,PER04115,Personal Loan,43,2018-06-11,60,Repaid,Canara Bank
REC011278,PER04115,Home Loan,78,2014-01-20,360,Repaid,Yes Bank
REC011279,PER04115,Business Loan,500,2021-09-28,48,Active,SBI
REC011280,PER04115,Gold Loan,19,2025-12-14,36,Repaid,Kotak Mahindra
REC011281,PER04115,Personal Loan,12,2010-06-15,48,Repaid,HDFC Bank
REC011282,PER04115,Education Loan,20,2024-05-05,84,Repaid,Kotak Mahindra
REC011283,PER04116,Home Loan,422,2024-02-07,240,Repaid,Kotak Mahindra
REC011284,PER04116,Car Loan,26,2023-09-14,84,Defaulted,Union Bank
REC011285,PER04116,Home Loan,189,2025-09-03,120,Repaid,ICICI Bank
REC011286,PER04117,Personal Loan,36,2019-01-28,24,Defaulted,Bajaj Finserv
REC011287,PER04118,Education Loan,53,2019-06-13,60,Repaid,ICICI Bank
REC011288,PER04118,Education Loan,56,2016-01-25,48,Defaulted,Bajaj Finserv
REC011289,PER04118,Car Loan,39,2011-12-02,60,Repaid,PNB
REC011290,PER04118,Gold Loan,13,2015-10-03,48,Defaulted,IndusInd Bank
REC011291,PER04119,Car Loan,51,2017-02-08,84,Repaid,HDFC Bank
REC011292,PER04119,Home Loan,310,2013-12-13,240,Defaulted,Union Bank
REC011293,PER04120,Home Loan,79,2014-08-24,360,Repaid,Kotak Mahindra
REC011294,PER04120,Personal Loan,23,2010-03-23,48,Repaid,IDBI Bank
REC011295,PER04120,Personal Loan,27,2018-08-27,12,Repaid,Tata Capital
REC011296,PER04120,Home Loan,113,2014-03-08,240,Defaulted,Union Bank
REC011297,PER04120,Home Loan,136,2018-08-09,180,Repaid,ICICI Bank
REC011298,PER04120,Personal Loan,21,2020-05-13,24,Active,IDBI Bank
REC011299,PER04121,Car Loan,74,2013-05-15,48,Repaid,Yes Bank
REC011300,PER04121,Home Loan,115,2015-10-09,360,Repaid,Bajaj Finserv
REC011301,PER04121,Education Loan,22,2016-03-26,48,Repaid,ICICI Bank
REC011302,PER04121,Car Loan,36,2025-04-15,84,Active,PNB
REC011303,PER04121,Business Loan,45,2018-06-09,48,Repaid,Bank of Baroda
REC011304,PER04121,Education Loan,41,2010-07-17,48,Repaid,ICICI Bank
REC011305,PER04121,Personal Loan,26,2012-10-23,24,Repaid,Kotak Mahindra
REC011306,PER04122,Business Loan,121,2024-12-15,48,Defaulted,Union Bank
REC011307,PER04122,Home Loan,381,2010-08-02,180,Repaid,Canara Bank
REC011308,PER04123,Gold Loan,8,2015-02-03,24,Active,Bajaj Finserv
REC011309,PER04123,Car Loan,46,2017-06-23,60,Active,Yes Bank
REC011310,PER04123,Personal Loan,64,2017-04-04,60,Repaid,Bajaj Finserv
REC011311,PER04123,Home Loan,162,2019-05-08,240,Active,SBI
REC011312,PER04123,Gold Loan,18,2016-02-28,36,Active,Kotak Mahindra
REC011313,PER04124,Home Loan,210,2011-03-05,180,Defaulted,Kotak Mahindra
REC011314,PER04124,Home Loan,691,2014-09-13,300,Defaulted,Canara Bank
REC011315,PER04125,Home Loan,104,2017-04-03,240,Defaulted,Canara Bank
REC011316,PER04126,Car Loan,62,2021-12-20,36,Defaulted,ICICI Bank
REC011317,PER04126,Car Loan,94,2019-03-18,48,Active,Union Bank
REC011318,PER04126,Education Loan,17,2010-01-15,48,Repaid,Union Bank
REC011319,PER04126,Education Loan,66,2022-06-25,48,Repaid,Tata Capital
REC011320,PER04126,Home Loan,421,2010-11-18,240,Repaid,Tata Capital
REC011321,PER04127,Personal Loan,52,2024-08-04,60,Active,Bajaj Finserv
REC011322,PER04127,Education Loan,60,2018-09-27,48,Repaid,Union Bank
REC011323,PER04127,Education Loan,13,2013-10-13,60,Defaulted,Axis Bank
REC011324,PER04128,Education Loan,25,2010-02-26,48,Defaulted,PNB
REC011325,PER04129,Home Loan,87,2024-09-17,240,Active,LIC Housing Finance
REC011326,PER04129,Business Loan,44,2018-10-11,60,Active,Axis Bank
REC011327,PER04129,Education Loan,19,2015-04-05,36,Repaid,LIC Housing Finance
REC011328,PER04129,Business Loan,43,2012-05-28,60,Repaid,Canara Bank
REC011329,PER04129,Home Loan,120,2025-05-07,240,Active,LIC Housing Finance
REC011330,PER04130,Two-Wheeler Loan,5,2021-12-12,12,Active,HDFC Bank
REC011331,PER04131,Education Loan,33,2011-09-04,60,Repaid,Yes Bank
REC011332,PER04131,Car Loan,31,2014-09-24,84,Repaid,Bajaj Finserv
REC011333,PER04131,Business Loan,121,2018-07-15,48,Repaid,Axis Bank
REC011334,PER04131,Business Loan,78,2023-10-09,60,Repaid,Kotak Mahindra
REC011335,PER04131,Gold Loan,16,2017-09-12,60,Active,Bank of Baroda
REC011336,PER04132,Education Loan,39,2023-01-26,84,Active,PNB
REC011337,PER04133,Car Loan,64,2025-08-07,36,Active,IDBI Bank
REC011338,PER04133,Car Loan,39,2015-03-17,36,Active,PNB
REC011339,PER04133,Personal Loan,46,2015-09-20,36,Active,HDFC Bank
REC011340,PER04134,Car Loan,58,2017-10-04,84,Repaid,IndusInd Bank
REC011341,PER04134,Personal Loan,32,2019-09-23,24,Repaid,Axis Bank
REC011342,PER04134,Education Loan,104,2012-04-17,48,Repaid,SBI
REC011343,PER04134,Personal Loan,74,2022-07-18,60,Defaulted,Canara Bank
REC011344,PER04134,Personal Loan,30,2015-02-10,24,Active,PNB
REC011345,PER04135,Gold Loan,5,2013-10-27,60,Repaid,HDFC Bank
REC011346,PER04135,Personal Loan,43,2011-09-01,12,Repaid,SBI
REC011347,PER04135,Personal Loan,63,2015-11-09,24,Repaid,HDFC Bank
REC011348,PER04135,Personal Loan,33,2012-02-17,24,Repaid,Bank of Baroda
REC011349,PER04136,Education Loan,32,2018-06-06,36,Repaid,IndusInd Bank
REC011350,PER04136,Personal Loan,22,2025-04-28,12,Defaulted,SBI
REC011351,PER04137,Consumer Durable Loan,6,2018-07-06,12,Repaid,Canara Bank
REC011352,PER04137,Car Loan,70,2013-08-13,60,Repaid,SBI
REC011353,PER04137,Education Loan,86,2010-01-14,84,Defaulted,Union Bank
REC011354,PER04138,Home Loan,114,2017-08-01,360,Active,Bank of Baroda
REC011355,PER04139,Two-Wheeler Loan,1,2019-03-15,60,Repaid,Kotak Mahindra
REC011356,PER04141,Personal Loan,42,2014-04-14,12,Defaulted,Kotak Mahindra
REC011357,PER04141,Personal Loan,37,2019-05-26,12,Repaid,PNB
REC011358,PER04141,Car Loan,23,2015-09-07,60,Repaid,Bank of Baroda
REC011359,PER04141,Personal Loan,39,2023-06-23,48,Defaulted,Bajaj Finserv
REC011360,PER04141,Home Loan,309,2022-05-22,240,Repaid,HDFC Bank
REC011361,PER04142,Consumer Durable Loan,14,2021-06-13,36,Repaid,HDFC Bank
REC011362,PER04142,Home Loan,406,2018-09-27,360,Repaid,Axis Bank
REC011363,PER04143,Home Loan,139,2013-01-11,180,Active,Bank of Baroda
REC011364,PER04143,Home Loan,210,2012-02-20,240,Repaid,PNB
REC011365,PER04143,Car Loan,57,2016-10-04,36,Active,Union Bank
REC011366,PER04143,Car Loan,84,2011-10-18,48,Repaid,Axis Bank
REC011367,PER04144,Car Loan,44,2021-12-13,60,Repaid,Bajaj Finserv
REC011368,PER04144,Home Loan,184,2013-12-09,120,Defaulted,Yes Bank
REC011369,PER04144,Personal Loan,42,2014-07-20,24,Active,Bank of Baroda
REC011370,PER04145,Home Loan,181,2022-07-11,180,Defaulted,Axis Bank
REC011371,PER04145,Home Loan,174,2011-10-09,180,Defaulted,IndusInd Bank
REC011372,PER04146,Home Loan,385,2010-11-17,120,Repaid,Bajaj Finserv
REC011373,PER04146,Personal Loan,74,2021-08-27,48,Active,ICICI Bank
REC011374,PER04146,Personal Loan,28,2012-12-01,48,Defaulted,Yes Bank
REC011375,PER04147,Car Loan,42,2025-06-28,60,Repaid,SBI
REC011376,PER04147,Education Loan,84,2013-01-18,36,Repaid,Yes Bank
REC011377,PER04147,Home Loan,135,2010-08-02,240,Active,LIC Housing Finance
REC011378,PER04148,Personal Loan,37,2013-12-03,36,Defaulted,ICICI Bank
REC011379,PER04149,Education Loan,41,2022-11-03,60,Repaid,LIC Housing Finance
REC011380,PER04150,Personal Loan,61,2011-03-12,12,Active,Canara Bank
REC011381,PER04150,Education Loan,64,2016-04-02,60,Defaulted,Yes Bank
REC011382,PER04150,Home Loan,209,2019-03-15,300,Active,SBI
REC011383,PER04150,Education Loan,56,2016-12-18,60,Defaulted,LIC Housing Finance
REC011384,PER04150,Home Loan,228,2019-05-09,300,Active,Kotak Mahindra
REC011385,PER04151,Education Loan,30,2025-04-16,60,Repaid,SBI
REC011386,PER04151,Home Loan,174,2015-05-02,360,Active,Yes Bank
REC011387,PER04151,Home Loan,185,2021-02-15,180,Active,Tata Capital
REC011388,PER04151,Consumer Durable Loan,7,2015-10-14,36,Active,Union Bank
REC011389,PER04152,Education Loan,38,2021-01-16,84,Repaid,Union Bank
REC011390,PER04152,Home Loan,151,2024-11-11,300,Defaulted,SBI
REC011391,PER04152,Personal Loan,100,2019-02-01,60,Active,LIC Housing Finance
REC011392,PER04152,Gold Loan,13,2013-09-08,48,Repaid,Union Bank
REC011393,PER04153,Business Loan,204,2023-01-14,36,Repaid,Bajaj Finserv
REC011394,PER04153,Personal Loan,99,2011-12-02,12,Active,HDFC Bank
REC011395,PER04154,Car Loan,41,2018-01-16,48,Repaid,IndusInd Bank
REC011396,PER04154,Home Loan,141,2023-08-05,360,Active,IndusInd Bank
REC011397,PER04155,Personal Loan,100,2025-10-24,48,Repaid,Bajaj Finserv
REC011398,PER04155,Personal Loan,58,2013-06-24,24,Active,Bank of Baroda
REC011399,PER04155,Personal Loan,33,2017-10-17,48,Repaid,IDBI Bank
REC011400,PER04156,Home Loan,136,2023-11-03,240,Repaid,Union Bank
REC011401,PER04156,Gold Loan,8,2020-09-06,48,Repaid,IDBI Bank
REC011402,PER04157,Gold Loan,17,2010-11-10,24,Repaid,Bank of Baroda
REC011403,PER04158,Home Loan,156,2022-04-13,360,Repaid,Bajaj Finserv
REC011404,PER04158,Home Loan,272,2015-11-26,300,Repaid,HDFC Bank
REC011405,PER04158,Car Loan,99,2014-12-25,48,Active,Yes Bank
REC011406,PER04159,Two-Wheeler Loan,9,2025-07-02,24,Active,Kotak Mahindra
REC011407,PER04159,Consumer Durable Loan,3,2022-11-01,60,Repaid,SBI
REC011408,PER04159,Home Loan,179,2013-01-09,240,Active,Union Bank
REC011409,PER04159,Personal Loan,52,2012-02-17,12,Repaid,HDFC Bank
REC011410,PER04159,Home Loan,155,2021-04-03,180,Repaid,Tata Capital
REC011411,PER04159,Two-Wheeler Loan,13,2012-05-28,12,Active,LIC Housing Finance
REC011412,PER04159,Home Loan,96,2010-06-13,360,Repaid,ICICI Bank
REC011413,PER04160,Car Loan,28,2013-04-09,36,Defaulted,IndusInd Bank
REC011414,PER04160,Home Loan,171,2023-07-24,300,Defaulted,Axis Bank
REC011415,PER04160,Personal Loan,100,2014-04-05,12,Active,IDBI Bank
REC011416,PER04160,Home Loan,140,2011-08-11,180,Active,HDFC Bank
REC011417,PER04161,Personal Loan,38,2017-03-21,60,Active,Tata Capital
REC011418,PER04161,Business Loan,92,2019-07-21,12,Active,LIC Housing Finance
REC011419,PER04161,Car Loan,43,2020-09-24,60,Repaid,IndusInd Bank
REC011420,PER04161,Car Loan,105,2010-10-16,60,Active,Bajaj Finserv
REC011421,PER04161,Personal Loan,64,2023-03-05,60,Repaid,Kotak Mahindra
REC011422,PER04162,Personal Loan,44,2018-07-27,24,Defaulted,HDFC Bank
REC011423,PER04163,Home Loan,104,2016-10-27,180,Repaid,Bank of Baroda
REC011424,PER04163,Two-Wheeler Loan,18,2025-03-26,36,Repaid,ICICI Bank
REC011425,PER04163,Home Loan,175,2016-02-20,360,Repaid,PNB
REC011426,PER04163,Home Loan,113,2017-01-14,240,Repaid,Canara Bank
REC011427,PER04163,Home Loan,217,2014-10-02,120,Repaid,Canara Bank
REC011428,PER04163,Home Loan,201,2012-10-21,360,Repaid,Bank of Baroda
REC011429,PER04165,Personal Loan,83,2019-04-02,48,Active,Yes Bank
REC011430,PER04166,Personal Loan,46,2019-02-11,36,Repaid,Union Bank
REC011431,PER04166,Home Loan,242,2021-08-04,300,Defaulted,IDBI Bank
REC011432,PER04167,Car Loan,44,2022-04-17,48,Repaid,HDFC Bank
REC011433,PER04167,Education Loan,49,2017-03-12,48,Repaid,HDFC Bank
REC011434,PER04167,Education Loan,63,2014-04-14,36,Repaid,Canara Bank
REC011435,PER04168,Home Loan,150,2019-03-28,360,Repaid,Kotak Mahindra
REC011436,PER04168,Personal Loan,23,2010-12-20,60,Repaid,LIC Housing Finance
REC011437,PER04168,Personal Loan,38,2013-04-25,60,Repaid,Yes Bank
REC011438,PER04168,Personal Loan,23,2018-04-18,60,Repaid,SBI
REC011439,PER04169,Home Loan,120,2023-04-12,300,Active,Bajaj Finserv
REC011440,PER04169,Business Loan,48,2012-11-05,24,Repaid,Bajaj Finserv
REC011441,PER04169,Business Loan,178,2024-07-08,12,Defaulted,Tata Capital
REC011442,PER04169,Education Loan,21,2016-11-18,48,Repaid,SBI
REC011443,PER04169,Personal Loan,70,2025-10-10,24,Defaulted,HDFC Bank
REC011444,PER04170,Home Loan,100,2010-10-21,120,Repaid,LIC Housing Finance
REC011445,PER04170,Car Loan,87,2023-12-07,84,Active,Canara Bank
REC011446,PER04170,Home Loan,80,2021-03-28,180,Repaid,Canara Bank
REC011447,PER04170,Home Loan,136,2023-05-27,360,Repaid,Union Bank
REC011448,PER04171,Home Loan,125,2021-12-02,180,Active,Yes Bank
REC011449,PER04171,Personal Loan,37,2023-09-03,24,Repaid,LIC Housing Finance
REC011450,PER04171,Home Loan,123,2018-10-22,240,Active,SBI
REC011451,PER04171,Car Loan,21,2019-12-25,84,Repaid,ICICI Bank
REC011452,PER04171,Personal Loan,18,2014-04-28,24,Repaid,Yes Bank
REC011453,PER04172,Car Loan,64,2025-10-12,60,Repaid,Bank of Baroda
REC011454,PER04172,Education Loan,48,2020-07-04,60,Active,IDBI Bank
REC011455,PER04173,Car Loan,39,2022-08-09,48,Active,PNB
REC011456,PER04173,Home Loan,282,2016-03-17,120,Repaid,Tata Capital
REC011457,PER04174,Consumer Durable Loan,12,2011-02-01,36,Defaulted,Union Bank
REC011458,PER04175,Personal Loan,51,2015-02-14,48,Repaid,IndusInd Bank
REC011459,PER04176,Car Loan,118,2021-10-20,36,Repaid,Axis Bank
REC011460,PER04176,Two-Wheeler Loan,14,2023-08-14,48,Defaulted,PNB
REC011461,PER04176,Personal Loan,6,2016-12-21,48,Repaid,Axis Bank
REC011462,PER04176,Gold Loan,16,2018-07-07,24,Repaid,Kotak Mahindra
REC011463,PER04177,Car Loan,59,2015-03-16,60,Active,IDBI Bank
REC011464,PER04177,Home Loan,217,2015-06-17,360,Defaulted,Bajaj Finserv
REC011465,PER04178,Home Loan,107,2022-10-24,240,Repaid,Bank of Baroda
REC011466,PER04178,Personal Loan,10,2011-04-12,60,Active,Canara Bank
REC011467,PER04179,Education Loan,63,2025-07-26,48,Repaid,IDBI Bank
REC011468,PER04179,Personal Loan,40,2015-02-01,24,Active,ICICI Bank
REC011469,PER04180,Two-Wheeler Loan,6,2010-05-07,24,Active,HDFC Bank
REC011470,PER04180,Education Loan,53,2020-06-14,84,Active,Canara Bank
REC011471,PER04181,Personal Loan,34,2019-11-16,24,Repaid,PNB
REC011472,PER04181,Home Loan,159,2022-04-28,180,Repaid,Kotak Mahindra
REC011473,PER04182,Personal Loan,50,2010-10-24,48,Repaid,Kotak Mahindra
REC011474,PER04182,Home Loan,253,2010-12-14,300,Defaulted,LIC Housing Finance
REC011475,PER04182,Home Loan,173,2011-02-10,360,Repaid,LIC Housing Finance
REC011476,PER04182,Home Loan,399,2017-11-24,360,Repaid,Kotak Mahindra
REC011477,PER04182,Business Loan,64,2022-08-15,24,Repaid,LIC Housing Finance
REC011478,PER04183,Personal Loan,37,2010-12-11,60,Repaid,Bank of Baroda
REC011479,PER04184,Home Loan,81,2020-01-01,360,Repaid,Yes Bank
REC011480,PER04184,Education Loan,34,2020-03-16,48,Repaid,IDBI Bank
REC011481,PER04184,Home Loan,255,2015-11-02,120,Repaid,ICICI Bank
REC011482,PER04184,Business Loan,37,2022-01-10,12,Active,Union Bank
REC011483,PER04184,Consumer Durable Loan,12,2023-08-22,12,Repaid,Union Bank
REC011484,PER04186,Car Loan,62,2011-10-24,36,Active,IndusInd Bank
REC011485,PER04186,Personal Loan,45,2015-07-26,24,Defaulted,LIC Housing Finance
REC011486,PER04186,Two-Wheeler Loan,6,2021-10-22,24,Active,IDBI Bank
REC011487,PER04186,Personal Loan,8,2024-05-24,48,Active,IndusInd Bank
REC011488,PER04187,Personal Loan,24,2023-09-25,60,Active,Canara Bank
REC011489,PER04187,Personal Loan,100,2020-06-05,12,Repaid,SBI
REC011490,PER04188,Home Loan,213,2025-09-04,120,Repaid,Yes Bank
REC011491,PER04189,Home Loan,147,2017-07-19,240,Repaid,SBI
REC011492,PER04189,Personal Loan,27,2011-01-26,36,Repaid,LIC Housing Finance
REC011493,PER04189,Personal Loan,28,2022-01-03,60,Repaid,PNB
REC011494,PER04190,Car Loan,35,2025-06-22,84,Repaid,Union Bank
REC011495,PER04191,Home Loan,115,2020-03-27,240,Defaulted,Axis Bank
REC011496,PER04191,Home Loan,173,2016-06-05,360,Defaulted,Yes Bank
REC011497,PER04192,Home Loan,126,2020-12-28,360,Repaid,ICICI Bank
REC011498,PER04193,Home Loan,71,2018-11-02,300,Active,HDFC Bank
REC011499,PER04193,Gold Loan,8,2024-05-21,12,Active,SBI
REC011500,PER04194,Personal Loan,37,2019-05-07,48,Repaid,ICICI Bank
REC011501,PER04194,Education Loan,23,2018-02-03,60,Repaid,Canara Bank
REC011502,PER04195,Home Loan,209,2021-11-16,180,Repaid,Kotak Mahindra
REC011503,PER04195,Personal Loan,22,2015-01-09,12,Defaulted,IndusInd Bank
REC011504,PER04195,Car Loan,40,2016-05-09,84,Active,Bajaj Finserv
REC011505,PER04195,Home Loan,213,2012-02-28,300,Repaid,PNB
REC011506,PER04195,Home Loan,315,2010-06-09,120,Active,Tata Capital
REC011507,PER04195,Car Loan,59,2019-09-03,48,Repaid,IDBI Bank
REC011508,PER04195,Personal Loan,39,2025-12-23,24,Defaulted,Axis Bank
REC011509,PER04196,Home Loan,428,2018-04-09,180,Defaulted,LIC Housing Finance
REC011510,PER04196,Education Loan,64,2010-11-22,36,Defaulted,PNB
REC011511,PER04196,Car Loan,62,2018-12-03,60,Defaulted,PNB
REC011512,PER04196,Gold Loan,11,2014-08-09,24,Defaulted,IDBI Bank
REC011513,PER04196,Home Loan,215,2023-03-06,120,Repaid,HDFC Bank
REC011514,PER04196,Consumer Durable Loan,6,2020-06-06,60,Defaulted,Union Bank
REC011515,PER04197,Business Loan,121,2010-12-27,24,Defaulted,Kotak Mahindra
REC011516,PER04197,Home Loan,175,2019-06-19,360,Repaid,PNB
REC011517,PER04198,Home Loan,101,2010-08-02,180,Active,IDBI Bank
REC011518,PER04198,Education Loan,22,2024-07-11,60,Active,PNB
REC011519,PER04198,Two-Wheeler Loan,5,2010-07-02,36,Repaid,Yes Bank
REC011520,PER04198,Car Loan,48,2013-04-27,84,Repaid,HDFC Bank
REC011521,PER04198,Personal Loan,45,2010-08-24,36,Repaid,Canara Bank
REC011522,PER04199,Car Loan,78,2022-11-01,84,Repaid,Bajaj Finserv
REC011523,PER04199,Car Loan,82,2014-11-01,36,Defaulted,Canara Bank
REC011524,PER04199,Gold Loan,19,2018-11-24,60,Repaid,IndusInd Bank
REC011525,PER04200,Home Loan,371,2024-09-14,120,Defaulted,Bajaj Finserv
REC011526,PER04200,Home Loan,189,2022-02-23,360,Repaid,Kotak Mahindra
REC011527,PER04200,Home Loan,242,2010-01-02,360,Repaid,Bajaj Finserv
REC011528,PER04200,Home Loan,65,2024-08-14,300,Repaid,IDBI Bank
REC011529,PER04201,Business Loan,27,2013-03-05,60,Defaulted,PNB
REC011530,PER04201,Personal Loan,71,2022-03-14,60,Defaulted,Canara Bank
REC011531,PER04202,Personal Loan,57,2016-04-16,60,Repaid,LIC Housing Finance
REC011532,PER04202,Home Loan,213,2016-12-19,180,Active,Bajaj Finserv
REC011533,PER04202,Personal Loan,63,2010-08-05,60,Repaid,Union Bank
REC011534,PER04203,Home Loan,101,2016-01-07,360,Active,Bank of Baroda
REC011535,PER04203,Home Loan,188,2016-11-20,180,Repaid,SBI
REC011536,PER04203,Home Loan,81,2022-01-15,360,Active,Yes Bank
REC011537,PER04204,Personal Loan,29,2025-10-07,24,Repaid,Bajaj Finserv
REC011538,PER04204,Personal Loan,49,2015-01-27,12,Active,IDBI Bank
REC011539,PER04204,Home Loan,248,2013-05-15,120,Repaid,Kotak Mahindra
REC011540,PER04204,Car Loan,46,2022-06-04,36,Repaid,LIC Housing Finance
REC011541,PER04204,Education Loan,34,2022-03-15,48,Repaid,Bajaj Finserv
REC011542,PER04204,Home Loan,150,2023-11-22,300,Repaid,SBI
REC011543,PER04204,Education Loan,41,2017-08-04,60,Repaid,IDBI Bank
REC011544,PER04205,Gold Loan,22,2020-06-27,24,Active,ICICI Bank
REC011545,PER04205,Car Loan,99,2017-11-21,84,Defaulted,ICICI Bank
REC011546,PER04205,Car Loan,47,2015-09-27,84,Repaid,Yes Bank
REC011547,PER04205,Home Loan,328,2015-02-12,240,Defaulted,SBI
REC011548,PER04205,Car Loan,44,2019-12-21,60,Active,Axis Bank
REC011549,PER04206,Personal Loan,37,2013-08-23,48,Repaid,Yes Bank
REC011550,PER04206,Home Loan,94,2017-07-19,240,Defaulted,SBI
REC011551,PER04206,Personal Loan,42,2010-02-19,12,Repaid,HDFC Bank
REC011552,PER04206,Personal Loan,74,2016-10-28,12,Repaid,Tata Capital
REC011553,PER04206,Car Loan,43,2024-09-04,36,Repaid,ICICI Bank
REC011554,PER04207,Personal Loan,56,2010-03-07,12,Active,Tata Capital
REC011555,PER04207,Home Loan,324,2016-04-14,180,Active,Tata Capital
REC011556,PER04208,Car Loan,34,2021-11-17,48,Repaid,Tata Capital
REC011557,PER04208,Gold Loan,19,2012-09-06,12,Repaid,Kotak Mahindra
REC011558,PER04209,Personal Loan,37,2010-06-21,24,Repaid,IndusInd Bank
REC011559,PER04210,Home Loan,299,2020-01-22,360,Repaid,IndusInd Bank
REC011560,PER04211,Car Loan,73,2012-12-05,36,Active,Yes Bank
REC011561,PER04211,Personal Loan,69,2010-07-12,60,Defaulted,HDFC Bank
REC011562,PER04211,Personal Loan,42,2015-06-05,48,Defaulted,IndusInd Bank
REC011563,PER04212,Personal Loan,100,2025-02-13,36,Active,IDBI Bank
REC011564,PER04212,Personal Loan,10,2018-07-28,12,Repaid,HDFC Bank
REC011565,PER04212,Personal Loan,28,2012-05-14,60,Repaid,Axis Bank
REC011566,PER04212,Home Loan,56,2017-10-13,360,Repaid,SBI
REC011567,PER04213,Personal Loan,24,2019-06-17,60,Active,Bank of Baroda
REC011568,PER04213,Two-Wheeler Loan,7,2022-11-24,12,Repaid,LIC Housing Finance
REC011569,PER04214,Car Loan,55,2018-02-03,36,Defaulted,Bajaj Finserv
REC011570,PER04215,Home Loan,192,2016-03-03,300,Repaid,ICICI Bank
REC011571,PER04215,Personal Loan,94,2021-04-26,24,Active,Union Bank
REC011572,PER04216,Car Loan,26,2010-02-05,60,Repaid,Canara Bank
REC011573,PER04217,Gold Loan,15,2021-07-19,24,Repaid,Kotak Mahindra
REC011574,PER04217,Car Loan,81,2014-05-08,60,Defaulted,Tata Capital
REC011575,PER04217,Education Loan,99,2010-07-06,60,Defaulted,PNB
REC011576,PER04217,Car Loan,63,2017-01-27,84,Defaulted,Union Bank
REC011577,PER04218,Gold Loan,22,2014-05-13,24,Active,IDBI Bank
REC011578,PER04218,Home Loan,219,2021-07-22,120,Active,Tata Capital
REC011579,PER04219,Home Loan,186,2019-12-26,360,Repaid,Canara Bank
REC011580,PER04219,Car Loan,42,2012-07-12,60,Repaid,IDBI Bank
REC011581,PER04219,Gold Loan,25,2022-03-23,48,Repaid,Canara Bank
REC011582,PER04219,Two-Wheeler Loan,18,2012-04-23,12,Repaid,SBI
REC011583,PER04219,Personal Loan,13,2013-10-20,48,Repaid,HDFC Bank
REC011584,PER04220,Gold Loan,6,2016-05-15,48,Defaulted,LIC Housing Finance
REC011585,PER04220,Car Loan,42,2011-04-24,84,Repaid,Axis Bank
REC011586,PER04220,Consumer Durable Loan,22,2025-10-09,60,Active,IDBI Bank
REC011587,PER04220,Business Loan,161,2021-04-14,12,Active,PNB
REC011588,PER04220,Gold Loan,16,2023-09-08,48,Defaulted,Canara Bank
REC011589,PER04220,Car Loan,45,2020-10-21,48,Repaid,Bajaj Finserv
REC011590,PER04221,Home Loan,148,2024-11-11,360,Repaid,ICICI Bank
REC011591,PER04221,Gold Loan,22,2020-08-12,12,Active,SBI
REC011592,PER04222,Education Loan,50,2024-10-14,84,Repaid,IDBI Bank
REC011593,PER04222,Car Loan,62,2019-04-25,48,Active,Kotak Mahindra
REC011594,PER04222,Personal Loan,67,2014-01-23,48,Repaid,PNB
REC011595,PER04222,Home Loan,139,2011-11-09,240,Defaulted,IDBI Bank
REC011596,PER04223,Education Loan,29,2014-01-19,36,Active,Yes Bank
REC011597,PER04223,Gold Loan,36,2018-09-03,60,Repaid,LIC Housing Finance
REC011598,PER04223,Education Loan,28,2018-06-24,60,Defaulted,SBI
REC011599,PER04223,Home Loan,170,2023-01-27,180,Defaulted,IndusInd Bank
REC011600,PER04224,Home Loan,434,2010-10-04,240,Defaulted,Canara Bank
REC011601,PER04224,Education Loan,32,2013-01-10,36,Repaid,Kotak Mahindra
REC011602,PER04225,Car Loan,50,2010-06-13,60,Defaulted,PNB
REC011603,PER04225,Car Loan,137,2018-09-18,48,Repaid,Yes Bank
REC011604,PER04225,Consumer Durable Loan,11,2010-01-24,60,Defaulted,HDFC Bank
REC011605,PER04226,Personal Loan,44,2015-02-08,48,Repaid,LIC Housing Finance
REC011606,PER04226,Personal Loan,11,2023-06-20,36,Repaid,IDBI Bank
REC011607,PER04226,Home Loan,159,2021-05-26,120,Active,Canara Bank
REC011608,PER04226,Car Loan,91,2022-06-07,48,Repaid,IndusInd Bank
REC011609,PER04226,Home Loan,90,2013-01-06,120,Repaid,HDFC Bank
REC011610,PER04226,Consumer Durable Loan,6,2021-05-17,48,Repaid,Canara Bank
REC011611,PER04226,Personal Loan,34,2015-05-16,24,Repaid,Bank of Baroda
REC011612,PER04227,Gold Loan,12,2025-10-02,36,Defaulted,IDBI Bank
REC011613,PER04227,Home Loan,180,2010-04-28,360,Repaid,Yes Bank
REC011614,PER04227,Personal Loan,27,2014-10-24,36,Repaid,Yes Bank
REC011615,PER04228,Car Loan,20,2022-07-21,36,Repaid,LIC Housing Finance
REC011616,PER04228,Car Loan,73,2016-02-16,36,Active,Bajaj Finserv
REC011617,PER04228,Personal Loan,25,2010-06-01,60,Defaulted,ICICI Bank
REC011618,PER04229,Education Loan,73,2016-02-13,84,Active,Bajaj Finserv
REC011619,PER04229,Personal Loan,13,2020-06-09,60,Repaid,Canara Bank
REC011620,PER04229,Car Loan,55,2021-06-14,36,Repaid,Canara Bank
REC011621,PER04230,Personal Loan,17,2022-07-21,60,Repaid,Axis Bank
REC011622,PER04231,Home Loan,288,2017-02-16,240,Active,ICICI Bank
REC011623,PER04231,Car Loan,31,2010-07-24,48,Defaulted,Axis Bank
REC011624,PER04233,Two-Wheeler Loan,5,2012-06-14,60,Repaid,Yes Bank
REC011625,PER04234,Personal Loan,59,2017-02-20,12,Repaid,Canara Bank
REC011626,PER04234,Education Loan,55,2017-08-07,48,Active,HDFC Bank
REC011627,PER04234,Personal Loan,36,2025-09-23,12,Active,Bank of Baroda
REC011628,PER04234,Personal Loan,15,2025-03-19,60,Repaid,HDFC Bank
REC011629,PER04235,Car Loan,100,2012-01-20,84,Repaid,Kotak Mahindra
REC011630,PER04235,Personal Loan,30,2018-01-04,60,Defaulted,Tata Capital
REC011631,PER04236,Personal Loan,34,2010-12-17,36,Repaid,Bank of Baroda
REC011632,PER04236,Home Loan,187,2021-03-22,180,Repaid,IDBI Bank
REC011633,PER04236,Home Loan,238,2024-07-02,300,Repaid,IndusInd Bank
REC011634,PER04236,Personal Loan,38,2016-06-10,48,Repaid,Bajaj Finserv
REC011635,PER04237,Business Loan,105,2013-02-07,48,Defaulted,LIC Housing Finance
REC011636,PER04237,Car Loan,27,2016-02-18,48,Repaid,LIC Housing Finance
REC011637,PER04237,Car Loan,115,2022-11-09,84,Active,Kotak Mahindra
REC011638,PER04237,Education Loan,28,2010-11-09,36,Repaid,ICICI Bank
REC011639,PER04237,Personal Loan,29,2022-01-09,12,Repaid,Kotak Mahindra
REC011640,PER04237,Car Loan,49,2011-07-15,48,Defaulted,IDBI Bank
REC011641,PER04237,Personal Loan,12,2020-03-25,12,Active,SBI
REC011642,PER04238,Personal Loan,35,2021-04-06,60,Defaulted,Union Bank
REC011643,PER04238,Home Loan,196,2022-04-14,360,Active,Yes Bank
REC011644,PER04238,Car Loan,35,2020-02-04,60,Defaulted,SBI
REC011645,PER04238,Home Loan,217,2017-06-10,120,Defaulted,Bajaj Finserv
REC011646,PER04238,Education Loan,36,2017-08-16,36,Defaulted,LIC Housing Finance
REC011647,PER04239,Education Loan,50,2023-05-04,84,Repaid,Kotak Mahindra
REC011648,PER04239,Personal Loan,38,2015-09-16,48,Active,Tata Capital
REC011649,PER04239,Business Loan,20,2013-02-18,60,Active,Bank of Baroda
REC011650,PER04240,Home Loan,83,2018-09-19,240,Repaid,SBI
REC011651,PER04240,Car Loan,54,2011-08-22,60,Repaid,IDBI Bank
REC011652,PER04240,Personal Loan,43,2010-02-12,48,Defaulted,Yes Bank
REC011653,PER04241,Personal Loan,12,2019-06-15,60,Defaulted,Yes Bank
REC011654,PER04241,Education Loan,79,2015-11-27,48,Defaulted,Union Bank
REC011655,PER04241,Two-Wheeler Loan,14,2022-01-16,12,Defaulted,IDBI Bank
REC011656,PER04241,Personal Loan,30,2011-05-01,24,Active,Yes Bank
REC011657,PER04242,Home Loan,178,2019-03-11,180,Active,Tata Capital
REC011658,PER04242,Education Loan,49,2025-03-17,48,Repaid,Kotak Mahindra
REC011659,PER04242,Personal Loan,24,2018-10-01,12,Active,HDFC Bank
REC011660,PER04242,Home Loan,280,2020-11-07,120,Repaid,Kotak Mahindra
REC011661,PER04242,Home Loan,345,2011-08-26,240,Active,Axis Bank
REC011662,PER04242,Personal Loan,23,2024-11-08,36,Defaulted,IDBI Bank
REC011663,PER04243,Car Loan,58,2019-09-10,84,Active,Kotak Mahindra
REC011664,PER04243,Personal Loan,73,2021-04-10,48,Defaulted,Canara Bank
REC011665,PER04244,Home Loan,210,2011-11-26,180,Defaulted,LIC Housing Finance
REC011666,PER04244,Consumer Durable Loan,5,2011-01-21,12,Repaid,SBI
REC011667,PER04244,Education Loan,55,2020-05-28,60,Repaid,ICICI Bank
REC011668,PER04245,Gold Loan,8,2014-05-15,24,Repaid,Bank of Baroda
REC011669,PER04245,Home Loan,149,2013-09-10,180,Repaid,Bank of Baroda
REC011670,PER04245,Home Loan,313,2020-08-14,120,Repaid,Tata Capital
REC011671,PER04245,Personal Loan,52,2018-04-24,12,Defaulted,ICICI Bank
REC011672,PER04246,Home Loan,336,2012-07-01,240,Defaulted,Bank of Baroda
REC011673,PER04246,Home Loan,180,2013-11-08,120,Repaid,Canara Bank
REC011674,PER04246,Car Loan,77,2017-05-16,60,Active,HDFC Bank
REC011675,PER04246,Home Loan,77,2014-09-04,240,Repaid,Axis Bank
REC011676,PER04247,Personal Loan,39,2016-09-26,24,Repaid,Bank of Baroda
REC011677,PER04247,Home Loan,245,2023-05-23,180,Active,Tata Capital
REC011678,PER04248,Personal Loan,15,2023-08-07,48,Defaulted,IndusInd Bank
REC011679,PER04248,Personal Loan,22,2019-03-16,24,Repaid,SBI
REC011680,PER04248,Gold Loan,7,2012-12-21,60,Active,SBI
REC011681,PER04248,Personal Loan,22,2018-02-07,36,Active,PNB
REC011682,PER04248,Business Loan,20,2012-09-17,24,Active,Union Bank
REC011683,PER04248,Personal Loan,56,2015-08-13,48,Defaulted,IDBI Bank
REC011684,PER04249,Home Loan,287,2023-09-23,300,Repaid,Axis Bank
REC011685,PER04250,Car Loan,53,2010-09-24,36,Active,Yes Bank
REC011686,PER04250,Personal Loan,37,2024-07-17,60,Repaid,IndusInd Bank
REC011687,PER04250,Personal Loan,47,2017-01-24,36,Repaid,Bajaj Finserv
REC011688,PER04250,Car Loan,45,2018-09-12,36,Active,ICICI Bank
REC011689,PER04250,Home Loan,55,2022-06-14,360,Repaid,Bank of Baroda
REC011690,PER04251,Education Loan,57,2015-08-08,84,Repaid,ICICI Bank
REC011691,PER04253,Home Loan,138,2011-09-07,360,Active,Kotak Mahindra
REC011692,PER04253,Personal Loan,37,2015-12-13,60,Repaid,ICICI Bank
REC011693,PER04255,Two-Wheeler Loan,5,2023-02-22,12,Defaulted,HDFC Bank
REC011694,PER04256,Personal Loan,36,2018-07-07,48,Repaid,Yes Bank
REC011695,PER04256,Education Loan,43,2025-05-27,36,Repaid,Union Bank
REC011696,PER04257,Personal Loan,14,2013-08-18,36,Active,ICICI Bank
REC011697,PER04257,Car Loan,59,2013-09-14,60,Repaid,Tata Capital
REC011698,PER04257,Home Loan,161,2021-07-27,240,Active,Axis Bank
REC011699,PER04258,Personal Loan,38,2014-05-13,48,Active,HDFC Bank
REC011700,PER04258,Car Loan,89,2018-02-28,84,Repaid,HDFC Bank
REC011701,PER04260,Education Loan,78,2016-04-12,36,Repaid,LIC Housing Finance
REC011702,PER04260,Personal Loan,19,2024-01-11,24,Defaulted,Bajaj Finserv
REC011703,PER04260,Personal Loan,47,2016-11-16,36,Repaid,Yes Bank
REC011704,PER04261,Home Loan,161,2024-12-07,240,Active,Union Bank
REC011705,PER04262,Personal Loan,15,2015-11-25,60,Repaid,Axis Bank
REC011706,PER04262,Home Loan,316,2019-01-02,360,Defaulted,Tata Capital
REC011707,PER04263,Personal Loan,57,2020-05-01,36,Repaid,Bank of Baroda
REC011708,PER04264,Two-Wheeler Loan,9,2010-02-27,12,Repaid,LIC Housing Finance
REC011709,PER04265,Education Loan,50,2022-06-08,48,Repaid,SBI
REC011710,PER04265,Home Loan,121,2014-02-06,180,Repaid,Kotak Mahindra
REC011711,PER04265,Home Loan,388,2011-11-06,180,Active,Canara Bank
REC011712,PER04265,Personal Loan,23,2015-01-23,12,Repaid,Bajaj Finserv
REC011713,PER04266,Business Loan,56,2024-04-25,12,Repaid,IndusInd Bank
REC011714,PER04266,Home Loan,162,2013-08-19,240,Defaulted,Bank of Baroda
REC011715,PER04267,Personal Loan,34,2019-01-12,12,Repaid,Yes Bank
REC011716,PER04267,Car Loan,83,2010-11-12,60,Repaid,HDFC Bank
REC011717,PER04267,Education Loan,33,2012-05-08,48,Repaid,ICICI Bank
REC011718,PER04268,Home Loan,261,2020-09-16,360,Defaulted,Canara Bank
REC011719,PER04268,Car Loan,50,2015-10-19,48,Repaid,Bajaj Finserv
REC011720,PER04269,Home Loan,208,2011-09-15,360,Repaid,Bajaj Finserv
REC011721,PER04269,Car Loan,62,2014-04-05,60,Defaulted,LIC Housing Finance
REC011722,PER04269,Car Loan,84,2015-01-26,48,Repaid,ICICI Bank
REC011723,PER04269,Home Loan,222,2022-07-25,180,Repaid,IndusInd Bank
REC011724,PER04270,Gold Loan,14,2016-01-22,36,Active,Union Bank
REC011725,PER04272,Personal Loan,38,2017-02-27,24,Defaulted,Axis Bank
REC011726,PER04272,Personal Loan,100,2022-05-04,12,Repaid,IDBI Bank
REC011727,PER04272,Home Loan,294,2024-01-27,180,Repaid,Canara Bank
REC011728,PER04273,Home Loan,198,2011-11-05,360,Active,HDFC Bank
REC011729,PER04273,Car Loan,55,2011-08-12,48,Repaid,IndusInd Bank
REC011730,PER04274,Personal Loan,52,2025-06-18,36,Repaid,IndusInd Bank
REC011731,PER04274,Two-Wheeler Loan,13,2018-02-16,60,Repaid,IndusInd Bank
REC011732,PER04276,Education Loan,22,2022-08-28,84,Repaid,HDFC Bank
REC011733,PER04276,Personal Loan,41,2025-10-25,48,Repaid,Union Bank
REC011734,PER04276,Home Loan,224,2010-01-26,300,Repaid,HDFC Bank
REC011735,PER04276,Home Loan,218,2025-01-07,360,Repaid,ICICI Bank
REC011736,PER04277,Car Loan,43,2012-06-01,60,Defaulted,Axis Bank
REC011737,PER04277,Gold Loan,8,2024-05-27,36,Active,Yes Bank
REC011738,PER04277,Education Loan,33,2025-12-06,84,Active,LIC Housing Finance
REC011739,PER04277,Personal Loan,25,2019-06-27,12,Defaulted,Yes Bank
REC011740,PER04277,Home Loan,231,2018-12-10,300,Defaulted,PNB
REC011741,PER04278,Home Loan,195,2010-04-20,120,Repaid,Union Bank
REC011742,PER04278,Business Loan,92,2018-11-16,24,Repaid,LIC Housing Finance
REC011743,PER04278,Home Loan,318,2021-03-04,180,Repaid,SBI
REC011744,PER04278,Car Loan,57,2025-03-02,36,Active,HDFC Bank
REC011745,PER04278,Car Loan,52,2019-11-04,60,Repaid,Yes Bank
REC011746,PER04279,Home Loan,127,2018-06-28,120,Defaulted,IDBI Bank
REC011747,PER04279,Education Loan,83,2014-03-15,60,Defaulted,LIC Housing Finance
REC011748,PER04280,Car Loan,71,2013-02-27,60,Active,Union Bank
REC011749,PER04280,Personal Loan,38,2013-02-23,36,Repaid,LIC Housing Finance
REC011750,PER04281,Car Loan,56,2010-04-07,36,Active,Canara Bank
REC011751,PER04281,Personal Loan,28,2010-02-12,48,Repaid,PNB
REC011752,PER04281,Personal Loan,34,2013-01-02,60,Repaid,ICICI Bank
REC011753,PER04281,Home Loan,128,2021-06-20,300,Repaid,Axis Bank
REC011754,PER04281,Home Loan,245,2018-07-19,180,Repaid,Yes Bank
REC011755,PER04281,Gold Loan,10,2013-09-06,60,Repaid,PNB
REC011756,PER04284,Home Loan,139,2015-02-15,360,Active,PNB
REC011757,PER04284,Personal Loan,61,2011-12-14,60,Defaulted,ICICI Bank
REC011758,PER04285,Personal Loan,31,2018-11-08,24,Repaid,Yes Bank
REC011759,PER04285,Personal Loan,9,2022-08-15,36,Active,LIC Housing Finance
REC011760,PER04285,Personal Loan,42,2019-11-26,60,Repaid,Bajaj Finserv
REC011761,PER04285,Personal Loan,38,2015-12-07,24,Repaid,Bajaj Finserv
REC011762,PER04285,Personal Loan,28,2010-07-11,12,Repaid,PNB
REC011763,PER04285,Car Loan,41,2014-02-15,84,Repaid,Tata Capital
REC011764,PER04286,Personal Loan,28,2015-03-04,48,Repaid,Union Bank
REC011765,PER04286,Home Loan,231,2025-03-22,240,Repaid,Axis Bank
REC011766,PER04286,Home Loan,477,2010-11-11,300,Defaulted,Canara Bank
REC011767,PER04286,Home Loan,160,2012-07-14,120,Defaulted,Axis Bank
REC011768,PER04287,Two-Wheeler Loan,3,2025-04-07,24,Active,Axis Bank
REC011769,PER04288,Home Loan,220,2023-09-17,120,Active,Canara Bank
REC011770,PER04288,Car Loan,70,2012-10-11,84,Active,IndusInd Bank
REC011771,PER04288,Consumer Durable Loan,2,2022-09-16,12,Defaulted,Kotak Mahindra
REC011772,PER04288,Two-Wheeler Loan,7,2013-07-07,60,Defaulted,Canara Bank
REC011773,PER04289,Personal Loan,35,2024-09-14,12,Repaid,HDFC Bank
REC011774,PER04289,Personal Loan,58,2021-01-14,48,Repaid,HDFC Bank
REC011775,PER04289,Education Loan,94,2022-04-24,84,Repaid,PNB
REC011776,PER04290,Home Loan,178,2010-02-05,360,Repaid,Axis Bank
REC011777,PER04290,Gold Loan,8,2020-07-28,48,Active,Bajaj Finserv
REC011778,PER04290,Car Loan,49,2013-12-14,36,Active,IndusInd Bank
REC011779,PER04291,Home Loan,226,2021-06-09,240,Repaid,Yes Bank
REC011780,PER04291,Education Loan,22,2025-12-07,48,Repaid,Bajaj Finserv
REC011781,PER04292,Home Loan,194,2018-08-05,180,Repaid,HDFC Bank
REC011782,PER04292,Car Loan,58,2016-10-20,60,Repaid,Axis Bank
REC011783,PER04293,Gold Loan,6,2014-06-26,36,Defaulted,PNB
REC011784,PER04293,Car Loan,81,2015-09-05,48,Repaid,HDFC Bank
REC011785,PER04293,Personal Loan,100,2023-05-24,60,Defaulted,Axis Bank
REC011786,PER04294,Gold Loan,6,2016-06-11,48,Defaulted,IndusInd Bank
REC011787,PER04294,Home Loan,213,2020-03-28,120,Defaulted,Union Bank
REC011788,PER04294,Home Loan,56,2014-09-10,120,Active,SBI
REC011789,PER04295,Home Loan,219,2021-02-23,360,Repaid,IndusInd Bank
REC011790,PER04295,Personal Loan,30,2019-02-19,60,Repaid,Yes Bank
REC011791,PER04296,Home Loan,138,2017-10-21,300,Repaid,SBI
REC011792,PER04296,Two-Wheeler Loan,11,2012-07-21,12,Active,PNB
REC011793,PER04297,Home Loan,96,2022-01-23,180,Defaulted,Axis Bank
REC011794,PER04297,Home Loan,220,2015-05-12,180,Active,HDFC Bank
REC011795,PER04297,Home Loan,514,2012-03-22,120,Defaulted,Bajaj Finserv
REC011796,PER04297,Car Loan,39,2017-11-24,60,Defaulted,Canara Bank
REC011797,PER04297,Personal Loan,40,2020-01-18,12,Defaulted,Canara Bank
REC011798,PER04298,Car Loan,54,2017-04-14,60,Repaid,ICICI Bank
REC011799,PER04298,Home Loan,158,2024-07-26,180,Repaid,PNB
REC011800,PER04298,Car Loan,80,2012-09-24,60,Repaid,Kotak Mahindra
REC011801,PER04300,Car Loan,110,2017-03-23,48,Repaid,Canara Bank
REC011802,PER04300,Personal Loan,15,2022-04-14,36,Defaulted,Union Bank
REC011803,PER04301,Personal Loan,26,2012-07-18,48,Repaid,LIC Housing Finance
REC011804,PER04301,Consumer Durable Loan,6,2013-02-18,60,Repaid,HDFC Bank
REC011805,PER04302,Home Loan,163,2012-09-19,360,Active,ICICI Bank
REC011806,PER04302,Personal Loan,27,2020-06-07,60,Repaid,HDFC Bank
REC011807,PER04302,Car Loan,48,2016-03-10,48,Repaid,Yes Bank
REC011808,PER04302,Home Loan,82,2010-10-04,360,Active,Kotak Mahindra
REC011809,PER04302,Personal Loan,28,2014-08-22,36,Repaid,HDFC Bank
REC011810,PER04303,Personal Loan,92,2018-05-17,36,Repaid,IDBI Bank
REC011811,PER04304,Home Loan,230,2016-05-22,180,Repaid,Bajaj Finserv
REC011812,PER04304,Personal Loan,26,2013-07-13,24,Repaid,Axis Bank
REC011813,PER04304,Home Loan,243,2025-11-15,120,Active,Yes Bank
REC011814,PER04304,Car Loan,35,2016-12-07,48,Repaid,Bank of Baroda
REC011815,PER04304,Personal Loan,24,2020-09-09,48,Repaid,IndusInd Bank
REC011816,PER04305,Business Loan,131,2021-08-20,60,Active,Tata Capital
REC011817,PER04305,Personal Loan,31,2013-01-13,48,Active,SBI
REC011818,PER04305,Home Loan,442,2023-10-24,180,Active,Axis Bank
REC011819,PER04305,Business Loan,39,2011-08-19,48,Repaid,Axis Bank
REC011820,PER04305,Car Loan,40,2017-02-08,48,Repaid,Union Bank
REC011821,PER04306,Car Loan,20,2019-02-10,36,Defaulted,IndusInd Bank
REC011822,PER04307,Home Loan,441,2016-09-13,120,Defaulted,IndusInd Bank
REC011823,PER04307,Home Loan,99,2025-01-07,180,Defaulted,IDBI Bank
REC011824,PER04307,Car Loan,73,2012-09-24,36,Repaid,Yes Bank
REC011825,PER04307,Business Loan,124,2024-07-25,60,Defaulted,Kotak Mahindra
REC011826,PER04307,Education Loan,25,2016-03-18,48,Active,Tata Capital
REC011827,PER04307,Gold Loan,12,2019-03-24,60,Active,Axis Bank
REC011828,PER04308,Home Loan,210,2019-10-21,360,Active,Bajaj Finserv
REC011829,PER04308,Business Loan,166,2010-09-15,12,Defaulted,Bajaj Finserv
REC011830,PER04308,Home Loan,210,2016-04-16,120,Active,ICICI Bank
REC011831,PER04309,Home Loan,172,2015-10-27,180,Active,PNB
REC011832,PER04309,Home Loan,394,2018-09-19,360,Repaid,Kotak Mahindra
REC011833,PER04310,Personal Loan,10,2012-09-13,24,Active,Canara Bank
REC011834,PER04310,Car Loan,39,2019-07-06,84,Repaid,LIC Housing Finance
REC011835,PER04310,Personal Loan,41,2011-04-21,36,Repaid,HDFC Bank
REC011836,PER04311,Car Loan,39,2011-03-16,60,Repaid,ICICI Bank
REC011837,PER04311,Personal Loan,86,2017-09-11,60,Repaid,HDFC Bank
REC011838,PER04311,Home Loan,142,2011-02-27,120,Repaid,Kotak Mahindra
REC011839,PER04311,Two-Wheeler Loan,13,2014-07-17,36,Active,Axis Bank
REC011840,PER04311,Home Loan,208,2020-06-07,180,Repaid,PNB
REC011841,PER04311,Business Loan,212,2010-01-14,60,Defaulted,IDBI Bank
REC011842,PER04311,Personal Loan,21,2025-07-11,36,Active,IDBI Bank
REC011843,PER04311,Personal Loan,27,2010-02-21,24,Defaulted,Tata Capital
REC011844,PER04313,Personal Loan,91,2014-06-15,24,Active,Tata Capital
REC011845,PER04313,Education Loan,34,2017-07-16,60,Repaid,SBI
REC011846,PER04313,Business Loan,153,2025-04-12,48,Repaid,PNB
REC011847,PER04313,Personal Loan,83,2016-04-22,48,Repaid,Tata Capital
REC011848,PER04313,Car Loan,26,2013-12-01,84,Repaid,Bank of Baroda
REC011849,PER04313,Home Loan,169,2014-11-15,120,Repaid,ICICI Bank
REC011850,PER04313,Car Loan,48,2011-08-03,48,Repaid,Yes Bank
REC011851,PER04313,Personal Loan,38,2013-03-04,60,Repaid,Kotak Mahindra
REC011852,PER04314,Car Loan,58,2021-06-27,60,Active,Bajaj Finserv
REC011853,PER04315,Home Loan,240,2022-09-01,120,Active,PNB
REC011854,PER04315,Home Loan,439,2021-10-16,120,Defaulted,Yes Bank
REC011855,PER04315,Home Loan,169,2015-09-09,300,Defaulted,LIC Housing Finance
REC011856,PER04315,Personal Loan,18,2018-01-02,12,Defaulted,Axis Bank
REC011857,PER04317,Car Loan,49,2019-02-16,60,Repaid,IDBI Bank
REC011858,PER04319,Car Loan,34,2019-07-02,36,Repaid,PNB
REC011859,PER04319,Home Loan,188,2013-06-18,240,Repaid,Kotak Mahindra
REC011860,PER04319,Car Loan,28,2013-09-24,36,Repaid,HDFC Bank
REC011861,PER04320,Education Loan,97,2011-11-15,60,Active,LIC Housing Finance
REC011862,PER04320,Two-Wheeler Loan,22,2023-01-18,60,Repaid,SBI
REC011863,PER04320,Business Loan,115,2015-01-13,12,Active,Bank of Baroda
REC011864,PER04320,Business Loan,43,2017-08-24,48,Repaid,Axis Bank
REC011865,PER04321,Home Loan,163,2019-03-12,300,Active,Axis Bank
REC011866,PER04321,Business Loan,59,2016-09-15,12,Repaid,Tata Capital
REC011867,PER04322,Home Loan,127,2012-03-02,300,Repaid,Tata Capital
REC011868,PER04322,Home Loan,80,2012-03-01,120,Active,Union Bank
REC011869,PER04322,Car Loan,36,2020-03-17,36,Active,Tata Capital
REC011870,PER04323,Home Loan,324,2019-11-01,120,Defaulted,ICICI Bank
REC011871,PER04323,Home Loan,103,2012-10-03,240,Defaulted,Kotak Mahindra
REC011872,PER04324,Business Loan,68,2024-10-18,48,Active,Kotak Mahindra
REC011873,PER04324,Home Loan,104,2025-03-24,240,Defaulted,Axis Bank
REC011874,PER04324,Car Loan,48,2020-02-13,48,Active,Axis Bank
REC011875,PER04325,Business Loan,152,2018-12-09,48,Active,IndusInd Bank
REC011876,PER04325,Business Loan,239,2025-07-12,60,Repaid,Union Bank
REC011877,PER04325,Personal Loan,31,2020-08-03,60,Repaid,Yes Bank
REC011878,PER04326,Home Loan,510,2016-06-22,180,Repaid,SBI
REC011879,PER04326,Two-Wheeler Loan,6,2023-06-02,48,Active,Bank of Baroda
REC011880,PER04326,Education Loan,150,2023-05-14,60,Active,Yes Bank
REC011881,PER04326,Gold Loan,7,2020-10-14,36,Active,Kotak Mahindra
REC011882,PER04327,Car Loan,68,2025-03-11,48,Repaid,Tata Capital
REC011883,PER04327,Car Loan,51,2010-06-10,48,Repaid,IndusInd Bank
REC011884,PER04327,Gold Loan,8,2010-09-15,24,Defaulted,Canara Bank
REC011885,PER04327,Car Loan,43,2013-11-15,60,Repaid,LIC Housing Finance
REC011886,PER04327,Two-Wheeler Loan,6,2016-03-26,24,Repaid,Bank of Baroda
REC011887,PER04328,Personal Loan,14,2016-05-20,48,Active,Canara Bank
REC011888,PER04328,Education Loan,56,2016-10-26,36,Repaid,Kotak Mahindra
REC011889,PER04328,Home Loan,277,2015-05-03,240,Repaid,Bank of Baroda
REC011890,PER04328,Business Loan,105,2021-09-25,60,Repaid,PNB
REC011891,PER04330,Personal Loan,53,2023-09-24,24,Active,Tata Capital
REC011892,PER04330,Personal Loan,42,2015-02-11,36,Repaid,HDFC Bank
REC011893,PER04330,Personal Loan,14,2013-02-14,24,Repaid,Axis Bank
REC011894,PER04331,Business Loan,82,2016-03-20,24,Defaulted,Yes Bank
REC011895,PER04331,Education Loan,44,2020-08-23,84,Active,PNB
REC011896,PER04331,Car Loan,55,2017-01-06,48,Active,IDBI Bank
REC011897,PER04331,Personal Loan,41,2017-10-24,60,Repaid,HDFC Bank
REC011898,PER04331,Education Loan,24,2011-05-24,60,Repaid,Yes Bank
REC011899,PER04331,Home Loan,59,2023-05-02,120,Active,Canara Bank
REC011900,PER04331,Car Loan,47,2015-02-23,60,Active,HDFC Bank
REC011901,PER04331,Home Loan,196,2013-02-17,240,Active,Bank of Baroda
REC011902,PER04334,Home Loan,223,2019-09-13,180,Active,PNB
REC011903,PER04335,Education Loan,40,2021-12-04,36,Repaid,ICICI Bank
REC011904,PER04335,Education Loan,58,2015-08-17,60,Defaulted,Union Bank
REC011905,PER04335,Car Loan,101,2025-08-18,60,Active,HDFC Bank
REC011906,PER04336,Personal Loan,15,2023-02-06,36,Defaulted,Union Bank
REC011907,PER04336,Home Loan,369,2019-02-27,180,Repaid,IndusInd Bank
REC011908,PER04336,Education Loan,59,2021-03-06,48,Active,HDFC Bank
REC011909,PER04336,Education Loan,78,2020-09-11,36,Defaulted,Kotak Mahindra
REC011910,PER04336,Personal Loan,21,2010-01-06,12,Defaulted,HDFC Bank
REC011911,PER04336,Business Loan,59,2010-06-11,36,Defaulted,IDBI Bank
REC011912,PER04337,Gold Loan,9,2016-03-22,48,Repaid,PNB
REC011913,PER04337,Home Loan,267,2012-04-13,180,Active,IDBI Bank
REC011914,PER04339,Car Loan,41,2021-10-19,60,Repaid,Kotak Mahindra
REC011915,PER04339,Car Loan,124,2024-10-04,84,Repaid,PNB
REC011916,PER04339,Education Loan,29,2015-05-27,60,Defaulted,Bank of Baroda
REC011917,PER04339,Car Loan,32,2018-08-26,36,Active,Yes Bank
REC011918,PER04340,Education Loan,25,2010-12-10,60,Repaid,Tata Capital
REC011919,PER04340,Home Loan,171,2021-07-01,360,Repaid,IDBI Bank
REC011920,PER04341,Home Loan,146,2024-01-07,120,Repaid,ICICI Bank
REC011921,PER04341,Consumer Durable Loan,16,2010-05-01,36,Defaulted,Bank of Baroda
REC011922,PER04341,Home Loan,201,2020-10-23,300,Defaulted,LIC Housing Finance
REC011923,PER04341,Home Loan,147,2017-01-26,240,Active,Bank of Baroda
REC011924,PER04342,Personal Loan,19,2022-01-14,60,Active,Bajaj Finserv
REC011925,PER04342,Education Loan,32,2013-01-13,48,Defaulted,SBI
REC011926,PER04342,Personal Loan,33,2012-07-06,24,Active,IDBI Bank
REC011927,PER04342,Home Loan,212,2010-10-06,180,Repaid,Yes Bank
REC011928,PER04342,Home Loan,114,2010-10-19,360,Active,Yes Bank
REC011929,PER04342,Home Loan,315,2023-12-22,240,Repaid,Bank of Baroda
REC011930,PER04342,Home Loan,183,2025-11-11,120,Active,Tata Capital
REC011931,PER04342,Car Loan,54,2014-06-14,36,Defaulted,Union Bank
REC011932,PER04343,Home Loan,146,2020-11-21,240,Repaid,Union Bank
REC011933,PER04343,Car Loan,61,2020-12-18,48,Repaid,Kotak Mahindra
REC011934,PER04343,Home Loan,381,2023-08-01,180,Active,Union Bank
REC011935,PER04343,Home Loan,166,2017-08-23,240,Repaid,HDFC Bank
REC011936,PER04346,Car Loan,65,2022-06-01,36,Repaid,Canara Bank
REC011937,PER04346,Education Loan,150,2024-11-05,84,Active,Kotak Mahindra
REC011938,PER04346,Personal Loan,36,2025-04-04,36,Repaid,ICICI Bank
REC011939,PER04347,Education Loan,42,2020-04-28,60,Repaid,SBI
REC011940,PER04347,Education Loan,40,2025-05-02,84,Active,Yes Bank
REC011941,PER04350,Personal Loan,14,2018-09-28,24,Repaid,Tata Capital
REC011942,PER04351,Car Loan,52,2023-09-19,48,Repaid,IDBI Bank
REC011943,PER04351,Home Loan,346,2023-07-12,120,Defaulted,Tata Capital
REC011944,PER04352,Business Loan,56,2014-10-08,60,Repaid,Canara Bank
REC011945,PER04352,Gold Loan,16,2025-11-13,12,Defaulted,Bank of Baroda
REC011946,PER04352,Consumer Durable Loan,5,2010-05-08,60,Active,Bajaj Finserv
REC011947,PER04352,Home Loan,264,2023-10-03,120,Active,IDBI Bank
REC011948,PER04352,Personal Loan,47,2016-08-26,24,Repaid,PNB
REC011949,PER04352,Car Loan,49,2014-12-26,84,Defaulted,PNB
REC011950,PER04352,Personal Loan,17,2025-07-13,12,Repaid,Axis Bank
REC011951,PER04353,Car Loan,68,2012-04-11,36,Active,Union Bank
REC011952,PER04353,Car Loan,60,2019-05-20,36,Repaid,Union Bank
REC011953,PER04353,Car Loan,66,2012-10-03,36,Repaid,Bajaj Finserv
REC011954,PER04353,Personal Loan,34,2012-05-11,60,Repaid,Tata Capital
REC011955,PER04354,Home Loan,163,2024-04-16,300,Repaid,PNB
REC011956,PER04355,Home Loan,157,2017-01-20,180,Repaid,IDBI Bank
REC011957,PER04355,Car Loan,70,2016-06-20,36,Repaid,Bajaj Finserv
REC011958,PER04355,Consumer Durable Loan,6,2020-06-19,36,Repaid,Axis Bank
REC011959,PER04355,Personal Loan,39,2019-07-27,60,Active,HDFC Bank
REC011960,PER04356,Home Loan,192,2023-07-11,120,Repaid,Bajaj Finserv
REC011961,PER04356,Car Loan,142,2010-10-05,60,Repaid,Axis Bank
REC011962,PER04356,Personal Loan,76,2021-04-07,60,Active,Union Bank
REC011963,PER04356,Car Loan,33,2019-01-08,84,Repaid,Tata Capital
REC011964,PER04357,Home Loan,267,2025-02-14,240,Active,Union Bank
REC011965,PER04357,Car Loan,47,2017-11-02,36,Defaulted,Canara Bank
REC011966,PER04358,Home Loan,299,2021-10-01,240,Active,Axis Bank
REC011967,PER04358,Home Loan,204,2013-10-19,180,Repaid,SBI
REC011968,PER04359,Home Loan,206,2014-12-21,300,Repaid,Axis Bank
REC011969,PER04359,Education Loan,28,2014-07-01,60,Defaulted,HDFC Bank
REC011970,PER04359,Home Loan,237,2011-04-14,120,Repaid,IndusInd Bank
REC011971,PER04359,Consumer Durable Loan,25,2023-11-15,12,Repaid,Yes Bank
REC011972,PER04360,Car Loan,86,2017-01-24,36,Repaid,SBI
REC011973,PER04360,Personal Loan,18,2022-08-24,24,Active,Axis Bank
REC011974,PER04361,Home Loan,176,2022-11-10,360,Repaid,HDFC Bank
REC011975,PER04362,Business Loan,100,2017-06-24,60,Repaid,ICICI Bank
REC011976,PER04362,Gold Loan,8,2013-06-17,24,Repaid,Canara Bank
REC011977,PER04362,Personal Loan,53,2018-04-02,36,Active,Kotak Mahindra
REC011978,PER04362,Personal Loan,15,2015-06-15,60,Defaulted,PNB
REC011979,PER04362,Business Loan,224,2015-09-28,24,Active,Axis Bank
REC011980,PER04363,Home Loan,106,2014-06-08,180,Repaid,LIC Housing Finance
REC011981,PER04364,Gold Loan,10,2017-07-12,12,Repaid,Bank of Baroda
REC011982,PER04364,Business Loan,64,2018-12-08,48,Active,IDBI Bank
REC011983,PER04365,Home Loan,174,2012-01-04,120,Repaid,Kotak Mahindra
REC011984,PER04365,Personal Loan,37,2021-07-21,12,Repaid,HDFC Bank
REC011985,PER04366,Personal Loan,17,2011-03-03,48,Repaid,Canara Bank
REC011986,PER04366,Home Loan,234,2022-08-24,120,Active,IndusInd Bank
REC011987,PER04367,Home Loan,217,2019-11-09,300,Repaid,Canara Bank
REC011988,PER04367,Business Loan,64,2012-01-21,60,Repaid,Yes Bank
REC011989,PER04367,Car Loan,59,2012-12-16,48,Defaulted,Yes Bank
REC011990,PER04367,Car Loan,52,2017-02-15,36,Active,IndusInd Bank
REC011991,PER04367,Two-Wheeler Loan,24,2021-07-14,48,Repaid,Yes Bank
REC011992,PER04367,Business Loan,68,2011-10-21,48,Active,Yes Bank
REC011993,PER04368,Car Loan,101,2018-09-09,84,Active,ICICI Bank
REC011994,PER04368,Education Loan,73,2024-04-26,84,Repaid,Tata Capital
REC011995,PER04368,Home Loan,162,2025-04-15,240,Repaid,IndusInd Bank
REC011996,PER04369,Car Loan,36,2019-09-03,48,Repaid,HDFC Bank
REC011997,PER04371,Personal Loan,16,2022-02-12,36,Repaid,Union Bank
REC011998,PER04371,Personal Loan,34,2018-06-26,36,Repaid,Kotak Mahindra
REC011999,PER04371,Home Loan,350,2025-11-16,180,Repaid,HDFC Bank
REC012000,PER04371,Home Loan,161,2013-12-17,180,Repaid,Bank of Baroda
REC012001,PER04372,Personal Loan,43,2021-02-20,24,Active,PNB
REC012002,PER04372,Two-Wheeler Loan,2,2019-10-21,12,Repaid,Kotak Mahindra
REC012003,PER04373,Education Loan,19,2021-01-18,84,Repaid,Bank of Baroda
REC012004,PER04373,Personal Loan,23,2018-04-13,36,Repaid,Kotak Mahindra
REC012005,PER04373,Personal Loan,100,2017-10-13,12,Repaid,LIC Housing Finance
REC012006,PER04374,Home Loan,213,2012-10-09,240,Repaid,Bajaj Finserv
REC012007,PER04374,Car Loan,67,2024-06-28,60,Repaid,HDFC Bank
REC012008,PER04374,Gold Loan,14,2015-03-13,12,Repaid,IndusInd Bank
REC012009,PER04375,Home Loan,116,2019-05-16,120,Repaid,SBI
REC012010,PER04376,Home Loan,103,2016-03-26,240,Active,ICICI Bank
REC012011,PER04376,Home Loan,318,2019-05-14,360,Repaid,PNB
REC012012,PER04377,Car Loan,75,2017-07-14,84,Repaid,IDBI Bank
REC012013,PER04377,Home Loan,146,2018-07-09,180,Defaulted,Axis Bank
REC012014,PER04378,Car Loan,43,2010-04-22,60,Repaid,Kotak Mahindra
REC012015,PER04378,Personal Loan,17,2017-03-17,12,Repaid,IndusInd Bank
REC012016,PER04379,Business Loan,207,2020-04-10,48,Defaulted,Yes Bank
REC012017,PER04380,Home Loan,203,2024-02-22,360,Active,Yes Bank
REC012018,PER04380,Personal Loan,38,2021-08-16,60,Repaid,Tata Capital
REC012019,PER04380,Home Loan,155,2025-06-26,240,Repaid,Bajaj Finserv
REC012020,PER04380,Education Loan,37,2022-10-26,36,Repaid,HDFC Bank
REC012021,PER04380,Personal Loan,95,2011-03-13,12,Repaid,Axis Bank
REC012022,PER04381,Personal Loan,55,2022-01-28,48,Defaulted,Bajaj Finserv
REC012023,PER04382,Consumer Durable Loan,12,2014-12-11,60,Active,ICICI Bank
REC012024,PER04382,Personal Loan,30,2022-11-12,36,Active,Bajaj Finserv
REC012025,PER04383,Two-Wheeler Loan,18,2010-03-20,24,Repaid,Bank of Baroda
REC012026,PER04383,Home Loan,90,2011-08-26,360,Active,IndusInd Bank
REC012027,PER04384,Home Loan,340,2022-08-20,120,Repaid,Bajaj Finserv
REC012028,PER04384,Education Loan,26,2016-10-08,60,Defaulted,Kotak Mahindra
REC012029,PER04384,Home Loan,111,2021-10-12,120,Repaid,SBI
REC012030,PER04384,Gold Loan,6,2020-02-08,24,Active,IDBI Bank
REC012031,PER04384,Home Loan,70,2019-02-10,180,Defaulted,IndusInd Bank
REC012032,PER04384,Home Loan,112,2018-11-23,360,Repaid,ICICI Bank
REC012033,PER04385,Home Loan,159,2013-06-01,300,Repaid,Tata Capital
REC012034,PER04385,Home Loan,123,2021-01-24,240,Repaid,Axis Bank
REC012035,PER04385,Personal Loan,100,2021-06-16,12,Defaulted,ICICI Bank
REC012036,PER04385,Personal Loan,30,2020-08-15,48,Repaid,Axis Bank
REC012037,PER04386,Two-Wheeler Loan,5,2014-12-28,12,Defaulted,SBI
REC012038,PER04387,Car Loan,48,2023-01-28,48,Defaulted,Kotak Mahindra
REC012039,PER04387,Business Loan,73,2025-09-04,36,Repaid,Bajaj Finserv
REC012040,PER04387,Consumer Durable Loan,13,2016-03-20,48,Defaulted,Tata Capital
REC012041,PER04389,Home Loan,196,2016-09-19,300,Repaid,HDFC Bank
REC012042,PER04389,Car Loan,33,2014-06-22,84,Repaid,Axis Bank
REC012043,PER04389,Personal Loan,21,2019-06-15,24,Repaid,Bajaj Finserv
REC012044,PER04390,Car Loan,32,2013-09-18,84,Repaid,Union Bank
REC012045,PER04390,Personal Loan,58,2011-03-06,48,Repaid,PNB
REC012046,PER04390,Education Loan,66,2012-01-04,36,Repaid,PNB
REC012047,PER04391,Home Loan,214,2011-01-27,360,Active,PNB
REC012048,PER04391,Personal Loan,42,2022-11-07,24,Active,SBI
REC012049,PER04391,Home Loan,344,2019-09-20,120,Active,IDBI Bank
REC012050,PER04391,Car Loan,50,2019-06-06,60,Defaulted,Axis Bank
REC012051,PER04392,Personal Loan,41,2016-01-26,24,Repaid,Union Bank
REC012052,PER04392,Home Loan,108,2016-02-09,180,Active,SBI
REC012053,PER04393,Education Loan,46,2016-11-15,48,Active,IDBI Bank
REC012054,PER04393,Personal Loan,60,2021-05-02,36,Active,LIC Housing Finance
REC012055,PER04393,Personal Loan,40,2014-06-06,36,Active,IndusInd Bank
REC012056,PER04393,Home Loan,431,2016-07-05,120,Repaid,Canara Bank
REC012057,PER04393,Car Loan,78,2024-07-08,48,Defaulted,ICICI Bank
REC012058,PER04393,Business Loan,94,2014-03-14,24,Defaulted,Canara Bank
REC012059,PER04393,Car Loan,44,2021-05-23,84,Defaulted,Tata Capital
REC012060,PER04393,Home Loan,271,2015-07-02,180,Repaid,Bank of Baroda
REC012061,PER04394,Car Loan,67,2014-11-19,84,Repaid,Axis Bank
REC012062,PER04395,Consumer Durable Loan,9,2011-12-25,48,Repaid,Tata Capital
REC012063,PER04396,Gold Loan,47,2011-04-05,48,Active,Tata Capital
REC012064,PER04396,Consumer Durable Loan,2,2015-01-20,24,Active,Tata Capital
REC012065,PER04396,Gold Loan,12,2025-08-20,48,Active,LIC Housing Finance
REC012066,PER04396,Personal Loan,59,2024-08-20,24,Repaid,Bajaj Finserv
REC012067,PER04397,Home Loan,276,2019-08-15,300,Active,Bank of Baroda
REC012068,PER04397,Personal Loan,9,2010-06-10,24,Repaid,Canara Bank
REC012069,PER04397,Personal Loan,62,2011-07-10,36,Repaid,Yes Bank
REC012070,PER04398,Business Loan,87,2014-07-23,24,Repaid,Yes Bank
REC012071,PER04398,Personal Loan,45,2018-09-18,24,Repaid,Bajaj Finserv
REC012072,PER04398,Business Loan,91,2022-07-06,48,Repaid,HDFC Bank
REC012073,PER04398,Car Loan,122,2025-08-14,36,Repaid,SBI
REC012074,PER04399,Education Loan,45,2015-02-25,84,Repaid,SBI
REC012075,PER04399,Home Loan,226,2017-03-14,360,Repaid,IDBI Bank
REC012076,PER04400,Education Loan,101,2016-12-19,60,Repaid,ICICI Bank
REC012077,PER04401,Personal Loan,21,2011-02-11,36,Defaulted,LIC Housing Finance
REC012078,PER04401,Home Loan,152,2018-07-09,120,Active,HDFC Bank
REC012079,PER04401,Personal Loan,34,2019-04-06,36,Defaulted,Axis Bank
REC012080,PER04402,Home Loan,336,2021-08-18,300,Repaid,Union Bank
REC012081,PER04402,Home Loan,302,2017-12-04,180,Repaid,Yes Bank
REC012082,PER04403,Personal Loan,15,2022-03-27,48,Repaid,Union Bank
REC012083,PER04403,Home Loan,466,2019-09-05,360,Defaulted,Kotak Mahindra
REC012084,PER04404,Gold Loan,8,2022-08-22,60,Defaulted,ICICI Bank
REC012085,PER04404,Home Loan,239,2017-02-08,360,Repaid,Yes Bank
REC012086,PER04404,Car Loan,73,2025-05-18,36,Defaulted,Bank of Baroda
REC012087,PER04405,Home Loan,86,2022-10-16,300,Repaid,Kotak Mahindra
REC012088,PER04405,Home Loan,169,2010-06-08,300,Active,PNB
REC012089,PER04405,Car Loan,49,2023-06-07,60,Defaulted,Canara Bank
REC012090,PER04405,Consumer Durable Loan,4,2017-01-15,12,Repaid,Bank of Baroda
REC012091,PER04405,Personal Loan,11,2025-02-25,36,Active,PNB
REC012092,PER04405,Personal Loan,81,2016-07-15,12,Repaid,ICICI Bank
REC012093,PER04406,Home Loan,216,2013-05-15,240,Repaid,Yes Bank
REC012094,PER04406,Education Loan,34,2025-09-13,48,Repaid,SBI
REC012095,PER04407,Personal Loan,25,2016-03-26,48,Repaid,Bajaj Finserv
REC012096,PER04407,Two-Wheeler Loan,6,2018-05-01,24,Active,SBI
REC012097,PER04407,Gold Loan,14,2014-12-18,12,Repaid,IDBI Bank
REC012098,PER04408,Personal Loan,53,2015-05-17,36,Repaid,PNB
REC012099,PER04408,Personal Loan,22,2011-03-17,36,Repaid,HDFC Bank
REC012100,PER04409,Business Loan,87,2021-02-09,12,Repaid,Bank of Baroda
REC012101,PER04409,Home Loan,116,2012-03-28,360,Repaid,SBI
REC012102,PER04409,Education Loan,29,2019-05-05,60,Repaid,Bank of Baroda
REC012103,PER04409,Business Loan,229,2015-10-24,24,Defaulted,Tata Capital
REC012104,PER04410,Personal Loan,86,2020-08-22,60,Repaid,ICICI Bank
REC012105,PER04410,Home Loan,287,2012-02-04,120,Active,LIC Housing Finance
REC012106,PER04410,Home Loan,305,2017-11-23,360,Repaid,IndusInd Bank
REC012107,PER04410,Personal Loan,12,2014-09-13,24,Defaulted,Kotak Mahindra
REC012108,PER04411,Home Loan,113,2015-11-24,300,Active,Kotak Mahindra
REC012109,PER04412,Car Loan,53,2015-11-03,48,Repaid,HDFC Bank
REC012110,PER04412,Education Loan,80,2010-05-07,48,Active,IndusInd Bank
REC012111,PER04413,Car Loan,65,2012-10-07,84,Active,PNB
REC012112,PER04414,Car Loan,49,2024-11-26,36,Repaid,LIC Housing Finance
REC012113,PER04414,Gold Loan,11,2015-06-05,24,Repaid,Union Bank
REC012114,PER04415,Car Loan,40,2023-07-02,84,Active,Tata Capital
REC012115,PER04415,Consumer Durable Loan,11,2023-09-11,36,Active,Bank of Baroda
REC012116,PER04415,Gold Loan,9,2020-07-27,24,Defaulted,Yes Bank
REC012117,PER04416,Car Loan,63,2020-01-01,36,Repaid,Kotak Mahindra
REC012118,PER04416,Home Loan,113,2013-01-06,240,Active,HDFC Bank
REC012119,PER04418,Home Loan,266,2018-11-13,300,Repaid,ICICI Bank
REC012120,PER04418,Personal Loan,45,2014-08-04,48,Defaulted,Bajaj Finserv
REC012121,PER04418,Education Loan,101,2014-09-17,60,Repaid,IndusInd Bank
REC012122,PER04418,Two-Wheeler Loan,6,2016-11-10,48,Repaid,ICICI Bank
REC012123,PER04419,Business Loan,390,2014-04-19,60,Repaid,Union Bank
REC012124,PER04419,Home Loan,300,2010-12-10,360,Repaid,Union Bank
REC012125,PER04419,Home Loan,504,2018-08-05,180,Active,ICICI Bank
REC012126,PER04420,Home Loan,378,2014-04-15,180,Repaid,Yes Bank
REC012127,PER04420,Personal Loan,14,2023-04-03,24,Repaid,Axis Bank
REC012128,PER04420,Car Loan,64,2011-01-13,84,Repaid,PNB
REC012129,PER04420,Car Loan,42,2017-09-04,60,Defaulted,Yes Bank
REC012130,PER04421,Business Loan,48,2010-11-11,24,Repaid,Union Bank
REC012131,PER04421,Business Loan,100,2016-04-07,12,Active,Yes Bank
REC012132,PER04422,Home Loan,103,2017-06-16,240,Repaid,Tata Capital
REC012133,PER04422,Education Loan,51,2019-10-20,84,Active,SBI
REC012134,PER04422,Home Loan,268,2022-09-28,180,Repaid,HDFC Bank
REC012135,PER04422,Home Loan,151,2011-11-02,360,Active,Bajaj Finserv
REC012136,PER04423,Business Loan,63,2016-09-20,60,Repaid,PNB
REC012137,PER04423,Home Loan,201,2016-09-08,240,Repaid,IndusInd Bank
REC012138,PER04424,Personal Loan,22,2015-03-01,48,Active,PNB
REC012139,PER04424,Education Loan,55,2020-07-14,36,Defaulted,PNB
REC012140,PER04424,Home Loan,120,2017-07-05,240,Defaulted,Yes Bank
REC012141,PER04424,Home Loan,202,2020-11-08,240,Repaid,IDBI Bank
REC012142,PER04424,Education Loan,61,2020-11-27,84,Defaulted,LIC Housing Finance
REC012143,PER04425,Personal Loan,32,2019-02-19,60,Defaulted,PNB
REC012144,PER04426,Personal Loan,52,2017-09-15,36,Defaulted,Kotak Mahindra
REC012145,PER04426,Personal Loan,20,2018-02-18,36,Repaid,Canara Bank
REC012146,PER04426,Home Loan,247,2019-04-24,300,Active,Axis Bank
REC012147,PER04427,Gold Loan,12,2014-01-01,24,Repaid,IndusInd Bank
REC012148,PER04427,Education Loan,67,2013-07-25,48,Repaid,SBI
REC012149,PER04429,Gold Loan,6,2015-11-22,48,Defaulted,SBI
REC012150,PER04429,Home Loan,125,2023-04-01,240,Defaulted,IDBI Bank
REC012151,PER04429,Home Loan,501,2019-08-24,300,Repaid,Axis Bank
REC012152,PER04430,Two-Wheeler Loan,8,2022-06-09,12,Active,PNB
REC012153,PER04430,Home Loan,520,2014-05-08,240,Repaid,Union Bank
REC012154,PER04430,Home Loan,338,2025-04-02,180,Repaid,Kotak Mahindra
REC012155,PER04431,Home Loan,250,2012-04-02,300,Active,Union Bank
REC012156,PER04431,Home Loan,85,2024-07-10,300,Defaulted,Bank of Baroda
REC012157,PER04431,Car Loan,58,2014-03-24,84,Repaid,ICICI Bank
REC012158,PER04432,Car Loan,38,2019-09-04,84,Repaid,Yes Bank
REC012159,PER04432,Two-Wheeler Loan,12,2021-02-21,12,Repaid,Tata Capital
REC012160,PER04433,Two-Wheeler Loan,24,2022-08-10,36,Defaulted,ICICI Bank
REC012161,PER04433,Home Loan,144,2025-05-20,120,Repaid,Bank of Baroda
REC012162,PER04433,Business Loan,71,2022-01-03,36,Repaid,Tata Capital
REC012163,PER04433,Business Loan,42,2010-12-10,48,Defaulted,Yes Bank
REC012164,PER04434,Personal Loan,15,2017-03-14,24,Active,IndusInd Bank
REC012165,PER04434,Home Loan,245,2023-07-06,120,Repaid,Bajaj Finserv
REC012166,PER04434,Education Loan,43,2024-02-01,48,Repaid,Yes Bank
REC012167,PER04435,Personal Loan,77,2020-06-04,36,Active,Bank of Baroda
REC012168,PER04436,Personal Loan,64,2015-05-25,36,Defaulted,SBI
REC012169,PER04436,Personal Loan,12,2022-08-06,12,Repaid,Bank of Baroda
REC012170,PER04436,Personal Loan,25,2011-10-07,24,Active,Axis Bank
REC012171,PER04436,Personal Loan,26,2014-04-11,24,Repaid,Tata Capital
REC012172,PER04436,Car Loan,37,2021-08-22,60,Active,Tata Capital
REC012173,PER04436,Two-Wheeler Loan,9,2010-10-07,24,Repaid,Axis Bank
REC012174,PER04436,Business Loan,64,2018-06-23,60,Defaulted,Yes Bank
REC012175,PER04437,Home Loan,212,2012-06-22,240,Repaid,IDBI Bank
REC012176,PER04438,Personal Loan,39,2011-02-24,24,Repaid,HDFC Bank
REC012177,PER04438,Business Loan,93,2015-09-21,12,Repaid,PNB
REC012178,PER04439,Car Loan,37,2018-03-27,36,Active,Axis Bank
REC012179,PER04439,Car Loan,23,2014-03-05,60,Active,LIC Housing Finance
REC012180,PER04440,Home Loan,272,2017-11-02,360,Repaid,Canara Bank
REC012181,PER04440,Consumer Durable Loan,6,2012-07-26,12,Repaid,ICICI Bank
REC012182,PER04440,Home Loan,246,2017-09-28,120,Active,Yes Bank
REC012183,PER04440,Personal Loan,67,2024-12-28,48,Active,IndusInd Bank
REC012184,PER04440,Education Loan,37,2021-11-21,60,Repaid,PNB
REC012185,PER04440,Personal Loan,74,2017-07-24,60,Repaid,Bajaj Finserv
REC012186,PER04440,Personal Loan,26,2023-09-21,48,Repaid,Bank of Baroda
REC012187,PER04441,Personal Loan,100,2021-07-05,24,Defaulted,PNB
REC012188,PER04441,Gold Loan,28,2013-07-23,12,Defaulted,IDBI Bank
REC012189,PER04442,Gold Loan,9,2014-12-15,12,Repaid,Canara Bank
REC012190,PER04442,Business Loan,87,2022-05-09,60,Repaid,Canara Bank
REC012191,PER04442,Business Loan,48,2015-07-16,60,Active,PNB
REC012192,PER04442,Business Loan,83,2021-10-19,48,Active,SBI
REC012193,PER04442,Personal Loan,70,2010-02-10,60,Active,Yes Bank
REC012194,PER04442,Education Loan,47,2018-11-11,60,Repaid,IndusInd Bank
REC012195,PER04442,Car Loan,49,2013-01-06,60,Active,Kotak Mahindra
REC012196,PER04442,Car Loan,38,2022-12-23,48,Repaid,HDFC Bank
REC012197,PER04443,Personal Loan,40,2014-12-03,48,Repaid,Kotak Mahindra
REC012198,PER04443,Personal Loan,17,2024-12-12,60,Active,IndusInd Bank
REC012199,PER04444,Personal Loan,10,2020-10-27,48,Defaulted,HDFC Bank
REC012200,PER04445,Car Loan,90,2017-09-19,84,Active,ICICI Bank
REC012201,PER04447,Home Loan,144,2024-08-08,240,Repaid,SBI
REC012202,PER04447,Personal Loan,17,2024-10-12,12,Repaid,Union Bank
REC012203,PER04447,Home Loan,234,2019-09-06,180,Repaid,ICICI Bank
REC012204,PER04447,Personal Loan,48,2012-06-10,48,Repaid,Canara Bank
REC012205,PER04448,Personal Loan,36,2025-04-18,60,Defaulted,Axis Bank
REC012206,PER04449,Car Loan,31,2011-07-08,48,Defaulted,Bajaj Finserv
REC012207,PER04449,Business Loan,49,2014-05-19,48,Active,Canara Bank
REC012208,PER04450,Education Loan,24,2019-11-23,84,Active,PNB
REC012209,PER04450,Personal Loan,10,2021-06-15,24,Repaid,ICICI Bank
REC012210,PER04450,Personal Loan,50,2011-06-04,60,Active,SBI
REC012211,PER04450,Business Loan,86,2019-12-23,12,Repaid,LIC Housing Finance
REC012212,PER04450,Home Loan,213,2025-05-25,240,Active,Axis Bank
REC012213,PER04451,Car Loan,78,2021-10-14,84,Repaid,Union Bank
REC012214,PER04452,Personal Loan,20,2013-04-17,60,Active,Axis Bank
REC012215,PER04453,Home Loan,105,2020-07-15,360,Repaid,Tata Capital
REC012216,PER04453,Car Loan,35,2011-04-12,48,Repaid,Tata Capital
REC012217,PER04454,Personal Loan,56,2020-07-04,12,Repaid,Kotak Mahindra
REC012218,PER04454,Home Loan,123,2012-03-11,360,Active,IDBI Bank
REC012219,PER04454,Personal Loan,23,2023-02-28,48,Repaid,Axis Bank
REC012220,PER04455,Personal Loan,83,2017-03-13,24,Repaid,ICICI Bank
REC012221,PER04455,Home Loan,188,2012-10-18,240,Repaid,Tata Capital
REC012222,PER04455,Gold Loan,7,2015-06-17,60,Repaid,IndusInd Bank
REC012223,PER04455,Personal Loan,75,2017-11-05,48,Repaid,Tata Capital
REC012224,PER04455,Two-Wheeler Loan,7,2022-02-25,12,Repaid,Yes Bank
REC012225,PER04456,Home Loan,165,2020-09-08,300,Repaid,IndusInd Bank
REC012226,PER04456,Education Loan,26,2021-08-03,36,Repaid,Union Bank
REC012227,PER04456,Personal Loan,50,2012-08-22,24,Active,ICICI Bank
REC012228,PER04457,Business Loan,141,2019-02-06,24,Repaid,Axis Bank
REC012229,PER04457,Home Loan,104,2015-04-28,240,Active,ICICI Bank
REC012230,PER04458,Car Loan,62,2016-10-07,36,Repaid,Canara Bank
REC012231,PER04458,Home Loan,159,2014-10-03,180,Active,LIC Housing Finance
REC012232,PER04459,Home Loan,387,2014-03-09,240,Defaulted,Bajaj Finserv
REC012233,PER04460,Personal Loan,29,2017-12-23,36,Defaulted,SBI
REC012234,PER04460,Home Loan,309,2012-07-14,120,Repaid,Canara Bank
REC012235,PER04460,Home Loan,147,2025-11-22,240,Defaulted,Canara Bank
REC012236,PER04460,Business Loan,219,2020-05-02,60,Repaid,Canara Bank
REC012237,PER04460,Consumer Durable Loan,3,2024-01-01,24,Active,Union Bank
REC012238,PER04461,Car Loan,68,2025-11-11,84,Defaulted,Axis Bank
REC012239,PER04461,Personal Loan,12,2017-03-03,12,Repaid,Canara Bank
REC012240,PER04462,Home Loan,264,2023-07-27,240,Repaid,LIC Housing Finance
REC012241,PER04462,Home Loan,179,2011-12-24,300,Repaid,Axis Bank
REC012242,PER04462,Home Loan,216,2010-12-25,300,Repaid,SBI
REC012243,PER04463,Education Loan,20,2021-03-28,60,Repaid,Tata Capital
REC012244,PER04464,Business Loan,48,2012-11-15,36,Active,HDFC Bank
REC012245,PER04464,Car Loan,34,2012-08-20,84,Repaid,Bank of Baroda
REC012246,PER04466,Consumer Durable Loan,9,2023-10-28,60,Active,Axis Bank
REC012247,PER04466,Car Loan,29,2025-02-10,60,Repaid,Canara Bank
REC012248,PER04466,Personal Loan,13,2023-08-10,48,Repaid,Union Bank
REC012249,PER04466,Home Loan,144,2022-10-09,180,Repaid,PNB
REC012250,PER04466,Home Loan,245,2020-12-27,180,Active,HDFC Bank
REC012251,PER04468,Personal Loan,48,2019-06-04,48,Repaid,Canara Bank
REC012252,PER04468,Home Loan,220,2018-11-08,180,Active,IndusInd Bank
REC012253,PER04468,Car Loan,43,2017-04-01,36,Repaid,PNB
REC012254,PER04469,Car Loan,85,2016-02-05,60,Active,SBI
REC012255,PER04469,Business Loan,79,2013-09-21,48,Defaulted,Canara Bank
REC012256,PER04469,Car Loan,84,2016-04-18,84,Active,IDBI Bank
REC012257,PER04469,Gold Loan,9,2017-10-26,48,Active,Axis Bank
REC012258,PER04470,Two-Wheeler Loan,9,2019-02-19,36,Repaid,Axis Bank
REC012259,PER04470,Home Loan,155,2013-12-07,120,Active,LIC Housing Finance
REC012260,PER04470,Car Loan,69,2017-11-23,60,Repaid,Kotak Mahindra
REC012261,PER04471,Personal Loan,34,2011-01-08,60,Repaid,Yes Bank
REC012262,PER04472,Home Loan,313,2016-08-21,180,Defaulted,SBI
REC012263,PER04472,Gold Loan,17,2025-02-09,60,Defaulted,Axis Bank
REC012264,PER04472,Personal Loan,19,2011-04-11,24,Active,IndusInd Bank
REC012265,PER04473,Education Loan,59,2015-03-23,84,Active,Union Bank
REC012266,PER04473,Two-Wheeler Loan,10,2011-03-05,48,Repaid,IndusInd Bank
REC012267,PER04473,Car Loan,47,2019-10-24,84,Defaulted,Yes Bank
REC012268,PER04474,Personal Loan,36,2011-02-15,12,Repaid,Bajaj Finserv
REC012269,PER04474,Business Loan,173,2016-10-25,24,Defaulted,IndusInd Bank
REC012270,PER04475,Personal Loan,21,2012-12-28,60,Active,Bank of Baroda
REC012271,PER04475,Business Loan,65,2025-04-06,36,Repaid,PNB
REC012272,PER04476,Personal Loan,31,2023-09-02,12,Repaid,IndusInd Bank
REC012273,PER04477,Personal Loan,36,2021-07-17,36,Repaid,LIC Housing Finance
REC012274,PER04477,Two-Wheeler Loan,4,2018-02-17,48,Repaid,Bank of Baroda
REC012275,PER04477,Car Loan,37,2023-03-07,36,Repaid,SBI
REC012276,PER04477,Education Loan,62,2025-01-03,60,Active,PNB
REC012277,PER04478,Home Loan,420,2013-02-22,180,Repaid,IndusInd Bank
REC012278,PER04478,Business Loan,110,2015-03-27,60,Defaulted,Yes Bank
REC012279,PER04478,Personal Loan,35,2014-09-16,36,Repaid,LIC Housing Finance
REC012280,PER04479,Business Loan,80,2014-06-24,12,Defaulted,IndusInd Bank
REC012281,PER04479,Business Loan,58,2025-05-06,48,Repaid,IndusInd Bank
REC012282,PER04479,Personal Loan,27,2016-02-14,48,Active,IDBI Bank
REC012283,PER04480,Personal Loan,29,2025-09-09,60,Active,Tata Capital
REC012284,PER04480,Home Loan,496,2024-10-01,240,Repaid,Tata Capital
REC012285,PER04481,Home Loan,310,2021-05-09,180,Repaid,ICICI Bank
REC012286,PER04481,Education Loan,58,2024-04-19,48,Repaid,IDBI Bank
REC012287,PER04481,Two-Wheeler Loan,16,2018-07-14,36,Repaid,HDFC Bank
REC012288,PER04481,Home Loan,287,2024-07-28,360,Active,Tata Capital
REC012289,PER04481,Car Loan,61,2016-12-19,36,Active,Bajaj Finserv
REC012290,PER04481,Personal Loan,16,2025-04-07,36,Defaulted,Tata Capital
REC012291,PER04481,Business Loan,122,2023-09-16,60,Defaulted,IDBI Bank
REC012292,PER04482,Education Loan,25,2021-06-28,60,Defaulted,IndusInd Bank
REC012293,PER04482,Home Loan,214,2017-05-11,120,Active,PNB
REC012294,PER04483,Consumer Durable Loan,2,2019-12-03,60,Active,SBI
REC012295,PER04483,Personal Loan,43,2018-04-02,60,Active,Axis Bank
REC012296,PER04483,Home Loan,301,2025-12-27,120,Repaid,ICICI Bank
REC012297,PER04484,Car Loan,30,2014-02-22,36,Active,PNB
REC012298,PER04484,Personal Loan,71,2014-11-23,48,Defaulted,Bajaj Finserv
REC012299,PER04484,Home Loan,472,2021-01-06,120,Active,Canara Bank
REC012300,PER04486,Car Loan,96,2022-09-11,48,Repaid,IndusInd Bank
REC012301,PER04486,Personal Loan,46,2022-02-27,12,Defaulted,Kotak Mahindra
REC012302,PER04486,Business Loan,129,2017-07-01,36,Active,Bank of Baroda
REC012303,PER04486,Gold Loan,11,2021-05-02,24,Repaid,ICICI Bank
REC012304,PER04487,Car Loan,56,2023-03-27,84,Defaulted,Bajaj Finserv
REC012305,PER04488,Car Loan,63,2019-04-19,36,Repaid,Bajaj Finserv
REC012306,PER04488,Education Loan,22,2016-10-16,48,Repaid,Axis Bank
REC012307,PER04488,Education Loan,29,2015-12-18,60,Active,IDBI Bank
REC012308,PER04488,Home Loan,228,2016-05-09,120,Repaid,HDFC Bank
REC012309,PER04489,Home Loan,307,2012-06-19,120,Active,PNB
REC012310,PER04489,Car Loan,69,2014-11-02,36,Repaid,HDFC Bank
REC012311,PER04490,Car Loan,36,2020-09-22,84,Active,PNB
REC012312,PER04490,Home Loan,244,2013-09-10,300,Defaulted,Bank of Baroda
REC012313,PER04490,Car Loan,54,2022-09-20,36,Repaid,LIC Housing Finance
REC012314,PER04490,Home Loan,139,2020-06-23,120,Repaid,IndusInd Bank
REC012315,PER04490,Car Loan,28,2016-02-23,36,Repaid,Canara Bank
REC012316,PER04491,Home Loan,127,2016-11-09,120,Repaid,Kotak Mahindra
REC012317,PER04491,Education Loan,55,2024-07-06,48,Repaid,ICICI Bank
REC012318,PER04491,Personal Loan,22,2013-12-03,48,Repaid,IDBI Bank
REC012319,PER04491,Personal Loan,50,2025-08-16,24,Active,PNB
REC012320,PER04491,Car Loan,44,2012-04-21,36,Defaulted,Kotak Mahindra
REC012321,PER04492,Home Loan,133,2025-08-18,360,Active,Bajaj Finserv
REC012322,PER04492,Home Loan,214,2015-07-04,300,Repaid,Canara Bank
REC012323,PER04493,Home Loan,142,2020-11-08,120,Repaid,Canara Bank
REC012324,PER04493,Home Loan,54,2025-11-11,180,Repaid,HDFC Bank
REC012325,PER04493,Gold Loan,4,2012-08-18,60,Active,Bank of Baroda
REC012326,PER04494,Personal Loan,47,2020-10-23,36,Repaid,Yes Bank
REC012327,PER04494,Two-Wheeler Loan,9,2022-06-01,60,Defaulted,Yes Bank
REC012328,PER04495,Car Loan,81,2016-10-21,48,Defaulted,Canara Bank
REC012329,PER04496,Personal Loan,58,2010-10-17,36,Repaid,Axis Bank
REC012330,PER04496,Home Loan,145,2022-12-17,360,Repaid,Axis Bank
REC012331,PER04496,Car Loan,39,2022-02-18,84,Repaid,IndusInd Bank
REC012332,PER04496,Personal Loan,48,2012-02-24,24,Repaid,LIC Housing Finance
REC012333,PER04496,Gold Loan,8,2024-09-27,12,Active,IndusInd Bank
REC012334,PER04497,Home Loan,151,2017-03-27,360,Repaid,ICICI Bank
REC012335,PER04497,Personal Loan,71,2022-12-23,60,Defaulted,LIC Housing Finance
REC012336,PER04497,Home Loan,168,2013-08-17,360,Active,Union Bank
REC012337,PER04498,Car Loan,70,2023-08-13,60,Defaulted,LIC Housing Finance
REC012338,PER04498,Education Loan,30,2019-03-10,84,Repaid,IDBI Bank
REC012339,PER04498,Home Loan,186,2013-04-16,240,Active,Yes Bank
REC012340,PER04498,Personal Loan,45,2018-03-24,60,Repaid,LIC Housing Finance
REC012341,PER04499,Gold Loan,19,2011-10-21,24,Repaid,IDBI Bank
REC012342,PER04499,Personal Loan,15,2013-03-24,12,Repaid,Bank of Baroda
REC012343,PER04499,Home Loan,326,2021-01-23,240,Active,Yes Bank
REC012344,PER04499,Two-Wheeler Loan,9,2024-02-11,24,Repaid,ICICI Bank
REC012345,PER04499,Car Loan,31,2017-12-17,48,Repaid,ICICI Bank
REC012346,PER04500,Business Loan,145,2023-03-15,36,Defaulted,IDBI Bank
REC012347,PER04500,Home Loan,181,2023-12-05,240,Active,Bank of Baroda
REC012348,PER04500,Two-Wheeler Loan,4,2019-11-01,48,Repaid,ICICI Bank
REC012349,PER04501,Car Loan,43,2011-07-05,48,Repaid,HDFC Bank
REC012350,PER04501,Personal Loan,11,2018-12-14,12,Active,IDBI Bank
REC012351,PER04501,Home Loan,243,2011-04-08,300,Repaid,Union Bank
REC012352,PER04502,Personal Loan,20,2015-05-07,48,Active,Axis Bank
REC012353,PER04502,Gold Loan,15,2018-08-15,12,Defaulted,Kotak Mahindra
REC012354,PER04502,Education Loan,39,2017-09-16,36,Repaid,HDFC Bank
REC012355,PER04502,Personal Loan,17,2019-07-26,60,Defaulted,Kotak Mahindra
REC012356,PER04502,Home Loan,203,2014-08-07,360,Repaid,HDFC Bank
REC012357,PER04503,Gold Loan,23,2016-09-11,36,Repaid,Tata Capital
REC012358,PER04504,Home Loan,108,2015-03-02,180,Active,Axis Bank
REC012359,PER04504,Two-Wheeler Loan,12,2017-12-07,12,Active,Union Bank
REC012360,PER04505,Car Loan,44,2025-08-08,48,Repaid,PNB
REC012361,PER04505,Home Loan,163,2019-03-16,240,Active,Bajaj Finserv
REC012362,PER04506,Car Loan,66,2011-11-16,36,Repaid,Union Bank
REC012363,PER04506,Personal Loan,45,2011-01-19,24,Repaid,HDFC Bank
REC012364,PER04507,Personal Loan,35,2022-05-24,36,Repaid,Tata Capital
REC012365,PER04507,Car Loan,89,2012-10-07,60,Repaid,Yes Bank
REC012366,PER04507,Car Loan,40,2021-08-11,36,Repaid,IndusInd Bank
REC012367,PER04507,Personal Loan,33,2016-05-28,48,Defaulted,IDBI Bank
REC012368,PER04507,Home Loan,335,2016-10-16,300,Repaid,ICICI Bank
REC012369,PER04508,Personal Loan,57,2011-01-11,60,Active,Yes Bank
REC012370,PER04509,Home Loan,737,2017-12-03,180,Repaid,Union Bank
REC012371,PER04509,Home Loan,181,2013-03-05,360,Repaid,Bajaj Finserv
REC012372,PER04510,Home Loan,178,2024-08-15,240,Repaid,Bank of Baroda
REC012373,PER04510,Home Loan,189,2024-02-20,240,Repaid,Kotak Mahindra
REC012374,PER04511,Car Loan,39,2015-10-13,36,Active,IDBI Bank
REC012375,PER04511,Personal Loan,26,2023-04-11,24,Repaid,IndusInd Bank
REC012376,PER04511,Two-Wheeler Loan,6,2013-05-07,60,Repaid,ICICI Bank
REC012377,PER04511,Personal Loan,17,2014-02-25,24,Active,Bank of Baroda
REC012378,PER04511,Home Loan,270,2023-06-18,120,Defaulted,SBI
REC012379,PER04511,Business Loan,110,2025-12-07,36,Repaid,LIC Housing Finance
REC012380,PER04511,Two-Wheeler Loan,17,2016-03-12,60,Active,Canara Bank
REC012381,PER04511,Personal Loan,72,2024-04-16,12,Repaid,PNB
REC012382,PER04512,Home Loan,341,2022-12-22,300,Repaid,Axis Bank
REC012383,PER04513,Education Loan,38,2020-12-21,36,Repaid,IDBI Bank
REC012384,PER04514,Home Loan,248,2024-12-18,120,Active,Kotak Mahindra
REC012385,PER04514,Gold Loan,17,2018-09-11,36,Active,Axis Bank
REC012386,PER04515,Personal Loan,18,2010-04-07,60,Repaid,Bank of Baroda
REC012387,PER04516,Home Loan,267,2021-06-05,180,Repaid,Bajaj Finserv
REC012388,PER04516,Education Loan,93,2011-11-10,60,Active,Union Bank
REC012389,PER04516,Two-Wheeler Loan,6,2013-07-04,36,Defaulted,Tata Capital
REC012390,PER04516,Education Loan,48,2011-03-23,36,Repaid,Yes Bank
REC012391,PER04516,Home Loan,156,2012-06-23,180,Repaid,IDBI Bank
REC012392,PER04517,Personal Loan,18,2019-01-22,36,Defaulted,LIC Housing Finance
REC012393,PER04517,Car Loan,40,2012-02-15,84,Repaid,IDBI Bank
REC012394,PER04518,Car Loan,45,2021-09-28,60,Repaid,Kotak Mahindra
REC012395,PER04518,Personal Loan,55,2023-03-27,24,Repaid,IndusInd Bank
REC012396,PER04518,Two-Wheeler Loan,9,2020-05-05,48,Repaid,Bank of Baroda
REC012397,PER04519,Education Loan,30,2018-06-11,48,Repaid,ICICI Bank
REC012398,PER04519,Education Loan,37,2011-12-14,84,Repaid,IDBI Bank
REC012399,PER04519,Home Loan,150,2017-04-25,180,Active,Bank of Baroda
REC012400,PER04519,Car Loan,44,2017-03-22,48,Repaid,PNB
REC012401,PER04521,Car Loan,61,2023-07-11,60,Repaid,Canara Bank
REC012402,PER04521,Home Loan,257,2023-03-10,120,Defaulted,LIC Housing Finance
REC012403,PER04521,Car Loan,97,2020-02-05,84,Repaid,Bajaj Finserv
REC012404,PER04521,Personal Loan,33,2022-01-02,24,Repaid,LIC Housing Finance
REC012405,PER04522,Personal Loan,26,2016-10-27,60,Active,Tata Capital
REC012406,PER04522,Home Loan,157,2025-07-02,180,Repaid,SBI
REC012407,PER04522,Home Loan,79,2016-10-05,120,Defaulted,IndusInd Bank
REC012408,PER04523,Consumer Durable Loan,7,2016-06-25,12,Defaulted,IDBI Bank
REC012409,PER04523,Business Loan,156,2015-06-04,24,Repaid,Bank of Baroda
REC012410,PER04524,Car Loan,51,2022-11-24,60,Repaid,Yes Bank
REC012411,PER04524,Car Loan,49,2021-03-01,48,Active,Axis Bank
REC012412,PER04524,Car Loan,85,2014-09-14,36,Repaid,SBI
REC012413,PER04524,Home Loan,100,2010-03-13,240,Defaulted,SBI
REC012414,PER04526,Personal Loan,22,2017-06-10,24,Defaulted,IDBI Bank
REC012415,PER04526,Education Loan,31,2019-01-03,60,Defaulted,Kotak Mahindra
REC012416,PER04526,Education Loan,51,2010-03-09,84,Defaulted,Axis Bank
REC012417,PER04527,Education Loan,46,2019-08-14,36,Defaulted,PNB
REC012418,PER04527,Home Loan,142,2020-02-08,360,Repaid,Tata Capital
REC012419,PER04527,Car Loan,43,2011-01-10,36,Defaulted,LIC Housing Finance
REC012420,PER04527,Consumer Durable Loan,3,2011-07-19,24,Defaulted,IDBI Bank
REC012421,PER04527,Home Loan,331,2023-06-14,240,Repaid,Tata Capital
REC012422,PER04527,Personal Loan,34,2014-03-28,36,Active,Tata Capital
REC012423,PER04527,Business Loan,126,2019-04-05,60,Defaulted,Canara Bank
REC012424,PER04528,Personal Loan,32,2023-10-14,12,Repaid,SBI
REC012425,PER04528,Home Loan,239,2020-11-19,240,Repaid,Tata Capital
REC012426,PER04528,Gold Loan,11,2017-08-21,36,Repaid,Tata Capital
REC012427,PER04530,Car Loan,29,2017-08-27,84,Repaid,Bajaj Finserv
REC012428,PER04530,Personal Loan,11,2025-03-23,12,Repaid,IDBI Bank
REC012429,PER04530,Home Loan,220,2013-08-16,360,Repaid,Kotak Mahindra
REC012430,PER04530,Two-Wheeler Loan,10,2023-04-27,36,Repaid,PNB
REC012431,PER04530,Education Loan,35,2011-09-26,60,Repaid,ICICI Bank
REC012432,PER04531,Car Loan,131,2019-02-25,36,Repaid,Bank of Baroda
REC012433,PER04531,Personal Loan,19,2024-07-14,48,Repaid,Canara Bank
REC012434,PER04531,Home Loan,87,2016-08-26,300,Repaid,Tata Capital
REC012435,PER04532,Home Loan,100,2022-04-03,120,Active,HDFC Bank
REC012436,PER04532,Car Loan,62,2016-10-03,36,Active,IDBI Bank
REC012437,PER04533,Two-Wheeler Loan,9,2016-02-15,24,Repaid,PNB
REC012438,PER04533,Education Loan,42,2012-05-28,48,Repaid,Axis Bank
REC012439,PER04534,Gold Loan,14,2016-11-25,36,Repaid,HDFC Bank
REC012440,PER04534,Business Loan,151,2020-08-23,12,Repaid,Canara Bank
REC012441,PER04535,Home Loan,219,2012-01-18,360,Repaid,Kotak Mahindra
REC012442,PER04535,Personal Loan,18,2018-04-25,60,Active,Bajaj Finserv
REC012443,PER04535,Home Loan,312,2022-11-20,120,Active,Canara Bank
REC012444,PER04536,Home Loan,334,2019-05-15,240,Active,Tata Capital
REC012445,PER04536,Home Loan,192,2014-07-23,300,Repaid,IndusInd Bank
REC012446,PER04536,Car Loan,32,2025-12-13,60,Repaid,IndusInd Bank
REC012447,PER04537,Home Loan,161,2020-10-28,300,Repaid,HDFC Bank
REC012448,PER04537,Business Loan,58,2018-04-27,12,Repaid,Kotak Mahindra
REC012449,PER04538,Home Loan,82,2013-11-20,120,Defaulted,ICICI Bank
REC012450,PER04538,Home Loan,274,2021-04-05,240,Active,PNB
REC012451,PER04539,Education Loan,76,2021-08-24,84,Active,Kotak Mahindra
REC012452,PER04539,Home Loan,150,2025-02-02,300,Repaid,PNB
REC012453,PER04540,Two-Wheeler Loan,8,2019-08-14,24,Repaid,Union Bank
REC012454,PER04540,Two-Wheeler Loan,8,2015-04-17,48,Active,Bajaj Finserv
REC012455,PER04541,Two-Wheeler Loan,16,2019-01-13,24,Repaid,Yes Bank
REC012456,PER04543,Car Loan,54,2024-04-23,48,Active,SBI
REC012457,PER04543,Car Loan,131,2020-08-19,60,Repaid,IndusInd Bank
REC012458,PER04544,Home Loan,255,2020-02-01,120,Repaid,Bajaj Finserv
REC012459,PER04544,Personal Loan,11,2025-07-03,24,Active,Bank of Baroda
REC012460,PER04544,Business Loan,108,2019-09-21,60,Defaulted,SBI
REC012461,PER04544,Car Loan,61,2024-04-09,84,Repaid,Canara Bank
REC012462,PER04544,Car Loan,68,2022-02-14,60,Repaid,SBI
REC012463,PER04544,Personal Loan,10,2017-03-19,36,Repaid,IDBI Bank
REC012464,PER04544,Home Loan,228,2022-04-02,300,Repaid,Kotak Mahindra
REC012465,PER04545,Home Loan,243,2020-11-14,300,Repaid,Tata Capital
REC012466,PER04546,Education Loan,59,2025-11-25,48,Repaid,IDBI Bank
REC012467,PER04546,Education Loan,38,2025-01-21,36,Active,SBI
REC012468,PER04546,Car Loan,52,2023-12-10,36,Active,Kotak Mahindra
REC012469,PER04546,Education Loan,64,2018-09-05,60,Repaid,Yes Bank
REC012470,PER04546,Home Loan,176,2020-12-23,120,Repaid,PNB
REC012471,PER04547,Car Loan,52,2021-01-01,36,Repaid,Tata Capital
REC012472,PER04547,Education Loan,27,2017-04-01,60,Repaid,IndusInd Bank
REC012473,PER04547,Gold Loan,21,2021-11-17,60,Active,Canara Bank
REC012474,PER04548,Two-Wheeler Loan,7,2011-01-27,48,Repaid,Yes Bank
REC012475,PER04548,Home Loan,295,2022-10-22,240,Defaulted,Bajaj Finserv
REC012476,PER04548,Gold Loan,39,2012-02-10,36,Repaid,IndusInd Bank
REC012477,PER04548,Personal Loan,69,2023-06-09,12,Defaulted,Tata Capital
REC012478,PER04548,Car Loan,52,2022-06-25,36,Repaid,HDFC Bank
REC012479,PER04548,Business Loan,218,2024-01-22,12,Repaid,Bajaj Finserv
REC012480,PER04549,Car Loan,55,2019-03-03,60,Active,LIC Housing Finance
REC012481,PER04549,Personal Loan,10,2013-12-10,24,Active,SBI
REC012482,PER04549,Business Loan,48,2015-03-28,60,Repaid,Axis Bank
REC012483,PER04549,Home Loan,222,2012-07-25,300,Active,Bank of Baroda
REC012484,PER04549,Car Loan,39,2016-12-08,48,Active,HDFC Bank
REC012485,PER04549,Business Loan,347,2023-03-16,60,Active,PNB
REC012486,PER04549,Personal Loan,34,2019-08-02,24,Repaid,LIC Housing Finance
REC012487,PER04551,Gold Loan,24,2020-08-28,24,Repaid,Tata Capital
REC012488,PER04551,Personal Loan,66,2019-08-15,60,Repaid,PNB
REC012489,PER04551,Car Loan,67,2012-08-06,36,Repaid,LIC Housing Finance
REC012490,PER04551,Personal Loan,43,2014-10-27,24,Repaid,IndusInd Bank
REC012491,PER04551,Business Loan,78,2013-08-14,48,Repaid,Axis Bank
REC012492,PER04552,Home Loan,250,2010-02-25,240,Repaid,Bank of Baroda
REC012493,PER04552,Home Loan,83,2017-07-10,300,Active,SBI
REC012494,PER04553,Gold Loan,31,2022-09-14,60,Repaid,IndusInd Bank
REC012495,PER04553,Personal Loan,24,2012-02-04,48,Repaid,PNB
REC012496,PER04553,Car Loan,68,2023-01-27,48,Repaid,Tata Capital
REC012497,PER04553,Personal Loan,14,2016-03-02,36,Defaulted,SBI
REC012498,PER04553,Education Loan,77,2012-05-21,36,Repaid,HDFC Bank
REC012499,PER04553,Home Loan,243,2014-12-16,300,Repaid,Yes Bank
REC012500,PER04554,Personal Loan,36,2022-07-14,60,Repaid,Kotak Mahindra
REC012501,PER04554,Personal Loan,57,2019-05-03,60,Repaid,PNB
REC012502,PER04555,Personal Loan,27,2014-11-24,60,Defaulted,Axis Bank
REC012503,PER04555,Car Loan,89,2014-12-06,48,Defaulted,Bajaj Finserv
REC012504,PER04556,Personal Loan,59,2015-10-14,24,Repaid,SBI
REC012505,PER04556,Business Loan,20,2018-09-26,48,Repaid,SBI
REC012506,PER04556,Consumer Durable Loan,17,2012-08-10,36,Active,LIC Housing Finance
REC012507,PER04556,Two-Wheeler Loan,14,2011-02-04,48,Defaulted,LIC Housing Finance
REC012508,PER04556,Business Loan,35,2017-07-20,60,Active,ICICI Bank
REC012509,PER04556,Consumer Durable Loan,13,2018-01-11,48,Active,ICICI Bank
REC012510,PER04556,Car Loan,46,2021-06-12,60,Repaid,Axis Bank
REC012511,PER04558,Education Loan,130,2021-10-28,84,Repaid,HDFC Bank
REC012512,PER04559,Home Loan,360,2017-03-17,120,Active,Tata Capital
REC012513,PER04560,Personal Loan,42,2013-03-10,36,Defaulted,Kotak Mahindra
REC012514,PER04560,Home Loan,64,2019-03-08,180,Repaid,IDBI Bank
REC012515,PER04560,Personal Loan,30,2023-08-24,12,Repaid,Canara Bank
REC012516,PER04561,Home Loan,440,2015-05-20,360,Repaid,Yes Bank
REC012517,PER04561,Home Loan,197,2024-05-16,240,Repaid,ICICI Bank
REC012518,PER04562,Home Loan,136,2020-09-12,120,Defaulted,Canara Bank
REC012519,PER04562,Home Loan,95,2016-12-04,120,Defaulted,SBI
REC012520,PER04562,Education Loan,51,2015-11-28,60,Active,Bajaj Finserv
REC012521,PER04562,Consumer Durable Loan,4,2025-05-27,60,Defaulted,Kotak Mahindra
REC012522,PER04562,Gold Loan,3,2019-01-21,36,Defaulted,SBI
REC012523,PER04563,Car Loan,58,2017-04-03,84,Defaulted,SBI
REC012524,PER04563,Gold Loan,14,2017-07-16,60,Repaid,HDFC Bank
REC012525,PER04563,Personal Loan,60,2022-08-13,48,Defaulted,SBI
REC012526,PER04564,Education Loan,33,2023-11-09,60,Repaid,IndusInd Bank
REC012527,PER04564,Two-Wheeler Loan,2,2022-11-21,12,Repaid,Tata Capital
REC012528,PER04565,Personal Loan,33,2013-10-24,12,Repaid,LIC Housing Finance
REC012529,PER04565,Home Loan,142,2023-06-02,240,Active,Canara Bank
REC012530,PER04566,Personal Loan,27,2020-08-19,48,Repaid,IndusInd Bank
REC012531,PER04566,Home Loan,148,2014-05-08,180,Defaulted,Yes Bank
REC012532,PER04567,Business Loan,141,2017-09-22,48,Repaid,SBI
REC012533,PER04567,Car Loan,44,2023-02-24,84,Repaid,SBI
REC012534,PER04567,Home Loan,109,2014-04-22,120,Active,LIC Housing Finance
REC012535,PER04567,Car Loan,55,2011-09-12,84,Repaid,Axis Bank
REC012536,PER04568,Gold Loan,10,2014-12-07,24,Active,Canara Bank
REC012537,PER04569,Personal Loan,16,2019-12-20,24,Repaid,Kotak Mahindra
REC012538,PER04570,Gold Loan,13,2021-10-08,60,Repaid,LIC Housing Finance
REC012539,PER04570,Car Loan,24,2013-02-06,84,Repaid,SBI
REC012540,PER04571,Home Loan,228,2011-04-12,300,Active,HDFC Bank
REC012541,PER04571,Personal Loan,14,2013-05-24,60,Active,Tata Capital
REC012542,PER04572,Home Loan,120,2010-04-16,180,Repaid,Bajaj Finserv
REC012543,PER04572,Personal Loan,18,2014-09-09,60,Active,IndusInd Bank
REC012544,PER04572,Personal Loan,47,2014-07-13,12,Active,IndusInd Bank
REC012545,PER04572,Personal Loan,27,2024-10-06,48,Repaid,LIC Housing Finance
REC012546,PER04573,Gold Loan,16,2010-01-27,12,Repaid,IndusInd Bank
REC012547,PER04573,Personal Loan,31,2015-01-12,60,Active,Kotak Mahindra
REC012548,PER04575,Gold Loan,15,2012-01-02,12,Repaid,SBI
REC012549,PER04575,Personal Loan,16,2023-11-16,36,Active,Kotak Mahindra
REC012550,PER04575,Home Loan,211,2019-02-03,240,Repaid,IndusInd Bank
REC012551,PER04575,Car Loan,44,2011-03-07,84,Repaid,IndusInd Bank
REC012552,PER04576,Home Loan,161,2024-03-10,240,Active,Canara Bank
REC012553,PER04576,Home Loan,545,2021-04-16,300,Active,Bank of Baroda
REC012554,PER04576,Education Loan,47,2020-05-17,48,Defaulted,ICICI Bank
REC012555,PER04576,Car Loan,23,2015-01-27,36,Repaid,HDFC Bank
REC012556,PER04576,Business Loan,163,2024-09-15,36,Defaulted,Bajaj Finserv
REC012557,PER04576,Car Loan,58,2018-07-21,36,Defaulted,Bajaj Finserv
REC012558,PER04576,Personal Loan,19,2010-03-24,48,Defaulted,PNB
REC012559,PER04577,Personal Loan,26,2020-11-08,60,Repaid,Union Bank
REC012560,PER04577,Home Loan,103,2016-03-11,180,Active,LIC Housing Finance
REC012561,PER04578,Personal Loan,25,2020-03-13,24,Repaid,IDBI Bank
REC012562,PER04579,Gold Loan,9,2013-08-28,60,Repaid,LIC Housing Finance
REC012563,PER04579,Education Loan,52,2023-04-22,36,Active,ICICI Bank
REC012564,PER04579,Education Loan,61,2016-04-05,48,Repaid,Yes Bank
REC012565,PER04579,Education Loan,41,2010-03-02,84,Repaid,Yes Bank
REC012566,PER04579,Car Loan,32,2019-12-10,48,Active,SBI
REC012567,PER04579,Car Loan,27,2016-10-05,84,Repaid,Bank of Baroda
REC012568,PER04579,Business Loan,43,2025-05-06,12,Active,Canara Bank
REC012569,PER04579,Personal Loan,23,2023-12-10,12,Active,Axis Bank
REC012570,PER04581,Car Loan,97,2022-07-07,48,Repaid,Axis Bank
REC012571,PER04581,Personal Loan,33,2011-09-01,12,Repaid,Bank of Baroda
REC012572,PER04582,Car Loan,59,2023-02-21,48,Active,LIC Housing Finance
REC012573,PER04582,Education Loan,24,2015-11-20,48,Repaid,Bajaj Finserv
REC012574,PER04584,Business Loan,24,2019-04-23,60,Defaulted,Union Bank
REC012575,PER04584,Car Loan,54,2025-10-08,60,Active,HDFC Bank
REC012576,PER04584,Home Loan,195,2022-08-14,300,Active,Bajaj Finserv
REC012577,PER04585,Home Loan,217,2012-10-19,120,Repaid,Bank of Baroda
REC012578,PER04585,Home Loan,190,2019-09-10,240,Repaid,Canara Bank
REC012579,PER04586,Home Loan,211,2011-07-04,240,Defaulted,SBI
REC012580,PER04586,Business Loan,88,2016-02-21,48,Active,Kotak Mahindra
REC012581,PER04587,Personal Loan,36,2021-02-03,36,Repaid,Axis Bank
REC012582,PER04587,Two-Wheeler Loan,7,2024-04-04,36,Defaulted,Axis Bank
REC012583,PER04588,Home Loan,50,2018-10-15,360,Active,LIC Housing Finance
REC012584,PER04588,Home Loan,56,2023-10-18,360,Defaulted,LIC Housing Finance
REC012585,PER04588,Personal Loan,12,2015-03-22,12,Repaid,Union Bank
REC012586,PER04589,Home Loan,189,2013-01-17,120,Active,IDBI Bank
REC012587,PER04589,Business Loan,68,2016-03-22,60,Repaid,IDBI Bank
REC012588,PER04589,Personal Loan,42,2015-01-25,24,Repaid,Canara Bank
REC012589,PER04589,Personal Loan,18,2021-09-05,36,Defaulted,Yes Bank
REC012590,PER04589,Car Loan,51,2018-02-21,36,Repaid,HDFC Bank
REC012591,PER04589,Personal Loan,41,2020-12-19,60,Repaid,LIC Housing Finance
REC012592,PER04590,Home Loan,144,2014-11-12,120,Active,HDFC Bank
REC012593,PER04590,Personal Loan,26,2016-06-20,60,Active,PNB
REC012594,PER04590,Personal Loan,75,2010-08-13,12,Repaid,Axis Bank
REC012595,PER04590,Gold Loan,6,2016-08-11,12,Repaid,Yes Bank
REC012596,PER04591,Personal Loan,60,2021-10-01,60,Repaid,PNB
REC012597,PER04591,Business Loan,175,2020-12-03,24,Active,Bajaj Finserv
REC012598,PER04592,Home Loan,408,2014-04-26,240,Repaid,ICICI Bank
REC012599,PER04592,Car Loan,46,2012-01-25,48,Repaid,ICICI Bank
REC012600,PER04593,Home Loan,177,2016-08-27,360,Defaulted,SBI
REC012601,PER04594,Car Loan,19,2020-02-21,48,Repaid,Tata Capital
REC012602,PER04595,Home Loan,108,2016-02-06,180,Active,IndusInd Bank
REC012603,PER04595,Education Loan,56,2025-05-13,36,Repaid,IndusInd Bank
REC012604,PER04596,Car Loan,35,2017-12-19,60,Repaid,HDFC Bank
REC012605,PER04596,Two-Wheeler Loan,5,2020-10-09,12,Active,PNB
REC012606,PER04597,Car Loan,44,2016-04-15,84,Repaid,Bajaj Finserv
REC012607,PER04599,Home Loan,126,2018-09-20,300,Repaid,Canara Bank
REC012608,PER04599,Personal Loan,30,2017-03-16,48,Defaulted,Bank of Baroda
REC012609,PER04600,Personal Loan,46,2015-05-07,48,Repaid,Kotak Mahindra
REC012610,PER04600,Gold Loan,28,2010-11-03,48,Repaid,Bajaj Finserv
REC012611,PER04602,Personal Loan,30,2023-04-06,60,Active,PNB
REC012612,PER04603,Car Loan,70,2015-11-22,48,Defaulted,Bajaj Finserv
REC012613,PER04603,Home Loan,288,2025-09-19,300,Active,IDBI Bank
REC012614,PER04603,Consumer Durable Loan,18,2020-04-28,24,Repaid,ICICI Bank
REC012615,PER04603,Two-Wheeler Loan,2,2020-03-26,48,Active,HDFC Bank
REC012616,PER04603,Business Loan,172,2021-06-08,36,Repaid,Canara Bank
REC012617,PER04604,Home Loan,167,2025-11-22,360,Active,ICICI Bank
REC012618,PER04604,Personal Loan,32,2010-07-20,24,Repaid,LIC Housing Finance
REC012619,PER04605,Two-Wheeler Loan,20,2017-01-21,60,Defaulted,PNB
REC012620,PER04605,Personal Loan,81,2021-10-01,48,Repaid,SBI
REC012621,PER04605,Education Loan,68,2011-03-23,60,Defaulted,IDBI Bank
REC012622,PER04605,Consumer Durable Loan,6,2014-06-23,48,Active,IDBI Bank
REC012623,PER04606,Home Loan,159,2022-09-04,300,Repaid,Kotak Mahindra
REC012624,PER04606,Gold Loan,10,2011-06-19,48,Active,Tata Capital
REC012625,PER04607,Personal Loan,32,2019-02-06,48,Repaid,Canara Bank
REC012626,PER04609,Car Loan,72,2015-08-19,60,Active,SBI
REC012627,PER04610,Business Loan,189,2017-02-07,48,Repaid,SBI
REC012628,PER04610,Car Loan,73,2016-03-06,48,Repaid,IDBI Bank
REC012629,PER04610,Personal Loan,14,2010-02-22,36,Defaulted,SBI
REC012630,PER04610,Education Loan,62,2017-07-07,84,Repaid,Bank of Baroda
REC012631,PER04610,Car Loan,38,2024-07-12,84,Repaid,Kotak Mahindra
REC012632,PER04611,Home Loan,206,2013-07-02,240,Repaid,Bajaj Finserv
REC012633,PER04612,Personal Loan,63,2019-05-01,48,Repaid,PNB
REC012634,PER04612,Home Loan,196,2017-04-07,360,Repaid,Bank of Baroda
REC012635,PER04612,Two-Wheeler Loan,2,2017-03-09,60,Active,Kotak Mahindra
REC012636,PER04613,Business Loan,107,2015-11-12,48,Active,Tata Capital
REC012637,PER04613,Home Loan,209,2011-01-21,120,Active,PNB
REC012638,PER04613,Business Loan,211,2023-02-28,60,Defaulted,LIC Housing Finance
REC012639,PER04614,Education Loan,22,2016-02-25,36,Defaulted,PNB
REC012640,PER04615,Home Loan,105,2018-05-04,120,Active,LIC Housing Finance
REC012641,PER04615,Business Loan,137,2024-09-02,12,Repaid,IndusInd Bank
REC012642,PER04615,Home Loan,205,2010-05-21,120,Defaulted,Kotak Mahindra
REC012643,PER04616,Home Loan,285,2012-05-16,360,Defaulted,Bajaj Finserv
REC012644,PER04616,Home Loan,257,2018-08-28,300,Repaid,Bajaj Finserv
REC012645,PER04617,Home Loan,253,2015-09-15,300,Repaid,Yes Bank
REC012646,PER04617,Personal Loan,27,2023-10-22,36,Active,IDBI Bank
REC012647,PER04618,Car Loan,62,2020-10-07,48,Defaulted,Bank of Baroda
REC012648,PER04618,Home Loan,152,2013-02-01,300,Defaulted,SBI
REC012649,PER04619,Home Loan,80,2020-08-07,360,Active,Yes Bank
REC012650,PER04620,Home Loan,393,2023-09-11,180,Repaid,ICICI Bank
REC012651,PER04620,Gold Loan,16,2012-10-02,60,Repaid,IndusInd Bank
REC012652,PER04620,Car Loan,59,2018-05-17,48,Repaid,HDFC Bank
REC012653,PER04621,Home Loan,156,2014-01-25,300,Repaid,Kotak Mahindra
REC012654,PER04621,Car Loan,42,2014-07-23,60,Repaid,Kotak Mahindra
REC012655,PER04621,Education Loan,55,2016-11-21,36,Repaid,HDFC Bank
REC012656,PER04621,Home Loan,118,2012-06-07,360,Repaid,Bank of Baroda
REC012657,PER04621,Car Loan,61,2013-04-19,36,Active,SBI
REC012658,PER04622,Personal Loan,74,2024-10-09,60,Repaid,SBI
REC012659,PER04622,Personal Loan,28,2023-09-12,60,Repaid,Kotak Mahindra
REC012660,PER04623,Home Loan,311,2023-10-05,300,Repaid,SBI
REC012661,PER04623,Home Loan,177,2012-06-03,120,Repaid,Bajaj Finserv
REC012662,PER04623,Personal Loan,20,2024-10-18,36,Repaid,Tata Capital
REC012663,PER04624,Gold Loan,11,2019-11-03,48,Defaulted,LIC Housing Finance
REC012664,PER04624,Business Loan,32,2010-09-03,48,Defaulted,PNB
REC012665,PER04624,Personal Loan,77,2017-05-25,48,Defaulted,Yes Bank
REC012666,PER04624,Personal Loan,34,2013-06-04,12,Repaid,SBI
REC012667,PER04625,Gold Loan,12,2023-01-09,24,Active,IDBI Bank
REC012668,PER04625,Consumer Durable Loan,8,2015-09-24,48,Repaid,Bank of Baroda
REC012669,PER04625,Personal Loan,32,2017-04-27,12,Repaid,Bank of Baroda
REC012670,PER04625,Personal Loan,100,2017-10-24,36,Active,PNB
REC012671,PER04626,Education Loan,35,2024-11-02,60,Active,SBI
REC012672,PER04626,Two-Wheeler Loan,3,2012-06-20,60,Repaid,Bajaj Finserv
REC012673,PER04627,Personal Loan,11,2019-02-27,24,Active,Bank of Baroda
REC012674,PER04627,Home Loan,144,2015-12-27,300,Defaulted,SBI
REC012675,PER04627,Home Loan,194,2013-10-27,360,Repaid,Canara Bank
REC012676,PER04627,Personal Loan,20,2022-10-10,12,Defaulted,Bank of Baroda
REC012677,PER04627,Education Loan,24,2014-11-12,84,Defaulted,Canara Bank
REC012678,PER04627,Home Loan,263,2016-05-12,180,Repaid,Bajaj Finserv
REC012679,PER04627,Personal Loan,24,2020-12-08,60,Defaulted,HDFC Bank
REC012680,PER04628,Two-Wheeler Loan,18,2016-05-17,24,Repaid,HDFC Bank
REC012681,PER04628,Car Loan,56,2025-03-01,36,Repaid,Union Bank
REC012682,PER04628,Personal Loan,38,2010-12-16,12,Repaid,Canara Bank
REC012683,PER04628,Education Loan,28,2021-03-01,48,Repaid,Bank of Baroda
REC012684,PER04628,Personal Loan,33,2023-07-03,60,Repaid,HDFC Bank
REC012685,PER04628,Education Loan,58,2011-03-02,60,Active,PNB
REC012686,PER04629,Home Loan,191,2011-10-19,180,Repaid,Union Bank
REC012687,PER04630,Home Loan,161,2021-02-14,120,Repaid,IndusInd Bank
REC012688,PER04630,Business Loan,108,2023-06-20,12,Repaid,IndusInd Bank
REC012689,PER04630,Home Loan,262,2013-02-13,300,Active,Yes Bank
REC012690,PER04631,Business Loan,62,2021-12-27,60,Active,IndusInd Bank
REC012691,PER04631,Car Loan,51,2016-05-26,84,Defaulted,IndusInd Bank
REC012692,PER04631,Home Loan,228,2012-01-10,300,Active,IDBI Bank
REC012693,PER04632,Home Loan,135,2023-10-08,120,Active,LIC Housing Finance
REC012694,PER04632,Car Loan,68,2024-10-22,84,Active,Tata Capital
REC012695,PER04633,Personal Loan,23,2020-09-17,12,Active,HDFC Bank
REC012696,PER04633,Home Loan,241,2020-10-28,240,Repaid,Yes Bank
REC012697,PER04634,Home Loan,256,2025-07-20,240,Active,SBI
REC012698,PER04634,Education Loan,84,2011-05-24,60,Repaid,Kotak Mahindra
REC012699,PER04634,Business Loan,54,2011-02-10,24,Repaid,Union Bank
REC012700,PER04634,Car Loan,59,2023-05-27,60,Repaid,Bajaj Finserv
REC012701,PER04634,Two-Wheeler Loan,9,2015-07-08,48,Repaid,Bank of Baroda
REC012702,PER04634,Gold Loan,10,2013-12-08,36,Active,Bajaj Finserv
REC012703,PER04635,Personal Loan,8,2020-10-11,24,Repaid,Axis Bank
REC012704,PER04635,Home Loan,175,2016-02-23,240,Repaid,ICICI Bank
REC012705,PER04635,Consumer Durable Loan,22,2023-08-16,36,Active,SBI
REC012706,PER04636,Two-Wheeler Loan,6,2022-06-16,60,Repaid,Tata Capital
REC012707,PER04636,Personal Loan,31,2025-01-03,60,Repaid,IDBI Bank
REC012708,PER04637,Business Loan,33,2017-11-22,60,Repaid,Canara Bank
REC012709,PER04638,Car Loan,52,2010-06-20,48,Repaid,HDFC Bank
REC012710,PER04638,Personal Loan,26,2012-10-10,48,Repaid,Bajaj Finserv
REC012711,PER04638,Home Loan,199,2025-03-03,180,Repaid,HDFC Bank
REC012712,PER04638,Car Loan,89,2016-02-18,60,Repaid,HDFC Bank
REC012713,PER04639,Gold Loan,16,2024-03-04,12,Repaid,PNB
REC012714,PER04639,Personal Loan,72,2014-11-22,60,Active,Tata Capital
REC012715,PER04639,Personal Loan,20,2022-09-28,60,Active,Kotak Mahindra
REC012716,PER04639,Home Loan,79,2012-09-20,300,Repaid,Bank of Baroda
REC012717,PER04639,Personal Loan,11,2012-01-18,36,Repaid,Canara Bank
REC012718,PER04639,Home Loan,121,2023-08-21,360,Repaid,PNB
REC012719,PER04639,Home Loan,131,2022-05-06,240,Active,Bank of Baroda
REC012720,PER04640,Personal Loan,54,2010-04-26,60,Defaulted,Bank of Baroda
REC012721,PER04640,Home Loan,217,2020-12-02,240,Active,LIC Housing Finance
REC012722,PER04640,Home Loan,135,2016-12-08,120,Defaulted,Kotak Mahindra
REC012723,PER04641,Car Loan,28,2022-10-13,60,Repaid,LIC Housing Finance
REC012724,PER04641,Education Loan,41,2015-01-21,60,Repaid,Canara Bank
REC012725,PER04642,Home Loan,259,2024-10-13,120,Repaid,IndusInd Bank
REC012726,PER04642,Home Loan,72,2010-08-28,120,Repaid,SBI
REC012727,PER04642,Home Loan,183,2021-08-06,120,Defaulted,Bajaj Finserv
REC012728,PER04642,Home Loan,168,2025-06-12,120,Active,PNB
REC012729,PER04643,Home Loan,137,2025-03-05,120,Repaid,HDFC Bank
REC012730,PER04644,Personal Loan,39,2021-09-13,24,Active,Bajaj Finserv
REC012731,PER04645,Home Loan,109,2011-11-07,240,Active,Yes Bank
REC012732,PER04645,Home Loan,302,2021-02-17,240,Defaulted,LIC Housing Finance
REC012733,PER04646,Car Loan,67,2016-08-11,48,Active,Axis Bank
REC012734,PER04646,Car Loan,73,2022-09-22,84,Repaid,LIC Housing Finance
REC012735,PER04647,Personal Loan,21,2012-12-14,12,Repaid,LIC Housing Finance
REC012736,PER04647,Two-Wheeler Loan,9,2015-05-18,24,Repaid,ICICI Bank
REC012737,PER04647,Business Loan,77,2024-01-04,36,Repaid,Yes Bank
REC012738,PER04647,Car Loan,129,2015-08-11,36,Repaid,Yes Bank
REC012739,PER04648,Consumer Durable Loan,6,2015-03-23,12,Repaid,ICICI Bank
REC012740,PER04648,Car Loan,52,2010-11-18,84,Active,Kotak Mahindra
REC012741,PER04648,Personal Loan,31,2010-04-05,12,Repaid,Union Bank
REC012742,PER04648,Personal Loan,10,2020-09-03,24,Repaid,PNB
REC012743,PER04648,Home Loan,153,2010-02-11,240,Active,Canara Bank
REC012744,PER04648,Personal Loan,31,2016-06-11,60,Repaid,ICICI Bank
REC012745,PER04649,Business Loan,122,2011-05-04,24,Active,SBI
REC012746,PER04649,Home Loan,392,2019-11-12,300,Active,LIC Housing Finance
REC012747,PER04649,Car Loan,46,2013-03-02,84,Defaulted,IDBI Bank
REC012748,PER04649,Home Loan,71,2017-09-05,120,Defaulted,HDFC Bank
REC012749,PER04650,Personal Loan,18,2025-09-18,36,Repaid,SBI
REC012750,PER04650,Home Loan,196,2011-09-08,300,Repaid,Yes Bank
REC012751,PER04651,Home Loan,217,2022-08-07,120,Active,Bajaj Finserv
REC012752,PER04652,Home Loan,177,2014-02-10,300,Repaid,Tata Capital
REC012753,PER04653,Personal Loan,28,2017-11-24,36,Defaulted,PNB
REC012754,PER04653,Personal Loan,23,2019-01-02,24,Repaid,Union Bank
REC012755,PER04654,Car Loan,30,2022-06-26,60,Repaid,IDBI Bank
REC012756,PER04656,Personal Loan,46,2025-05-12,24,Defaulted,HDFC Bank
REC012757,PER04656,Personal Loan,38,2016-08-21,36,Repaid,Kotak Mahindra
REC012758,PER04657,Home Loan,579,2019-02-28,180,Repaid,HDFC Bank
REC012759,PER04657,Personal Loan,30,2015-07-22,60,Repaid,Axis Bank
REC012760,PER04657,Business Loan,165,2013-01-06,36,Active,Union Bank
REC012761,PER04657,Personal Loan,19,2013-07-26,24,Repaid,Yes Bank
REC012762,PER04658,Business Loan,146,2020-07-07,24,Repaid,Axis Bank
REC012763,PER04659,Business Loan,246,2015-05-14,12,Active,Union Bank
REC012764,PER04659,Home Loan,257,2012-05-14,240,Repaid,HDFC Bank
REC012765,PER04659,Business Loan,46,2024-11-27,24,Repaid,SBI
REC012766,PER04659,Gold Loan,11,2017-03-21,48,Repaid,Yes Bank
REC012767,PER04659,Home Loan,152,2021-02-11,180,Active,PNB
REC012768,PER04659,Home Loan,114,2013-12-14,240,Active,Kotak Mahindra
REC012769,PER04659,Personal Loan,10,2010-10-26,60,Repaid,Bajaj Finserv
REC012770,PER04660,Home Loan,173,2025-12-17,300,Active,LIC Housing Finance
REC012771,PER04660,Car Loan,60,2023-04-03,36,Active,HDFC Bank
REC012772,PER04661,Personal Loan,69,2021-02-05,24,Repaid,Axis Bank
REC012773,PER04661,Personal Loan,100,2017-01-09,36,Repaid,ICICI Bank
REC012774,PER04662,Gold Loan,6,2025-12-08,24,Repaid,ICICI Bank
REC012775,PER04662,Car Loan,44,2014-05-20,48,Active,Union Bank
REC012776,PER04663,Car Loan,65,2017-04-23,84,Defaulted,SBI
REC012777,PER04663,Car Loan,47,2019-09-05,48,Active,Axis Bank
REC012778,PER04664,Car Loan,43,2014-07-18,48,Defaulted,Tata Capital
REC012779,PER04664,Home Loan,138,2014-03-06,120,Repaid,Bajaj Finserv
REC012780,PER04665,Car Loan,28,2016-12-09,60,Active,Bank of Baroda
REC012781,PER04665,Home Loan,161,2021-07-14,300,Repaid,ICICI Bank
REC012782,PER04665,Two-Wheeler Loan,6,2012-01-12,24,Repaid,SBI
REC012783,PER04666,Home Loan,168,2019-02-18,120,Repaid,Canara Bank
REC012784,PER04666,Education Loan,47,2018-01-25,60,Defaulted,Union Bank
REC012785,PER04666,Home Loan,271,2014-08-09,180,Active,Kotak Mahindra
REC012786,PER04666,Home Loan,136,2022-10-22,240,Repaid,Yes Bank
REC012787,PER04667,Car Loan,44,2022-06-25,60,Defaulted,Axis Bank
REC012788,PER04667,Home Loan,214,2014-01-02,180,Repaid,SBI
REC012789,PER04667,Home Loan,257,2010-10-05,360,Active,Axis Bank
REC012790,PER04667,Home Loan,197,2018-11-09,240,Repaid,PNB
REC012791,PER04667,Home Loan,328,2018-10-15,120,Repaid,Bajaj Finserv
REC012792,PER04667,Personal Loan,44,2013-02-11,24,Active,SBI
REC012793,PER04667,Personal Loan,15,2011-01-21,24,Repaid,Axis Bank
REC012794,PER04667,Car Loan,65,2020-01-17,84,Repaid,Union Bank
REC012795,PER04668,Home Loan,229,2022-06-01,360,Repaid,PNB
REC012796,PER04668,Personal Loan,100,2022-06-07,12,Repaid,IndusInd Bank
REC012797,PER04668,Two-Wheeler Loan,7,2012-05-21,12,Active,IndusInd Bank
REC012798,PER04669,Personal Loan,38,2015-07-18,36,Repaid,Kotak Mahindra
REC012799,PER04669,Personal Loan,34,2018-11-17,12,Repaid,SBI
REC012800,PER04669,Car Loan,28,2023-05-04,48,Repaid,PNB
REC012801,PER04670,Education Loan,38,2022-10-26,84,Repaid,LIC Housing Finance
REC012802,PER04670,Personal Loan,62,2018-12-18,12,Repaid,Kotak Mahindra
REC012803,PER04670,Gold Loan,9,2017-05-26,48,Active,HDFC Bank
REC012804,PER04671,Car Loan,65,2020-09-13,48,Defaulted,PNB
REC012805,PER04671,Two-Wheeler Loan,11,2018-09-02,48,Active,HDFC Bank
REC012806,PER04671,Business Loan,124,2016-09-02,24,Defaulted,SBI
REC012807,PER04672,Education Loan,48,2023-02-27,48,Active,IDBI Bank
REC012808,PER04672,Personal Loan,16,2011-10-28,12,Repaid,Kotak Mahindra
REC012809,PER04672,Education Loan,31,2018-10-17,36,Repaid,PNB
REC012810,PER04673,Business Loan,20,2016-08-02,48,Active,ICICI Bank
REC012811,PER04674,Business Loan,88,2020-04-14,60,Repaid,HDFC Bank
REC012812,PER04674,Home Loan,699,2011-12-25,360,Repaid,SBI
REC012813,PER04674,Home Loan,164,2011-10-08,180,Defaulted,SBI
REC012814,PER04674,Business Loan,127,2015-09-21,48,Repaid,Canara Bank
REC012815,PER04675,Education Loan,89,2011-10-01,48,Repaid,Yes Bank
REC012816,PER04675,Home Loan,247,2013-04-05,120,Repaid,IndusInd Bank
REC012817,PER04677,Business Loan,218,2023-12-04,60,Defaulted,PNB
REC012818,PER04677,Education Loan,55,2016-12-25,48,Defaulted,Canara Bank
REC012819,PER04677,Car Loan,36,2024-01-06,48,Repaid,LIC Housing Finance
REC012820,PER04678,Home Loan,72,2010-10-06,180,Repaid,Yes Bank
REC012821,PER04678,Home Loan,129,2012-06-14,120,Repaid,LIC Housing Finance
REC012822,PER04678,Business Loan,160,2023-08-08,60,Repaid,ICICI Bank
REC012823,PER04678,Business Loan,135,2018-10-25,24,Active,Yes Bank
REC012824,PER04678,Home Loan,149,2017-12-24,180,Defaulted,Bajaj Finserv
REC012825,PER04680,Business Loan,127,2022-02-26,48,Defaulted,PNB
REC012826,PER04680,Car Loan,37,2014-09-10,36,Repaid,SBI
REC012827,PER04680,Home Loan,574,2013-09-07,360,Repaid,Bajaj Finserv
REC012828,PER04680,Business Loan,379,2010-07-02,24,Repaid,Yes Bank
REC012829,PER04680,Education Loan,59,2021-06-25,60,Repaid,Bajaj Finserv
REC012830,PER04680,Business Loan,104,2011-02-10,36,Active,Union Bank
REC012831,PER04681,Home Loan,283,2020-02-06,240,Active,Kotak Mahindra
REC012832,PER04681,Personal Loan,41,2015-06-18,12,Repaid,Axis Bank
REC012833,PER04682,Car Loan,43,2013-05-13,84,Defaulted,SBI
REC012834,PER04683,Car Loan,38,2013-08-26,60,Repaid,ICICI Bank
REC012835,PER04683,Personal Loan,36,2016-01-09,24,Repaid,IndusInd Bank
REC012836,PER04683,Home Loan,169,2012-04-11,120,Active,Axis Bank
REC012837,PER04684,Personal Loan,48,2014-06-22,48,Active,IndusInd Bank
REC012838,PER04684,Home Loan,315,2017-03-17,180,Active,Bajaj Finserv
REC012839,PER04685,Business Loan,33,2019-06-14,12,Active,HDFC Bank
REC012840,PER04685,Home Loan,241,2017-07-26,120,Repaid,IndusInd Bank
REC012841,PER04687,Personal Loan,33,2022-07-20,60,Repaid,SBI
REC012842,PER04687,Car Loan,50,2012-11-12,48,Repaid,SBI
REC012843,PER04688,Home Loan,318,2015-06-11,240,Repaid,PNB
REC012844,PER04688,Home Loan,271,2023-04-06,180,Repaid,PNB
REC012845,PER04689,Gold Loan,16,2025-12-14,48,Repaid,Union Bank
REC012846,PER04689,Business Loan,182,2011-11-10,60,Repaid,Axis Bank
REC012847,PER04689,Home Loan,213,2022-08-16,180,Defaulted,PNB
REC012848,PER04690,Business Loan,87,2010-09-20,36,Active,Tata Capital
REC012849,PER04691,Personal Loan,54,2024-07-03,24,Defaulted,Axis Bank
REC012850,PER04691,Business Loan,60,2012-03-20,60,Defaulted,LIC Housing Finance
REC012851,PER04691,Gold Loan,16,2011-11-20,24,Active,IDBI Bank
REC012852,PER04691,Car Loan,33,2023-04-08,48,Defaulted,Axis Bank
REC012853,PER04693,Two-Wheeler Loan,10,2023-11-04,24,Defaulted,Tata Capital
REC012854,PER04693,Car Loan,51,2017-09-11,48,Defaulted,ICICI Bank
REC012855,PER04694,Personal Loan,42,2023-03-06,12,Repaid,IDBI Bank
REC012856,PER04694,Personal Loan,20,2011-05-28,48,Defaulted,IDBI Bank
REC012857,PER04694,Personal Loan,72,2014-12-27,24,Repaid,Yes Bank
REC012858,PER04696,Gold Loan,9,2013-08-24,36,Active,Bajaj Finserv
REC012859,PER04696,Consumer Durable Loan,10,2014-06-01,12,Defaulted,Tata Capital
REC012860,PER04696,Personal Loan,31,2020-10-05,24,Defaulted,Union Bank
REC012861,PER04698,Personal Loan,21,2024-07-04,60,Active,IDBI Bank
REC012862,PER04698,Personal Loan,50,2019-10-03,12,Repaid,PNB
REC012863,PER04699,Consumer Durable Loan,11,2017-02-01,60,Repaid,Bank of Baroda
REC012864,PER04699,Business Loan,115,2019-06-14,60,Repaid,PNB
REC012865,PER04701,Car Loan,45,2012-02-13,84,Repaid,Tata Capital
REC012866,PER04701,Personal Loan,83,2014-12-05,12,Active,Yes Bank
REC012867,PER04702,Car Loan,34,2011-11-21,60,Repaid,IDBI Bank
REC012868,PER04703,Personal Loan,55,2020-05-09,24,Repaid,LIC Housing Finance
REC012869,PER04703,Personal Loan,18,2023-02-14,36,Active,Yes Bank
REC012870,PER04705,Personal Loan,53,2025-08-09,60,Repaid,PNB
REC012871,PER04705,Car Loan,101,2017-04-05,48,Repaid,ICICI Bank
REC012872,PER04705,Home Loan,278,2022-02-06,360,Repaid,Canara Bank
REC012873,PER04706,Personal Loan,40,2015-11-08,60,Repaid,Axis Bank
REC012874,PER04706,Home Loan,226,2011-09-08,240,Repaid,PNB
REC012875,PER04707,Education Loan,31,2025-08-24,60,Repaid,PNB
REC012876,PER04707,Consumer Durable Loan,20,2010-08-09,36,Active,Yes Bank
REC012877,PER04707,Home Loan,198,2020-07-18,360,Repaid,ICICI Bank
REC012878,PER04707,Personal Loan,21,2017-02-15,36,Repaid,Canara Bank
REC012879,PER04707,Personal Loan,15,2012-10-27,60,Active,Tata Capital
REC012880,PER04707,Personal Loan,24,2025-01-05,24,Repaid,Canara Bank
REC012881,PER04708,Car Loan,73,2023-02-26,84,Repaid,ICICI Bank
REC012882,PER04709,Personal Loan,15,2024-02-06,24,Defaulted,Bajaj Finserv
REC012883,PER04710,Car Loan,69,2014-07-22,48,Active,HDFC Bank
REC012884,PER04710,Home Loan,178,2024-01-01,180,Repaid,SBI
REC012885,PER04711,Two-Wheeler Loan,10,2012-02-10,24,Defaulted,IndusInd Bank
REC012886,PER04712,Car Loan,42,2022-01-18,84,Active,LIC Housing Finance
REC012887,PER04712,Home Loan,419,2014-11-24,120,Repaid,Kotak Mahindra
REC012888,PER04712,Personal Loan,24,2013-03-14,60,Active,PNB
REC012889,PER04712,Two-Wheeler Loan,6,2014-01-10,60,Repaid,Kotak Mahindra
REC012890,PER04712,Car Loan,92,2011-06-28,48,Repaid,LIC Housing Finance
REC012891,PER04713,Personal Loan,10,2014-11-20,48,Repaid,SBI
REC012892,PER04713,Education Loan,30,2022-01-26,48,Repaid,Yes Bank
REC012893,PER04713,Personal Loan,100,2010-11-12,12,Active,ICICI Bank
REC012894,PER04713,Car Loan,43,2013-09-06,36,Repaid,IDBI Bank
REC012895,PER04714,Home Loan,309,2021-06-03,300,Active,Canara Bank
REC012896,PER04714,Two-Wheeler Loan,13,2024-10-07,60,Repaid,Bank of Baroda
REC012897,PER04714,Home Loan,90,2017-03-03,300,Repaid,Bajaj Finserv
REC012898,PER04714,Home Loan,207,2024-07-24,180,Repaid,PNB
REC012899,PER04714,Business Loan,120,2013-10-16,12,Repaid,LIC Housing Finance
REC012900,PER04714,Car Loan,35,2016-02-02,60,Repaid,Canara Bank
REC012901,PER04715,Home Loan,176,2013-01-07,360,Repaid,Canara Bank
REC012902,PER04716,Two-Wheeler Loan,5,2016-12-09,36,Repaid,Bajaj Finserv
REC012903,PER04716,Gold Loan,9,2019-05-13,12,Repaid,LIC Housing Finance
REC012904,PER04716,Business Loan,299,2012-03-14,48,Repaid,Bank of Baroda
REC012905,PER04717,Home Loan,114,2018-11-15,180,Repaid,Axis Bank
REC012906,PER04717,Personal Loan,20,2023-04-02,36,Repaid,Yes Bank
REC012907,PER04717,Business Loan,68,2015-07-08,60,Repaid,SBI
REC012908,PER04718,Home Loan,96,2014-01-18,240,Defaulted,Bank of Baroda
REC012909,PER04718,Gold Loan,6,2025-12-19,24,Active,IDBI Bank
REC012910,PER04718,Two-Wheeler Loan,2,2010-07-02,12,Defaulted,HDFC Bank
REC012911,PER04718,Car Loan,75,2014-03-03,84,Defaulted,IDBI Bank
REC012912,PER04719,Education Loan,48,2023-02-12,36,Defaulted,Kotak Mahindra
REC012913,PER04719,Car Loan,51,2023-02-26,36,Active,Bank of Baroda
REC012914,PER04719,Home Loan,152,2011-08-26,300,Active,Canara Bank
REC012915,PER04719,Car Loan,34,2013-06-19,84,Defaulted,IndusInd Bank
REC012916,PER04721,Home Loan,94,2019-02-06,120,Defaulted,SBI
REC012917,PER04721,Business Loan,138,2023-04-17,12,Defaulted,Tata Capital
REC012918,PER04721,Home Loan,224,2021-12-06,180,Defaulted,Axis Bank
REC012919,PER04722,Home Loan,329,2013-07-01,120,Repaid,ICICI Bank
REC012920,PER04722,Home Loan,75,2011-03-21,300,Defaulted,PNB
REC012921,PER04722,Personal Loan,44,2022-05-14,24,Defaulted,ICICI Bank
REC012922,PER04722,Business Loan,137,2022-06-13,60,Repaid,Yes Bank
REC012923,PER04722,Car Loan,66,2013-05-17,36,Defaulted,IDBI Bank
REC012924,PER04723,Personal Loan,18,2016-10-06,24,Repaid,Kotak Mahindra
REC012925,PER04723,Business Loan,162,2011-09-12,48,Repaid,Kotak Mahindra
REC012926,PER04723,Home Loan,294,2012-09-21,360,Repaid,Bajaj Finserv
REC012927,PER04724,Education Loan,57,2020-07-16,48,Active,IDBI Bank
REC012928,PER04724,Home Loan,127,2014-06-03,180,Repaid,SBI
REC012929,PER04724,Home Loan,132,2018-12-23,240,Repaid,SBI
REC012930,PER04724,Home Loan,192,2010-12-05,180,Active,Kotak Mahindra
REC012931,PER04725,Car Loan,38,2011-01-20,36,Repaid,ICICI Bank
REC012932,PER04726,Car Loan,71,2010-04-20,36,Active,IndusInd Bank
REC012933,PER04726,Car Loan,77,2019-01-21,60,Active,SBI
REC012934,PER04727,Education Loan,33,2015-02-10,84,Repaid,Union Bank
REC012935,PER04727,Personal Loan,11,2018-10-03,24,Defaulted,Axis Bank
REC012936,PER04729,Two-Wheeler Loan,4,2024-09-22,12,Defaulted,Axis Bank
REC012937,PER04729,Home Loan,167,2014-09-16,360,Repaid,SBI
REC012938,PER04729,Personal Loan,66,2018-10-12,12,Active,Union Bank
REC012939,PER04730,Car Loan,28,2010-01-24,84,Repaid,LIC Housing Finance
REC012940,PER04730,Gold Loan,11,2017-12-09,12,Repaid,Union Bank
REC012941,PER04730,Personal Loan,19,2019-04-21,60,Repaid,HDFC Bank
REC012942,PER04730,Personal Loan,46,2021-10-27,24,Active,Canara Bank
REC012943,PER04731,Two-Wheeler Loan,7,2022-11-08,48,Repaid,Tata Capital
REC012944,PER04731,Business Loan,52,2021-09-07,12,Repaid,Canara Bank
REC012945,PER04731,Personal Loan,9,2011-01-24,60,Repaid,IndusInd Bank
REC012946,PER04731,Personal Loan,20,2010-12-25,48,Defaulted,Canara Bank
REC012947,PER04732,Personal Loan,23,2012-11-14,60,Active,ICICI Bank
REC012948,PER04732,Two-Wheeler Loan,3,2023-03-25,48,Repaid,Yes Bank
REC012949,PER04733,Gold Loan,18,2024-04-17,60,Defaulted,SBI
REC012950,PER04733,Personal Loan,23,2014-04-28,36,Repaid,ICICI Bank
REC012951,PER04733,Car Loan,71,2012-02-20,48,Defaulted,Canara Bank
REC012952,PER04734,Personal Loan,22,2022-07-06,48,Repaid,HDFC Bank
REC012953,PER04734,Business Loan,222,2014-11-18,12,Active,Canara Bank
REC012954,PER04734,Home Loan,120,2016-12-20,180,Active,Yes Bank
REC012955,PER04735,Consumer Durable Loan,5,2017-09-24,24,Repaid,Yes Bank
REC012956,PER04736,Home Loan,246,2020-01-15,300,Defaulted,Bajaj Finserv
REC012957,PER04736,Home Loan,295,2024-03-18,240,Defaulted,Bank of Baroda
REC012958,PER04737,Car Loan,76,2012-12-26,60,Active,IDBI Bank
REC012959,PER04738,Car Loan,55,2019-05-26,36,Repaid,Bajaj Finserv
REC012960,PER04738,Education Loan,69,2022-01-09,48,Repaid,Bajaj Finserv
REC012961,PER04739,Home Loan,103,2011-05-14,360,Repaid,Yes Bank
REC012962,PER04739,Car Loan,69,2020-09-04,84,Defaulted,IDBI Bank
REC012963,PER04739,Education Loan,62,2020-01-26,60,Defaulted,Bank of Baroda
REC012964,PER04739,Personal Loan,45,2021-04-03,12,Defaulted,Kotak Mahindra
REC012965,PER04739,Car Loan,34,2010-09-18,36,Repaid,HDFC Bank
REC012966,PER04740,Home Loan,324,2022-02-21,120,Defaulted,Yes Bank
REC012967,PER04740,Car Loan,76,2010-12-17,60,Defaulted,Canara Bank
REC012968,PER04740,Personal Loan,49,2024-01-18,12,Active,LIC Housing Finance
REC012969,PER04741,Home Loan,204,2020-05-13,300,Active,Yes Bank
REC012970,PER04742,Personal Loan,36,2024-06-04,36,Repaid,PNB
REC012971,PER04743,Personal Loan,36,2018-10-16,36,Defaulted,SBI
REC012972,PER04743,Home Loan,202,2014-04-02,240,Defaulted,LIC Housing Finance
REC012973,PER04743,Home Loan,167,2020-05-19,360,Repaid,Bank of Baroda
REC012974,PER04744,Personal Loan,52,2015-07-16,48,Repaid,Bank of Baroda
REC012975,PER04744,Home Loan,152,2020-01-06,360,Repaid,IndusInd Bank
REC012976,PER04744,Home Loan,343,2011-08-20,300,Repaid,LIC Housing Finance
REC012977,PER04745,Business Loan,365,2014-07-27,48,Repaid,Union Bank
REC012978,PER04745,Gold Loan,13,2014-04-26,12,Repaid,Kotak Mahindra
REC012979,PER04746,Education Loan,72,2021-11-19,36,Defaulted,PNB
REC012980,PER04746,Car Loan,23,2016-07-23,48,Repaid,Bank of Baroda
REC012981,PER04746,Home Loan,237,2014-03-07,240,Active,ICICI Bank
REC012982,PER04747,Home Loan,127,2019-05-18,300,Repaid,Bajaj Finserv
REC012983,PER04747,Personal Loan,33,2022-10-17,12,Repaid,IndusInd Bank
REC012984,PER04747,Home Loan,213,2022-07-27,120,Active,PNB
REC012985,PER04748,Education Loan,30,2017-02-01,84,Active,Kotak Mahindra
REC012986,PER04748,Car Loan,74,2010-08-05,60,Repaid,Canara Bank
REC012987,PER04749,Personal Loan,48,2016-11-09,24,Repaid,Canara Bank
REC012988,PER04749,Home Loan,180,2013-09-04,300,Active,Yes Bank
REC012989,PER04750,Education Loan,42,2024-08-24,84,Repaid,ICICI Bank
REC012990,PER04750,Business Loan,101,2015-09-15,24,Active,ICICI Bank
REC012991,PER04750,Education Loan,56,2014-02-01,84,Active,LIC Housing Finance
REC012992,PER04751,Home Loan,181,2012-11-18,120,Repaid,Axis Bank
REC012993,PER04751,Personal Loan,31,2012-04-09,12,Repaid,Tata Capital
REC012994,PER04751,Gold Loan,8,2013-09-11,24,Repaid,HDFC Bank
REC012995,PER04751,Home Loan,205,2014-08-07,360,Active,HDFC Bank
REC012996,PER04752,Home Loan,204,2023-12-25,120,Active,Tata Capital
REC012997,PER04752,Two-Wheeler Loan,6,2022-07-15,24,Active,Union Bank
REC012998,PER04752,Gold Loan,4,2015-03-06,60,Defaulted,ICICI Bank
REC012999,PER04752,Personal Loan,28,2022-07-15,48,Defaulted,HDFC Bank
REC013000,PER04752,Car Loan,66,2021-11-06,48,Repaid,Tata Capital
REC013001,PER04752,Personal Loan,32,2020-09-03,12,Active,HDFC Bank
REC013002,PER04753,Personal Loan,86,2010-01-20,12,Defaulted,Kotak Mahindra
REC013003,PER04753,Business Loan,48,2013-11-24,60,Active,ICICI Bank
REC013004,PER04754,Home Loan,379,2023-11-03,360,Defaulted,Tata Capital
REC013005,PER04754,Business Loan,41,2022-10-06,36,Repaid,PNB
REC013006,PER04755,Home Loan,241,2010-03-09,120,Repaid,Axis Bank
REC013007,PER04755,Education Loan,127,2019-03-13,36,Defaulted,Bajaj Finserv
REC013008,PER04757,Personal Loan,15,2020-01-19,12,Defaulted,IDBI Bank
REC013009,PER04757,Personal Loan,24,2021-02-16,24,Defaulted,ICICI Bank
REC013010,PER04757,Home Loan,129,2010-12-12,300,Repaid,Union Bank
REC013011,PER04757,Personal Loan,26,2015-08-18,48,Defaulted,Tata Capital
REC013012,PER04757,Education Loan,25,2023-08-20,48,Repaid,ICICI Bank
REC013013,PER04759,Home Loan,176,2022-06-10,240,Repaid,Union Bank
REC013014,PER04760,Gold Loan,5,2022-09-15,24,Repaid,PNB
REC013015,PER04760,Personal Loan,23,2015-09-12,48,Active,IndusInd Bank
REC013016,PER04762,Car Loan,51,2017-02-21,60,Defaulted,ICICI Bank
REC013017,PER04762,Business Loan,304,2011-05-23,12,Active,SBI
REC013018,PER04763,Consumer Durable Loan,10,2016-01-04,48,Active,ICICI Bank
REC013019,PER04764,Personal Loan,29,2020-01-06,60,Repaid,Axis Bank
REC013020,PER04764,Personal Loan,52,2015-07-25,60,Defaulted,Bajaj Finserv
REC013021,PER04765,Personal Loan,88,2018-08-13,12,Repaid,Axis Bank
REC013022,PER04765,Personal Loan,36,2018-08-13,12,Repaid,HDFC Bank
REC013023,PER04765,Home Loan,405,2015-04-05,360,Repaid,PNB
REC013024,PER04766,Car Loan,75,2013-01-15,36,Active,Bank of Baroda
REC013025,PER04767,Education Loan,85,2014-05-05,36,Repaid,ICICI Bank
REC013026,PER04767,Education Loan,26,2018-07-19,36,Repaid,Kotak Mahindra
REC013027,PER04767,Business Loan,49,2010-07-12,12,Active,SBI
REC013028,PER04767,Home Loan,63,2014-05-08,120,Repaid,Union Bank
REC013029,PER04768,Personal Loan,69,2023-12-24,24,Active,Kotak Mahindra
REC013030,PER04768,Home Loan,68,2023-10-15,240,Repaid,Bajaj Finserv
REC013031,PER04768,Personal Loan,32,2019-12-15,48,Repaid,Yes Bank
REC013032,PER04769,Two-Wheeler Loan,7,2010-05-18,24,Active,Bank of Baroda
REC013033,PER04769,Home Loan,173,2024-04-16,120,Repaid,LIC Housing Finance
REC013034,PER04770,Education Loan,30,2018-03-01,84,Active,Yes Bank
REC013035,PER04770,Home Loan,119,2017-10-28,120,Repaid,IndusInd Bank
REC013036,PER04770,Home Loan,136,2023-02-21,120,Active,Kotak Mahindra
REC013037,PER04771,Two-Wheeler Loan,9,2013-02-04,48,Defaulted,Union Bank
REC013038,PER04771,Home Loan,145,2015-01-04,300,Repaid,PNB
REC013039,PER04771,Home Loan,180,2013-09-16,240,Repaid,Union Bank
REC013040,PER04771,Car Loan,73,2020-04-17,36,Repaid,SBI
REC013041,PER04771,Gold Loan,5,2018-12-21,12,Active,LIC Housing Finance
REC013042,PER04771,Education Loan,58,2024-06-27,36,Repaid,IndusInd Bank
REC013043,PER04772,Home Loan,101,2025-08-05,360,Repaid,ICICI Bank
REC013044,PER04772,Personal Loan,70,2017-01-05,24,Active,IndusInd Bank
REC013045,PER04772,Personal Loan,22,2018-11-07,24,Active,Union Bank
REC013046,PER04773,Personal Loan,65,2015-11-12,12,Repaid,IndusInd Bank
REC013047,PER04773,Home Loan,243,2019-10-26,120,Repaid,LIC Housing Finance
REC013048,PER04774,Home Loan,321,2024-09-22,360,Repaid,IDBI Bank
REC013049,PER04774,Home Loan,91,2010-07-06,180,Defaulted,PNB
REC013050,PER04774,Business Loan,126,2024-04-08,36,Repaid,IndusInd Bank
REC013051,PER04775,Personal Loan,20,2015-07-22,36,Repaid,Tata Capital
REC013052,PER04775,Personal Loan,37,2020-04-04,12,Active,IndusInd Bank
REC013053,PER04775,Home Loan,378,2013-02-24,360,Repaid,IndusInd Bank
REC013054,PER04776,Personal Loan,20,2025-11-25,36,Active,IDBI Bank
REC013055,PER04776,Business Loan,98,2023-01-22,60,Repaid,Kotak Mahindra
REC013056,PER04778,Personal Loan,19,2018-12-19,60,Repaid,SBI
REC013057,PER04778,Personal Loan,40,2011-10-14,12,Active,HDFC Bank
REC013058,PER04779,Personal Loan,23,2020-10-20,24,Active,Axis Bank
REC013059,PER04779,Home Loan,74,2018-08-04,180,Repaid,Canara Bank
REC013060,PER04779,Education Loan,99,2020-07-10,36,Repaid,Bajaj Finserv
REC013061,PER04780,Car Loan,42,2013-05-27,84,Repaid,IDBI Bank
REC013062,PER04780,Gold Loan,7,2020-11-09,48,Defaulted,Canara Bank
REC013063,PER04781,Personal Loan,22,2020-04-23,12,Repaid,ICICI Bank
REC013064,PER04781,Business Loan,147,2021-07-08,48,Repaid,Yes Bank
REC013065,PER04781,Personal Loan,59,2021-12-13,48,Repaid,IndusInd Bank
REC013066,PER04781,Home Loan,250,2015-12-03,300,Repaid,IDBI Bank
REC013067,PER04781,Personal Loan,36,2019-07-14,36,Repaid,Yes Bank
REC013068,PER04781,Education Loan,43,2020-09-24,84,Repaid,Union Bank
REC013069,PER04781,Gold Loan,5,2017-01-10,48,Repaid,IndusInd Bank
REC013070,PER04782,Personal Loan,11,2011-08-10,24,Defaulted,PNB
REC013071,PER04782,Home Loan,324,2025-07-18,300,Repaid,SBI
REC013072,PER04782,Home Loan,272,2016-08-21,180,Active,Bajaj Finserv
REC013073,PER04783,Home Loan,321,2014-07-01,240,Repaid,Canara Bank
REC013074,PER04783,Personal Loan,21,2011-08-16,24,Active,Axis Bank
REC013075,PER04783,Personal Loan,49,2020-10-26,60,Repaid,Canara Bank
REC013076,PER04783,Personal Loan,49,2013-05-25,48,Active,Union Bank
REC013077,PER04783,Car Loan,75,2023-01-08,60,Repaid,Axis Bank
REC013078,PER04783,Consumer Durable Loan,16,2011-10-26,48,Repaid,Yes Bank
REC013079,PER04784,Gold Loan,8,2025-03-21,36,Repaid,Kotak Mahindra
REC013080,PER04784,Two-Wheeler Loan,8,2017-05-06,48,Repaid,Tata Capital
REC013081,PER04784,Business Loan,52,2015-12-09,12,Active,Axis Bank
REC013082,PER04784,Home Loan,265,2012-02-28,300,Active,Tata Capital
REC013083,PER04785,Personal Loan,52,2020-04-03,48,Repaid,Canara Bank
REC013084,PER04785,Two-Wheeler Loan,10,2023-07-07,60,Repaid,IDBI Bank
REC013085,PER04786,Home Loan,339,2019-11-15,120,Repaid,Yes Bank
REC013086,PER04786,Consumer Durable Loan,3,2012-01-16,48,Repaid,Union Bank
REC013087,PER04787,Home Loan,87,2010-11-15,360,Repaid,Canara Bank
REC013088,PER04787,Personal Loan,28,2014-01-16,36,Repaid,Yes Bank
REC013089,PER04788,Home Loan,255,2021-09-09,180,Repaid,LIC Housing Finance
REC013090,PER04788,Personal Loan,32,2013-10-16,24,Active,ICICI Bank
REC013091,PER04789,Personal Loan,44,2022-07-02,48,Active,Axis Bank
REC013092,PER04789,Education Loan,97,2021-03-24,36,Active,Canara Bank
REC013093,PER04789,Personal Loan,35,2015-02-10,24,Defaulted,PNB
REC013094,PER04789,Personal Loan,25,2012-04-15,48,Defaulted,IDBI Bank
REC013095,PER04789,Car Loan,36,2015-07-04,60,Defaulted,Kotak Mahindra
REC013096,PER04790,Education Loan,56,2023-04-15,36,Repaid,PNB
REC013097,PER04791,Home Loan,445,2020-10-16,360,Repaid,PNB
REC013098,PER04791,Consumer Durable Loan,14,2017-06-20,60,Active,ICICI Bank
REC013099,PER04791,Personal Loan,42,2021-08-04,60,Repaid,Tata Capital
REC013100,PER04792,Personal Loan,24,2020-10-14,48,Repaid,Tata Capital
REC013101,PER04792,Home Loan,303,2022-07-01,300,Repaid,Tata Capital
REC013102,PER04792,Car Loan,43,2025-02-13,60,Active,Bank of Baroda
REC013103,PER04793,Education Loan,45,2023-10-13,48,Active,Bank of Baroda
REC013104,PER04793,Business Loan,97,2025-09-19,48,Repaid,Axis Bank
REC013105,PER04794,Personal Loan,29,2013-06-14,12,Defaulted,Bajaj Finserv
REC013106,PER04795,Car Loan,79,2016-08-02,48,Repaid,Canara Bank
REC013107,PER04795,Home Loan,315,2023-01-15,120,Active,IndusInd Bank
REC013108,PER04796,Home Loan,153,2017-11-08,120,Repaid,Kotak Mahindra
REC013109,PER04796,Car Loan,48,2021-01-06,36,Repaid,Union Bank
REC013110,PER04797,Personal Loan,10,2021-09-03,48,Repaid,Union Bank
REC013111,PER04797,Home Loan,460,2023-02-05,360,Repaid,IDBI Bank
REC013112,PER04798,Two-Wheeler Loan,8,2019-08-08,36,Active,Kotak Mahindra
REC013113,PER04798,Home Loan,169,2013-05-21,300,Repaid,HDFC Bank
REC013114,PER04798,Home Loan,162,2011-05-03,180,Repaid,HDFC Bank
REC013115,PER04799,Two-Wheeler Loan,24,2012-05-06,24,Active,SBI
REC013116,PER04800,Business Loan,111,2012-11-19,48,Repaid,HDFC Bank
REC013117,PER04800,Car Loan,43,2025-02-01,60,Defaulted,IndusInd Bank
REC013118,PER04800,Home Loan,136,2020-04-15,240,Repaid,Axis Bank
REC013119,PER04801,Gold Loan,6,2023-04-24,60,Repaid,IndusInd Bank
REC013120,PER04801,Home Loan,457,2010-01-28,240,Repaid,PNB
REC013121,PER04801,Home Loan,265,2013-12-19,360,Defaulted,Axis Bank
REC013122,PER04801,Home Loan,217,2023-06-02,180,Defaulted,Axis Bank
REC013123,PER04802,Education Loan,31,2010-06-21,48,Active,IDBI Bank
REC013124,PER04802,Home Loan,482,2010-04-09,360,Repaid,SBI
REC013125,PER04802,Business Loan,28,2014-11-06,48,Repaid,SBI
REC013126,PER04802,Personal Loan,29,2017-08-26,60,Active,SBI
REC013127,PER04802,Education Loan,47,2012-06-22,48,Active,Yes Bank
REC013128,PER04802,Car Loan,43,2024-03-16,84,Repaid,PNB
REC013129,PER04803,Personal Loan,18,2023-09-17,60,Repaid,SBI
REC013130,PER04804,Gold Loan,26,2011-09-06,48,Defaulted,Union Bank
REC013131,PER04804,Personal Loan,26,2025-09-04,48,Repaid,SBI
REC013132,PER04804,Personal Loan,21,2018-07-14,12,Repaid,Union Bank
REC013133,PER04804,Home Loan,105,2017-09-20,240,Defaulted,Axis Bank
REC013134,PER04805,Two-Wheeler Loan,2,2012-09-12,60,Repaid,Bank of Baroda
REC013135,PER04806,Personal Loan,33,2011-04-24,48,Repaid,SBI
REC013136,PER04807,Personal Loan,56,2013-10-27,24,Repaid,SBI
REC013137,PER04807,Home Loan,129,2024-09-07,300,Repaid,IndusInd Bank
REC013138,PER04808,Home Loan,132,2022-04-24,240,Repaid,Yes Bank
REC013139,PER04808,Car Loan,53,2014-01-27,84,Repaid,Bank of Baroda
REC013140,PER04808,Personal Loan,15,2014-09-13,60,Repaid,Kotak Mahindra
REC013141,PER04808,Car Loan,44,2017-05-03,36,Repaid,IDBI Bank
REC013142,PER04809,Gold Loan,7,2012-02-10,12,Active,Yes Bank
REC013143,PER04809,Personal Loan,46,2011-04-28,36,Repaid,Tata Capital
REC013144,PER04810,Home Loan,318,2023-09-10,300,Active,Bajaj Finserv
REC013145,PER04810,Business Loan,20,2017-12-17,24,Repaid,LIC Housing Finance
REC013146,PER04810,Home Loan,225,2018-07-01,180,Active,LIC Housing Finance
REC013147,PER04811,Car Loan,102,2010-03-06,60,Defaulted,Canara Bank
REC013148,PER04811,Car Loan,31,2010-07-01,36,Active,PNB
REC013149,PER04811,Car Loan,86,2022-04-26,36,Defaulted,Union Bank
REC013150,PER04811,Education Loan,34,2022-06-26,36,Active,Canara Bank
REC013151,PER04811,Home Loan,93,2017-12-26,240,Defaulted,Bajaj Finserv
REC013152,PER04811,Personal Loan,81,2023-10-19,36,Active,Bajaj Finserv
REC013153,PER04812,Business Loan,135,2019-11-19,24,Repaid,Axis Bank
REC013154,PER04812,Home Loan,141,2022-12-21,240,Repaid,Yes Bank
REC013155,PER04812,Gold Loan,11,2018-10-25,60,Active,Canara Bank
REC013156,PER04812,Education Loan,24,2017-05-20,48,Repaid,Bajaj Finserv
REC013157,PER04813,Personal Loan,78,2021-12-06,24,Repaid,Canara Bank
REC013158,PER04814,Personal Loan,22,2017-11-01,24,Repaid,Yes Bank
REC013159,PER04814,Home Loan,643,2022-03-06,120,Active,HDFC Bank
REC013160,PER04814,Gold Loan,19,2019-03-08,24,Repaid,LIC Housing Finance
REC013161,PER04815,Car Loan,114,2011-05-23,36,Repaid,Union Bank
REC013162,PER04816,Car Loan,38,2019-10-25,60,Repaid,Kotak Mahindra
REC013163,PER04817,Personal Loan,25,2012-10-24,48,Active,Bank of Baroda
REC013164,PER04817,Education Loan,81,2022-07-19,48,Active,Canara Bank
REC013165,PER04817,Personal Loan,10,2015-03-26,60,Repaid,Canara Bank
REC013166,PER04817,Home Loan,217,2021-08-03,240,Repaid,Bank of Baroda
REC013167,PER04818,Home Loan,299,2018-11-13,120,Active,HDFC Bank
REC013168,PER04818,Home Loan,137,2019-08-19,300,Active,LIC Housing Finance
REC013169,PER04819,Personal Loan,17,2024-06-05,12,Repaid,Union Bank
REC013170,PER04819,Two-Wheeler Loan,8,2025-10-19,12,Repaid,Kotak Mahindra
REC013171,PER04820,Home Loan,161,2012-03-13,180,Defaulted,Kotak Mahindra
REC013172,PER04820,Home Loan,210,2012-06-11,180,Defaulted,Union Bank
REC013173,PER04820,Car Loan,33,2025-10-19,48,Active,IndusInd Bank
REC013174,PER04821,Car Loan,68,2025-09-27,84,Repaid,IndusInd Bank
REC013175,PER04822,Home Loan,163,2018-09-21,360,Defaulted,PNB
REC013176,PER04822,Two-Wheeler Loan,9,2013-04-25,60,Defaulted,Canara Bank
REC013177,PER04822,Home Loan,150,2010-06-15,240,Repaid,Kotak Mahindra
REC013178,PER04822,Home Loan,184,2011-04-12,240,Repaid,ICICI Bank
REC013179,PER04823,Two-Wheeler Loan,9,2023-09-25,48,Repaid,IndusInd Bank
REC013180,PER04823,Car Loan,53,2022-09-27,48,Repaid,Bajaj Finserv
REC013181,PER04824,Home Loan,105,2025-08-26,120,Repaid,Tata Capital
REC013182,PER04824,Consumer Durable Loan,11,2022-02-01,60,Active,LIC Housing Finance
REC013183,PER04825,Car Loan,40,2019-01-04,48,Defaulted,PNB
REC013184,PER04825,Education Loan,20,2020-09-20,36,Repaid,Yes Bank
REC013185,PER04826,Car Loan,50,2021-03-22,48,Repaid,Axis Bank
REC013186,PER04826,Personal Loan,100,2015-10-25,24,Defaulted,Canara Bank
REC013187,PER04826,Home Loan,187,2016-09-05,300,Repaid,SBI
REC013188,PER04826,Gold Loan,5,2025-11-25,60,Repaid,Tata Capital
REC013189,PER04826,Personal Loan,41,2012-01-26,24,Repaid,IndusInd Bank
REC013190,PER04826,Home Loan,148,2010-01-14,120,Repaid,Kotak Mahindra
REC013191,PER04827,Consumer Durable Loan,8,2023-07-28,48,Active,PNB
REC013192,PER04827,Home Loan,190,2011-08-01,240,Repaid,Kotak Mahindra
REC013193,PER04828,Business Loan,79,2019-03-05,60,Repaid,LIC Housing Finance
REC013194,PER04828,Car Loan,32,2016-01-06,48,Repaid,IDBI Bank
REC013195,PER04828,Car Loan,36,2017-08-08,36,Active,LIC Housing Finance
REC013196,PER04829,Gold Loan,7,2012-12-09,60,Repaid,Yes Bank
REC013197,PER04829,Personal Loan,19,2012-08-24,24,Repaid,IDBI Bank
REC013198,PER04829,Personal Loan,27,2021-08-15,36,Repaid,ICICI Bank
REC013199,PER04830,Personal Loan,31,2014-06-01,60,Repaid,PNB
REC013200,PER04830,Personal Loan,31,2019-02-01,60,Defaulted,Axis Bank
REC013201,PER04831,Car Loan,103,2019-02-09,60,Active,Bajaj Finserv
REC013202,PER04832,Home Loan,161,2010-08-15,300,Repaid,IDBI Bank
REC013203,PER04832,Business Loan,95,2016-07-03,60,Repaid,Axis Bank
REC013204,PER04832,Personal Loan,63,2013-04-27,48,Active,Canara Bank
REC013205,PER04832,Gold Loan,11,2013-05-12,12,Repaid,Canara Bank
REC013206,PER04833,Home Loan,204,2015-03-06,240,Active,SBI
REC013207,PER04833,Personal Loan,93,2015-08-28,48,Repaid,Bank of Baroda
REC013208,PER04834,Home Loan,256,2019-02-01,360,Defaulted,LIC Housing Finance
REC013209,PER04834,Car Loan,43,2019-08-22,60,Repaid,IndusInd Bank
REC013210,PER04835,Home Loan,158,2024-08-05,240,Repaid,Tata Capital
REC013211,PER04835,Personal Loan,36,2025-08-23,36,Repaid,Tata Capital
REC013212,PER04835,Personal Loan,31,2018-06-08,48,Repaid,Canara Bank
REC013213,PER04835,Home Loan,99,2014-04-11,240,Active,PNB
REC013214,PER04836,Home Loan,269,2024-01-26,360,Repaid,IDBI Bank
REC013215,PER04836,Personal Loan,18,2010-10-27,12,Repaid,IDBI Bank
REC013216,PER04836,Gold Loan,10,2012-07-25,60,Defaulted,Union Bank
REC013217,PER04836,Business Loan,129,2018-02-18,36,Repaid,Bank of Baroda
REC013218,PER04836,Consumer Durable Loan,6,2011-01-02,24,Repaid,LIC Housing Finance
REC013219,PER04836,Home Loan,57,2015-09-09,240,Active,Union Bank
REC013220,PER04836,Personal Loan,38,2023-09-13,48,Repaid,Union Bank
REC013221,PER04836,Personal Loan,31,2010-06-05,60,Defaulted,Union Bank
REC013222,PER04837,Home Loan,202,2023-11-24,180,Repaid,Yes Bank
REC013223,PER04837,Consumer Durable Loan,6,2018-01-05,24,Repaid,IDBI Bank
REC013224,PER04837,Education Loan,38,2012-10-01,48,Repaid,IDBI Bank
REC013225,PER04837,Personal Loan,66,2016-08-07,48,Active,SBI
REC013226,PER04838,Home Loan,358,2025-10-27,180,Repaid,IDBI Bank
REC013227,PER04838,Personal Loan,38,2010-05-08,12,Active,Bank of Baroda
REC013228,PER04839,Education Loan,52,2014-02-01,84,Repaid,Axis Bank
REC013229,PER04840,Home Loan,283,2014-10-16,240,Defaulted,Canara Bank
REC013230,PER04840,Home Loan,151,2020-09-22,240,Repaid,Yes Bank
REC013231,PER04840,Personal Loan,14,2011-08-15,24,Defaulted,Bank of Baroda
REC013232,PER04841,Home Loan,388,2021-10-06,240,Repaid,ICICI Bank
REC013233,PER04841,Education Loan,77,2025-07-28,60,Repaid,Axis Bank
REC013234,PER04841,Personal Loan,48,2018-05-08,24,Defaulted,HDFC Bank
REC013235,PER04841,Education Loan,45,2016-11-07,36,Repaid,Tata Capital
REC013236,PER04841,Two-Wheeler Loan,11,2018-09-08,60,Active,IndusInd Bank
REC013237,PER04841,Car Loan,64,2014-07-14,60,Active,Canara Bank
REC013238,PER04841,Gold Loan,10,2021-03-19,60,Active,Canara Bank
REC013239,PER04841,Car Loan,29,2018-05-21,36,Repaid,Bajaj Finserv
REC013240,PER04842,Home Loan,133,2013-01-01,300,Repaid,PNB
REC013241,PER04842,Home Loan,162,2010-07-17,180,Repaid,Canara Bank
REC013242,PER04842,Personal Loan,21,2025-10-27,36,Repaid,Union Bank
REC013243,PER04843,Education Loan,19,2023-07-12,60,Defaulted,Kotak Mahindra
REC013244,PER04843,Home Loan,198,2016-10-16,180,Defaulted,Bajaj Finserv
REC013245,PER04843,Car Loan,41,2022-10-14,48,Repaid,Yes Bank
REC013246,PER04843,Personal Loan,33,2012-10-04,36,Active,Union Bank
REC013247,PER04843,Home Loan,201,2010-06-04,360,Repaid,Yes Bank
REC013248,PER04844,Personal Loan,26,2019-12-16,36,Active,Bajaj Finserv
REC013249,PER04845,Education Loan,20,2015-10-23,84,Repaid,LIC Housing Finance
REC013250,PER04845,Education Loan,30,2025-03-06,60,Repaid,IndusInd Bank
REC013251,PER04845,Home Loan,204,2021-10-16,180,Repaid,IndusInd Bank
REC013252,PER04845,Personal Loan,27,2023-11-27,12,Repaid,ICICI Bank
REC013253,PER04846,Personal Loan,49,2014-10-13,60,Active,Bajaj Finserv
REC013254,PER04846,Gold Loan,21,2014-11-16,12,Active,Union Bank
REC013255,PER04847,Personal Loan,51,2019-11-22,48,Repaid,IndusInd Bank
REC013256,PER04847,Car Loan,37,2025-08-20,60,Repaid,IDBI Bank
REC013257,PER04848,Two-Wheeler Loan,6,2018-05-12,36,Repaid,IndusInd Bank
REC013258,PER04848,Car Loan,42,2013-11-08,84,Repaid,Union Bank
REC013259,PER04848,Personal Loan,33,2025-06-04,24,Defaulted,Canara Bank
REC013260,PER04848,Business Loan,119,2025-03-10,48,Repaid,HDFC Bank
REC013261,PER04848,Education Loan,16,2022-10-15,36,Defaulted,Kotak Mahindra
REC013262,PER04849,Gold Loan,8,2023-09-18,48,Defaulted,Union Bank
REC013263,PER04849,Home Loan,102,2016-07-18,240,Active,SBI
REC013264,PER04850,Business Loan,151,2011-07-08,48,Repaid,Canara Bank
REC013265,PER04850,Education Loan,51,2015-09-24,84,Repaid,Yes Bank
REC013266,PER04850,Business Loan,103,2019-09-13,24,Active,Bank of Baroda
REC013267,PER04850,Consumer Durable Loan,7,2017-08-05,36,Repaid,PNB
REC013268,PER04850,Home Loan,215,2017-03-17,180,Repaid,Kotak Mahindra
REC013269,PER04850,Two-Wheeler Loan,5,2013-04-28,48,Repaid,PNB
REC013270,PER04850,Personal Loan,9,2016-03-11,48,Repaid,Kotak Mahindra
REC013271,PER04851,Home Loan,134,2016-10-18,180,Repaid,PNB
REC013272,PER04851,Personal Loan,12,2018-04-06,60,Repaid,Union Bank
REC013273,PER04852,Home Loan,204,2022-11-16,240,Active,IndusInd Bank
REC013274,PER04852,Home Loan,155,2025-08-08,180,Active,SBI
REC013275,PER04853,Home Loan,95,2019-04-06,120,Repaid,Canara Bank
REC013276,PER04854,Car Loan,79,2019-05-23,36,Defaulted,PNB
REC013277,PER04854,Personal Loan,50,2016-03-27,48,Repaid,IDBI Bank
REC013278,PER04855,Personal Loan,63,2023-03-19,60,Active,Union Bank
REC013279,PER04855,Business Loan,26,2019-02-05,12,Repaid,Union Bank
REC013280,PER04856,Car Loan,50,2015-11-11,84,Repaid,IDBI Bank
REC013281,PER04856,Gold Loan,16,2016-11-14,24,Repaid,LIC Housing Finance
REC013282,PER04856,Car Loan,51,2018-03-16,84,Repaid,SBI
REC013283,PER04857,Car Loan,40,2013-01-01,84,Repaid,SBI
REC013284,PER04857,Education Loan,37,2019-12-21,60,Active,SBI
REC013285,PER04858,Home Loan,209,2020-05-05,300,Repaid,Bank of Baroda
REC013286,PER04858,Personal Loan,14,2012-10-05,48,Repaid,SBI
REC013287,PER04858,Education Loan,65,2025-07-14,84,Active,Bajaj Finserv
REC013288,PER04858,Home Loan,147,2022-08-11,360,Repaid,IDBI Bank
REC013289,PER04858,Car Loan,24,2015-09-15,48,Repaid,Canara Bank
REC013290,PER04859,Car Loan,29,2018-10-05,36,Repaid,Bank of Baroda
REC013291,PER04859,Car Loan,37,2025-12-08,48,Active,HDFC Bank
REC013292,PER04859,Business Loan,81,2022-10-24,60,Defaulted,Tata Capital
REC013293,PER04859,Car Loan,51,2023-11-28,84,Defaulted,IDBI Bank
REC013294,PER04859,Personal Loan,22,2010-01-08,24,Defaulted,ICICI Bank
REC013295,PER04861,Consumer Durable Loan,7,2018-08-04,36,Repaid,Canara Bank
REC013296,PER04861,Home Loan,211,2010-08-13,300,Repaid,Bajaj Finserv
REC013297,PER04862,Consumer Durable Loan,16,2015-12-28,12,Repaid,Canara Bank
REC013298,PER04862,Car Loan,49,2015-03-28,36,Active,Bank of Baroda
REC013299,PER04862,Home Loan,118,2012-01-10,120,Active,Yes Bank
REC013300,PER04862,Personal Loan,30,2016-01-02,60,Active,Bank of Baroda
REC013301,PER04864,Home Loan,182,2023-04-06,300,Repaid,Axis Bank
REC013302,PER04864,Business Loan,99,2011-08-02,12,Defaulted,Union Bank
REC013303,PER04865,Home Loan,98,2018-04-15,360,Defaulted,HDFC Bank
REC013304,PER04865,Home Loan,180,2024-10-19,300,Repaid,Axis Bank
REC013305,PER04865,Car Loan,83,2019-09-20,48,Active,HDFC Bank
REC013306,PER04866,Home Loan,271,2024-10-18,240,Repaid,HDFC Bank
REC013307,PER04866,Gold Loan,13,2024-10-16,24,Repaid,Union Bank
REC013308,PER04866,Home Loan,221,2025-11-13,240,Repaid,SBI
REC013309,PER04866,Home Loan,241,2012-08-04,120,Repaid,HDFC Bank
REC013310,PER04866,Personal Loan,9,2023-08-26,12,Repaid,IndusInd Bank
REC013311,PER04867,Personal Loan,46,2016-06-03,60,Active,HDFC Bank
REC013312,PER04868,Two-Wheeler Loan,5,2013-05-20,12,Repaid,SBI
REC013313,PER04868,Home Loan,104,2015-06-13,120,Repaid,Axis Bank
REC013314,PER04868,Business Loan,63,2020-11-10,48,Repaid,Union Bank
REC013315,PER04868,Home Loan,178,2010-01-03,120,Active,ICICI Bank
REC013316,PER04868,Personal Loan,19,2012-07-16,36,Repaid,Tata Capital
REC013317,PER04869,Education Loan,81,2012-08-19,60,Repaid,Bank of Baroda
REC013318,PER04869,Home Loan,474,2023-08-06,300,Active,Kotak Mahindra
REC013319,PER04869,Personal Loan,51,2010-01-10,24,Active,LIC Housing Finance
REC013320,PER04870,Home Loan,364,2012-12-13,180,Repaid,HDFC Bank
REC013321,PER04870,Home Loan,187,2018-05-12,180,Active,HDFC Bank
REC013322,PER04870,Personal Loan,15,2017-02-15,24,Repaid,HDFC Bank
REC013323,PER04870,Education Loan,24,2018-11-13,60,Repaid,Canara Bank
REC013324,PER04871,Personal Loan,11,2022-09-03,12,Repaid,PNB
REC013325,PER04872,Business Loan,31,2021-10-05,48,Active,SBI
REC013326,PER04872,Business Loan,72,2011-01-22,48,Repaid,LIC Housing Finance
REC013327,PER04872,Home Loan,170,2023-05-14,120,Defaulted,Union Bank
REC013328,PER04872,Personal Loan,30,2022-03-06,48,Repaid,LIC Housing Finance
REC013329,PER04872,Personal Loan,23,2011-08-09,36,Repaid,Tata Capital
REC013330,PER04873,Car Loan,30,2012-12-15,36,Defaulted,HDFC Bank
REC013331,PER04873,Home Loan,274,2019-02-21,120,Repaid,IndusInd Bank
REC013332,PER04873,Home Loan,329,2016-11-25,120,Repaid,PNB
REC013333,PER04873,Home Loan,430,2025-12-03,300,Active,Bajaj Finserv
REC013334,PER04873,Education Loan,61,2013-01-16,48,Active,SBI
REC013335,PER04873,Home Loan,76,2021-02-04,240,Repaid,LIC Housing Finance
REC013336,PER04874,Business Loan,87,2013-05-27,60,Defaulted,Bajaj Finserv
REC013337,PER04874,Home Loan,182,2021-01-25,120,Defaulted,Yes Bank
REC013338,PER04875,Personal Loan,69,2023-06-10,60,Active,Kotak Mahindra
REC013339,PER04875,Personal Loan,44,2024-12-08,12,Active,Bajaj Finserv
REC013340,PER04876,Home Loan,184,2023-11-02,180,Active,Yes Bank
REC013341,PER04876,Personal Loan,34,2012-03-03,60,Repaid,LIC Housing Finance
REC013342,PER04876,Business Loan,76,2014-04-11,24,Active,Yes Bank
REC013343,PER04876,Home Loan,135,2016-03-06,120,Repaid,Canara Bank
REC013344,PER04876,Home Loan,283,2025-02-10,360,Repaid,Union Bank
REC013345,PER04877,Car Loan,29,2023-04-16,48,Defaulted,Canara Bank
REC013346,PER04877,Education Loan,57,2022-06-21,84,Defaulted,PNB
REC013347,PER04877,Home Loan,459,2025-07-17,240,Defaulted,Bank of Baroda
REC013348,PER04877,Consumer Durable Loan,9,2016-07-26,60,Active,Tata Capital
REC013349,PER04877,Home Loan,170,2012-11-17,240,Active,IndusInd Bank
REC013350,PER04878,Personal Loan,43,2023-10-28,48,Active,ICICI Bank
REC013351,PER04878,Business Loan,102,2011-06-06,36,Defaulted,Canara Bank
REC013352,PER04878,Home Loan,279,2023-11-13,300,Repaid,HDFC Bank
REC013353,PER04879,Personal Loan,39,2012-10-03,24,Active,Bajaj Finserv
REC013354,PER04879,Personal Loan,25,2013-06-21,24,Defaulted,Canara Bank
REC013355,PER04879,Home Loan,120,2012-11-27,360,Repaid,IndusInd Bank
REC013356,PER04880,Home Loan,111,2019-07-25,240,Active,Bank of Baroda
REC013357,PER04880,Personal Loan,12,2024-04-19,12,Repaid,HDFC Bank
REC013358,PER04881,Personal Loan,30,2023-12-13,60,Repaid,LIC Housing Finance
REC013359,PER04881,Personal Loan,51,2017-10-26,60,Repaid,Kotak Mahindra
REC013360,PER04881,Car Loan,42,2025-03-14,36,Active,SBI
REC013361,PER04881,Education Loan,73,2025-01-10,36,Repaid,Tata Capital
REC013362,PER04881,Personal Loan,100,2017-03-19,36,Repaid,ICICI Bank
REC013363,PER04882,Home Loan,128,2012-02-03,360,Repaid,Union Bank
REC013364,PER04883,Personal Loan,48,2024-07-23,12,Active,Tata Capital
REC013365,PER04883,Personal Loan,38,2017-11-13,48,Repaid,LIC Housing Finance
REC013366,PER04884,Car Loan,85,2025-09-26,48,Repaid,SBI
REC013367,PER04884,Home Loan,305,2017-06-06,360,Repaid,Bank of Baroda
REC013368,PER04884,Business Loan,50,2020-07-20,48,Active,Yes Bank
REC013369,PER04885,Business Loan,90,2017-03-18,48,Defaulted,Canara Bank
REC013370,PER04885,Home Loan,100,2015-04-07,360,Active,Bajaj Finserv
REC013371,PER04885,Education Loan,39,2019-06-27,60,Active,LIC Housing Finance
REC013372,PER04886,Home Loan,176,2012-08-12,240,Repaid,IndusInd Bank
REC013373,PER04886,Business Loan,42,2016-10-06,24,Active,Axis Bank
REC013374,PER04886,Education Loan,55,2024-10-18,48,Repaid,ICICI Bank
REC013375,PER04886,Business Loan,108,2021-04-19,12,Repaid,SBI
REC013376,PER04886,Home Loan,248,2017-09-19,360,Repaid,Union Bank
REC013377,PER04886,Car Loan,100,2022-10-07,60,Active,IDBI Bank
REC013378,PER04886,Home Loan,198,2023-05-24,120,Active,ICICI Bank
REC013379,PER04887,Personal Loan,19,2022-07-25,60,Active,Union Bank
REC013380,PER04887,Car Loan,48,2023-09-15,60,Active,LIC Housing Finance
REC013381,PER04887,Personal Loan,38,2015-08-08,12,Repaid,Bank of Baroda
REC013382,PER04888,Gold Loan,11,2015-09-13,36,Active,IDBI Bank
REC013383,PER04889,Home Loan,381,2015-01-09,360,Defaulted,SBI
REC013384,PER04889,Home Loan,114,2022-09-08,180,Active,HDFC Bank
REC013385,PER04889,Personal Loan,15,2025-08-20,24,Active,LIC Housing Finance
REC013386,PER04889,Personal Loan,11,2016-04-05,48,Repaid,Axis Bank
REC013387,PER04890,Car Loan,27,2014-02-17,36,Active,Tata Capital
REC013388,PER04890,Home Loan,117,2012-05-10,300,Repaid,Yes Bank
REC013389,PER04890,Education Loan,117,2020-01-17,36,Repaid,Bank of Baroda
REC013390,PER04890,Personal Loan,32,2011-05-25,60,Active,Tata Capital
REC013391,PER04891,Personal Loan,18,2017-05-05,36,Active,Bajaj Finserv
REC013392,PER04891,Car Loan,52,2022-12-22,36,Repaid,PNB
REC013393,PER04891,Education Loan,68,2014-12-12,36,Active,IDBI Bank
REC013394,PER04892,Home Loan,83,2014-06-12,360,Defaulted,IDBI Bank
REC013395,PER04892,Gold Loan,7,2016-09-02,12,Repaid,IndusInd Bank
REC013396,PER04892,Home Loan,50,2012-07-08,300,Active,Canara Bank
REC013397,PER04893,Business Loan,153,2014-08-08,48,Defaulted,Kotak Mahindra
REC013398,PER04893,Education Loan,86,2020-08-08,84,Repaid,IndusInd Bank
REC013399,PER04893,Education Loan,65,2018-12-12,60,Repaid,Bank of Baroda
REC013400,PER04894,Home Loan,221,2016-01-02,240,Repaid,IndusInd Bank
REC013401,PER04895,Gold Loan,8,2015-11-20,60,Repaid,Kotak Mahindra
REC013402,PER04896,Home Loan,242,2012-05-16,180,Repaid,IndusInd Bank
REC013403,PER04896,Car Loan,37,2012-12-19,36,Active,Kotak Mahindra
REC013404,PER04896,Education Loan,62,2023-10-20,84,Repaid,Kotak Mahindra
REC013405,PER04897,Home Loan,124,2010-03-19,120,Defaulted,Bank of Baroda
REC013406,PER04897,Personal Loan,39,2011-09-02,48,Active,Union Bank
REC013407,PER04897,Personal Loan,27,2024-04-08,24,Defaulted,ICICI Bank
REC013408,PER04897,Home Loan,156,2021-01-20,300,Active,IDBI Bank
REC013409,PER04897,Education Loan,44,2012-04-20,60,Repaid,ICICI Bank
REC013410,PER04898,Car Loan,63,2025-08-15,60,Defaulted,Bajaj Finserv
REC013411,PER04899,Car Loan,59,2015-12-17,48,Active,Bajaj Finserv
REC013412,PER04900,Home Loan,208,2023-07-19,300,Repaid,IDBI Bank
REC013413,PER04900,Personal Loan,15,2011-09-16,24,Repaid,IndusInd Bank
REC013414,PER04900,Car Loan,61,2021-11-02,36,Repaid,Tata Capital
REC013415,PER04900,Personal Loan,66,2019-05-03,36,Defaulted,IDBI Bank
REC013416,PER04900,Gold Loan,17,2025-12-28,12,Active,Bank of Baroda
REC013417,PER04901,Home Loan,124,2012-08-15,180,Active,Kotak Mahindra
REC013418,PER04901,Gold Loan,9,2016-07-01,60,Defaulted,Kotak Mahindra
REC013419,PER04901,Education Loan,21,2010-11-02,60,Repaid,Kotak Mahindra
REC013420,PER04901,Car Loan,43,2025-04-12,36,Active,Union Bank
REC013421,PER04903,Consumer Durable Loan,8,2018-02-27,48,Defaulted,LIC Housing Finance
REC013422,PER04903,Home Loan,77,2013-06-01,300,Repaid,ICICI Bank
REC013423,PER04903,Home Loan,80,2017-05-23,240,Defaulted,ICICI Bank
REC013424,PER04903,Car Loan,44,2019-05-06,48,Active,Tata Capital
REC013425,PER04904,Personal Loan,38,2022-06-09,60,Repaid,SBI
REC013426,PER04904,Personal Loan,27,2020-06-06,36,Repaid,PNB
REC013427,PER04907,Home Loan,176,2023-05-09,240,Active,PNB
REC013428,PER04907,Education Loan,29,2016-05-02,48,Active,Kotak Mahindra
REC013429,PER04908,Home Loan,168,2021-06-13,240,Defaulted,Bank of Baroda
REC013430,PER04908,Gold Loan,13,2012-08-24,24,Defaulted,IndusInd Bank
REC013431,PER04909,Gold Loan,5,2012-03-11,36,Defaulted,Kotak Mahindra
REC013432,PER04910,Car Loan,58,2014-04-20,48,Repaid,IDBI Bank
REC013433,PER04910,Home Loan,175,2015-08-15,300,Repaid,IndusInd Bank
REC013434,PER04910,Home Loan,344,2025-08-19,360,Repaid,LIC Housing Finance
REC013435,PER04910,Home Loan,201,2020-11-05,300,Repaid,Bank of Baroda
REC013436,PER04910,Business Loan,64,2010-03-01,36,Repaid,IDBI Bank
REC013437,PER04911,Home Loan,279,2014-11-14,120,Repaid,Canara Bank
REC013438,PER04911,Car Loan,52,2015-03-02,48,Repaid,Kotak Mahindra
REC013439,PER04911,Personal Loan,22,2012-04-05,60,Repaid,Bank of Baroda
REC013440,PER04911,Two-Wheeler Loan,7,2013-03-11,60,Repaid,Bajaj Finserv
REC013441,PER04912,Personal Loan,67,2018-02-19,24,Repaid,LIC Housing Finance
REC013442,PER04912,Personal Loan,12,2023-07-17,48,Repaid,PNB
REC013443,PER04913,Education Loan,15,2024-08-05,36,Repaid,Bajaj Finserv
REC013444,PER04913,Personal Loan,31,2023-10-05,24,Defaulted,IndusInd Bank
REC013445,PER04913,Personal Loan,19,2019-09-10,12,Defaulted,Tata Capital
REC013446,PER04914,Business Loan,71,2012-05-25,60,Defaulted,PNB
REC013447,PER04914,Home Loan,51,2013-09-03,240,Repaid,LIC Housing Finance
REC013448,PER04915,Personal Loan,21,2024-02-22,24,Active,Axis Bank
REC013449,PER04915,Consumer Durable Loan,2,2020-06-15,60,Repaid,PNB
REC013450,PER04915,Home Loan,130,2015-06-11,120,Active,HDFC Bank
REC013451,PER04916,Business Loan,50,2024-02-26,48,Repaid,IDBI Bank
REC013452,PER04917,Personal Loan,6,2015-10-23,36,Repaid,SBI
REC013453,PER04917,Car Loan,32,2013-09-23,84,Defaulted,Tata Capital
REC013454,PER04917,Home Loan,173,2018-04-08,120,Active,Canara Bank
REC013455,PER04917,Education Loan,53,2017-06-22,84,Defaulted,LIC Housing Finance
REC013456,PER04917,Home Loan,184,2010-04-10,240,Defaulted,PNB
REC013457,PER04918,Personal Loan,19,2022-04-11,36,Active,HDFC Bank
REC013458,PER04918,Home Loan,317,2011-11-03,300,Repaid,IDBI Bank
REC013459,PER04918,Personal Loan,12,2013-01-24,36,Active,Tata Capital
REC013460,PER04919,Home Loan,129,2022-08-05,120,Defaulted,Kotak Mahindra
REC013461,PER04919,Home Loan,144,2019-11-10,360,Defaulted,PNB
REC013462,PER04920,Car Loan,78,2016-08-11,84,Repaid,HDFC Bank
REC013463,PER04920,Home Loan,251,2013-02-07,360,Repaid,Axis Bank
REC013464,PER04921,Personal Loan,36,2024-01-05,48,Repaid,ICICI Bank
REC013465,PER04921,Consumer Durable Loan,13,2025-12-28,36,Repaid,Canara Bank
REC013466,PER04922,Personal Loan,87,2021-04-06,24,Repaid,LIC Housing Finance
REC013467,PER04923,Gold Loan,8,2025-07-25,36,Repaid,Bajaj Finserv
REC013468,PER04923,Business Loan,41,2019-12-10,60,Defaulted,IDBI Bank
REC013469,PER04924,Personal Loan,34,2013-10-12,60,Repaid,ICICI Bank
REC013470,PER04924,Personal Loan,47,2021-08-02,24,Active,IndusInd Bank
REC013471,PER04925,Home Loan,144,2012-04-05,240,Repaid,IndusInd Bank
REC013472,PER04925,Home Loan,284,2014-05-21,300,Repaid,IndusInd Bank
REC013473,PER04925,Personal Loan,25,2016-09-23,60,Repaid,SBI
REC013474,PER04926,Home Loan,217,2025-07-17,120,Defaulted,PNB
REC013475,PER04926,Personal Loan,38,2017-03-07,36,Repaid,SBI
REC013476,PER04926,Personal Loan,16,2024-05-22,12,Active,Axis Bank
REC013477,PER04926,Home Loan,213,2015-06-28,240,Repaid,SBI
REC013478,PER04927,Personal Loan,49,2018-11-06,36,Active,ICICI Bank
REC013479,PER04927,Two-Wheeler Loan,14,2024-03-04,36,Repaid,Bank of Baroda
REC013480,PER04927,Education Loan,31,2011-02-05,60,Repaid,SBI
REC013481,PER04928,Car Loan,88,2015-11-12,60,Active,Yes Bank
REC013482,PER04928,Car Loan,43,2010-10-08,48,Repaid,Bajaj Finserv
REC013483,PER04928,Two-Wheeler Loan,8,2014-12-16,60,Active,ICICI Bank
REC013484,PER04928,Business Loan,50,2013-01-23,48,Active,IDBI Bank
REC013485,PER04928,Car Loan,53,2017-04-09,84,Defaulted,ICICI Bank
REC013486,PER04929,Personal Loan,32,2015-10-08,48,Defaulted,Axis Bank
REC013487,PER04929,Business Loan,185,2025-07-04,12,Repaid,IndusInd Bank
REC013488,PER04929,Personal Loan,27,2020-12-15,24,Repaid,Tata Capital
REC013489,PER04929,Personal Loan,30,2018-06-20,36,Repaid,PNB
REC013490,PER04930,Personal Loan,21,2012-10-25,60,Defaulted,PNB
REC013491,PER04930,Consumer Durable Loan,3,2013-10-21,60,Defaulted,Axis Bank
REC013492,PER04930,Personal Loan,100,2020-12-15,12,Defaulted,ICICI Bank
REC013493,PER04931,Personal Loan,24,2015-01-01,12,Repaid,Bank of Baroda
REC013494,PER04931,Car Loan,68,2010-01-25,48,Active,Bajaj Finserv
REC013495,PER04932,Car Loan,43,2018-06-04,36,Repaid,Tata Capital
REC013496,PER04932,Home Loan,185,2014-09-08,120,Defaulted,LIC Housing Finance
REC013497,PER04933,Home Loan,98,2019-01-23,120,Repaid,HDFC Bank
REC013498,PER04934,Car Loan,76,2019-07-13,36,Repaid,IndusInd Bank
REC013499,PER04935,Home Loan,360,2013-02-03,360,Active,HDFC Bank
REC013500,PER04935,Personal Loan,28,2010-04-18,24,Active,Axis Bank
REC013501,PER04935,Personal Loan,45,2013-02-13,24,Defaulted,Bank of Baroda
REC013502,PER04935,Personal Loan,48,2025-06-26,48,Active,Canara Bank
REC013503,PER04936,Car Loan,50,2012-02-01,48,Repaid,HDFC Bank
REC013504,PER04936,Car Loan,35,2012-03-13,36,Repaid,Bajaj Finserv
REC013505,PER04938,Personal Loan,29,2021-04-25,36,Repaid,Axis Bank
REC013506,PER04938,Car Loan,88,2010-10-15,84,Active,ICICI Bank
REC013507,PER04939,Home Loan,334,2021-06-13,360,Defaulted,IDBI Bank
REC013508,PER04939,Car Loan,41,2010-08-03,84,Active,Canara Bank
REC013509,PER04940,Personal Loan,28,2016-08-01,48,Repaid,Axis Bank
REC013510,PER04940,Education Loan,36,2013-07-17,36,Repaid,Tata Capital
REC013511,PER04941,Car Loan,43,2020-01-07,48,Repaid,Canara Bank
REC013512,PER04942,Home Loan,175,2019-05-10,120,Repaid,IDBI Bank
REC013513,PER04942,Home Loan,276,2021-09-05,360,Repaid,IndusInd Bank
REC013514,PER04942,Personal Loan,16,2013-02-13,24,Active,Tata Capital
REC013515,PER04943,Personal Loan,58,2018-03-26,36,Active,Union Bank
REC013516,PER04944,Home Loan,270,2013-08-25,240,Defaulted,Yes Bank
REC013517,PER04944,Gold Loan,17,2024-02-19,60,Active,Bank of Baroda
REC013518,PER04944,Home Loan,230,2015-12-27,240,Active,HDFC Bank
REC013519,PER04944,Home Loan,452,2022-02-27,180,Repaid,SBI
REC013520,PER04945,Personal Loan,13,2017-08-22,48,Repaid,Bank of Baroda
REC013521,PER04945,Home Loan,152,2010-07-25,120,Repaid,ICICI Bank
REC013522,PER04945,Education Loan,80,2011-03-09,36,Active,Yes Bank
REC013523,PER04945,Personal Loan,12,2025-11-02,48,Repaid,IndusInd Bank
REC013524,PER04946,Personal Loan,39,2014-09-23,48,Repaid,PNB
REC013525,PER04946,Home Loan,303,2022-06-09,360,Repaid,PNB
REC013526,PER04946,Gold Loan,4,2017-09-04,36,Active,Yes Bank
REC013527,PER04948,Personal Loan,90,2013-12-19,12,Active,ICICI Bank
REC013528,PER04949,Car Loan,59,2025-01-16,36,Repaid,Yes Bank
REC013529,PER04949,Car Loan,91,2014-02-10,84,Active,Bank of Baroda
REC013530,PER04950,Gold Loan,12,2015-01-02,24,Active,Union Bank
REC013531,PER04950,Personal Loan,34,2011-06-22,24,Active,Yes Bank
REC013532,PER04950,Car Loan,38,2020-09-11,48,Active,HDFC Bank
REC013533,PER04951,Car Loan,37,2024-02-23,84,Repaid,Tata Capital
REC013534,PER04952,Car Loan,59,2024-12-09,60,Repaid,IDBI Bank
REC013535,PER04952,Business Loan,103,2020-06-26,24,Active,SBI
REC013536,PER04953,Home Loan,224,2025-02-07,120,Repaid,IDBI Bank
REC013537,PER04953,Two-Wheeler Loan,2,2019-03-27,36,Repaid,LIC Housing Finance
REC013538,PER04953,Personal Loan,62,2022-05-01,60,Repaid,Kotak Mahindra
REC013539,PER04954,Personal Loan,43,2015-02-08,60,Active,Tata Capital
REC013540,PER04954,Home Loan,91,2025-05-09,240,Active,Union Bank
REC013541,PER04955,Business Loan,28,2017-07-01,12,Repaid,HDFC Bank
REC013542,PER04955,Home Loan,195,2019-02-26,300,Repaid,Union Bank
REC013543,PER04955,Car Loan,50,2019-02-14,48,Repaid,Tata Capital
REC013544,PER04955,Education Loan,26,2017-02-22,60,Repaid,Union Bank
REC013545,PER04956,Personal Loan,19,2017-05-16,12,Repaid,IDBI Bank
REC013546,PER04957,Personal Loan,49,2024-02-15,24,Active,Tata Capital
REC013547,PER04957,Car Loan,42,2012-12-22,48,Active,PNB
REC013548,PER04957,Personal Loan,7,2014-08-15,36,Active,Yes Bank
REC013549,PER04957,Home Loan,264,2022-03-21,180,Active,IndusInd Bank
REC013550,PER04957,Car Loan,76,2023-10-19,84,Active,Kotak Mahindra
REC013551,PER04957,Personal Loan,55,2010-06-12,12,Active,IDBI Bank
REC013552,PER04957,Home Loan,508,2021-01-19,120,Repaid,SBI
REC013553,PER04957,Business Loan,86,2024-09-07,60,Repaid,PNB
REC013554,PER04958,Business Loan,127,2016-10-07,36,Active,Bajaj Finserv
REC013555,PER04958,Personal Loan,13,2018-10-07,48,Active,LIC Housing Finance
REC013556,PER04958,Personal Loan,19,2015-05-03,12,Active,Axis Bank
REC013557,PER04958,Two-Wheeler Loan,10,2024-11-20,60,Active,Yes Bank
REC013558,PER04958,Gold Loan,12,2012-12-06,36,Active,Tata Capital
REC013559,PER04959,Home Loan,463,2021-01-23,240,Active,Axis Bank
REC013560,PER04959,Home Loan,217,2011-04-10,300,Active,IndusInd Bank
REC013561,PER04960,Personal Loan,98,2015-02-21,24,Repaid,HDFC Bank
REC013562,PER04962,Business Loan,41,2011-03-11,36,Active,IndusInd Bank
REC013563,PER04962,Car Loan,54,2024-10-06,60,Active,ICICI Bank
REC013564,PER04963,Two-Wheeler Loan,4,2024-07-21,48,Defaulted,LIC Housing Finance
REC013565,PER04963,Personal Loan,18,2024-09-23,60,Repaid,Union Bank
REC013566,PER04963,Business Loan,59,2020-07-13,36,Active,Yes Bank
REC013567,PER04964,Car Loan,41,2013-09-04,60,Active,IndusInd Bank
REC013568,PER04964,Personal Loan,37,2022-12-14,12,Defaulted,Axis Bank
REC013569,PER04965,Car Loan,35,2019-12-05,48,Active,PNB
REC013570,PER04965,Car Loan,63,2012-03-16,48,Repaid,Axis Bank
REC013571,PER04966,Business Loan,69,2021-10-18,48,Repaid,PNB
REC013572,PER04966,Personal Loan,19,2025-04-21,48,Repaid,Tata Capital
REC013573,PER04966,Home Loan,98,2012-12-08,300,Defaulted,SBI
REC013574,PER04966,Two-Wheeler Loan,7,2025-10-14,60,Repaid,ICICI Bank
REC013575,PER04966,Education Loan,16,2015-09-14,36,Repaid,Bajaj Finserv
REC013576,PER04967,Consumer Durable Loan,10,2023-12-22,60,Active,Tata Capital
REC013577,PER04967,Education Loan,32,2023-02-09,60,Repaid,Bajaj Finserv
REC013578,PER04968,Business Loan,143,2016-01-20,60,Active,SBI
REC013579,PER04970,Home Loan,221,2015-04-13,240,Defaulted,Axis Bank
REC013580,PER04970,Education Loan,77,2018-07-19,84,Defaulted,Tata Capital
REC013581,PER04971,Home Loan,179,2023-02-09,300,Active,Kotak Mahindra
REC013582,PER04972,Car Loan,48,2016-03-16,36,Repaid,IDBI Bank
REC013583,PER04972,Personal Loan,35,2016-04-26,60,Repaid,HDFC Bank
REC013584,PER04972,Gold Loan,22,2014-03-04,60,Repaid,Axis Bank
REC013585,PER04974,Personal Loan,30,2018-01-01,36,Repaid,Axis Bank
REC013586,PER04974,Home Loan,345,2019-02-22,360,Active,Axis Bank
REC013587,PER04974,Personal Loan,23,2024-07-07,12,Repaid,PNB
REC013588,PER04974,Home Loan,397,2017-11-25,300,Active,PNB
REC013589,PER04974,Personal Loan,13,2011-04-09,12,Repaid,Bank of Baroda
REC013590,PER04976,Car Loan,39,2018-05-15,48,Defaulted,LIC Housing Finance
REC013591,PER04977,Personal Loan,17,2018-01-26,24,Defaulted,IndusInd Bank
REC013592,PER04979,Home Loan,57,2024-07-08,180,Active,Canara Bank
REC013593,PER04979,Car Loan,78,2020-05-09,84,Repaid,IDBI Bank
REC013594,PER04980,Personal Loan,77,2025-10-15,48,Active,Axis Bank
REC013595,PER04980,Home Loan,313,2018-03-24,120,Repaid,Union Bank
REC013596,PER04981,Personal Loan,95,2024-07-28,60,Defaulted,Union Bank
REC013597,PER04982,Business Loan,33,2017-06-23,24,Repaid,HDFC Bank
REC013598,PER04982,Business Loan,161,2013-01-27,48,Repaid,PNB
REC013599,PER04982,Personal Loan,35,2016-10-22,48,Active,Union Bank
REC013600,PER04982,Gold Loan,6,2012-05-12,12,Active,Union Bank
REC013601,PER04982,Car Loan,60,2010-09-22,36,Active,ICICI Bank
REC013602,PER04983,Education Loan,59,2024-10-27,48,Repaid,SBI
REC013603,PER04983,Personal Loan,16,2024-03-14,48,Repaid,Axis Bank
REC013604,PER04983,Car Loan,53,2024-08-18,36,Repaid,PNB
REC013605,PER04983,Two-Wheeler Loan,12,2010-06-08,12,Active,Bajaj Finserv
REC013606,PER04983,Personal Loan,19,2025-05-04,36,Repaid,ICICI Bank
REC013607,PER04984,Consumer Durable Loan,3,2021-09-27,24,Active,Axis Bank
REC013608,PER04984,Gold Loan,18,2015-01-04,60,Defaulted,PNB
REC013609,PER04985,Car Loan,55,2024-03-04,36,Defaulted,LIC Housing Finance
REC013610,PER04986,Home Loan,375,2021-11-11,180,Defaulted,HDFC Bank
REC013611,PER04986,Personal Loan,37,2021-10-19,24,Repaid,LIC Housing Finance
REC013612,PER04986,Business Loan,38,2020-07-12,24,Repaid,PNB
REC013613,PER04987,Personal Loan,33,2014-12-10,48,Active,Tata Capital
REC013614,PER04987,Personal Loan,37,2021-09-03,36,Active,Yes Bank
REC013615,PER04987,Car Loan,127,2014-09-07,84,Repaid,Bajaj Finserv
REC013616,PER04988,Car Loan,117,2016-10-01,60,Active,LIC Housing Finance
REC013617,PER04988,Gold Loan,6,2020-03-16,36,Active,IndusInd Bank
REC013618,PER04988,Car Loan,48,2012-12-20,36,Repaid,Canara Bank
REC013619,PER04988,Education Loan,16,2024-10-21,60,Active,ICICI Bank
REC013620,PER04989,Education Loan,26,2014-05-28,48,Defaulted,Bank of Baroda
REC013621,PER04989,Home Loan,150,2019-12-02,240,Active,HDFC Bank
REC013622,PER04990,Car Loan,30,2010-11-22,48,Repaid,Axis Bank
REC013623,PER04991,Home Loan,169,2014-11-17,180,Repaid,ICICI Bank
REC013624,PER04992,Car Loan,47,2025-08-24,84,Repaid,PNB
REC013625,PER04993,Home Loan,190,2014-01-14,360,Active,Yes Bank
REC013626,PER04993,Personal Loan,39,2023-09-01,60,Active,IndusInd Bank
REC013627,PER04994,Personal Loan,24,2020-08-07,24,Defaulted,Canara Bank
REC013628,PER04994,Personal Loan,43,2018-06-20,12,Active,Tata Capital
REC013629,PER04994,Personal Loan,26,2025-03-07,12,Active,Yes Bank
REC013630,PER04994,Education Loan,25,2023-03-20,48,Active,Union Bank
REC013631,PER04995,Personal Loan,17,2020-10-06,60,Repaid,SBI
REC013632,PER04995,Personal Loan,37,2022-04-24,60,Active,Tata Capital
REC013633,PER04995,Personal Loan,41,2010-11-15,60,Active,Bank of Baroda
REC013634,PER04995,Home Loan,315,2015-08-06,180,Active,ICICI Bank
REC013635,PER04995,Home Loan,289,2011-03-05,180,Repaid,LIC Housing Finance
REC013636,PER04995,Car Loan,42,2015-05-12,48,Repaid,LIC Housing Finance
REC013637,PER04995,Car Loan,31,2011-01-05,60,Defaulted,ICICI Bank
REC013638,PER04996,Home Loan,239,2019-02-12,300,Active,Union Bank
REC013639,PER04997,Gold Loan,4,2020-11-23,36,Repaid,SBI
REC013640,PER04997,Personal Loan,30,2015-09-11,48,Repaid,Yes Bank
REC013641,PER04997,Business Loan,134,2014-05-10,60,Defaulted,SBI
REC013642,PER04997,Home Loan,81,2018-04-05,300,Repaid,Union Bank
REC013643,PER04997,Personal Loan,32,2020-03-08,12,Repaid,IDBI Bank
REC013644,PER04998,Education Loan,41,2025-07-08,84,Repaid,Axis Bank
REC013645,PER04998,Home Loan,274,2014-06-10,240,Active,ICICI Bank
REC013646,PER04998,Personal Loan,25,2015-03-20,36,Repaid,Tata Capital
REC013647,PER04998,Business Loan,111,2018-09-11,36,Active,ICICI Bank
REC013648,PER04998,Business Loan,79,2018-07-14,60,Active,HDFC Bank
REC013649,PER04999,Business Loan,78,2024-12-24,48,Active,Kotak Mahindra
REC013650,PER04999,Education Loan,77,2013-12-24,60,Repaid,Yes Bank
REC013651,PER04999,Two-Wheeler Loan,7,2018-05-17,36,Repaid,Axis Bank
REC013652,PER04999,Personal Loan,16,2017-02-05,24,Repaid,IDBI Bank
REC013653,PER04999,Personal Loan,31,2017-03-02,24,Active,IDBI Bank
REC013654,PER04999,Car Loan,68,2023-05-16,48,Repaid,SBI
REC013655,PER05000,Gold Loan,21,2018-02-15,24,Repaid,LIC Housing Finance
REC013656,PER05000,Business Loan,23,2023-05-05,36,Repaid,Yes Bank
REC013657,PER05000,Home Loan,396,2024-12-15,240,Repaid,Canara Bank
REC013658,PER05000,Business Loan,51,2016-04-18,48,Defaulted,Kotak Mahindra
REC013659,PER05000,Two-Wheeler Loan,4,2020-09-03,60,Active,Axis Bank
